Freq.	V(n002)
Step Information: N=1  (Step: 1/10)
1.00000000000000e+02	(-2.03237437550570e-05dB,-1.23945899252495e-01°)
1.01157945425990e+02	(-2.07971434296310e-05dB,-1.25381120567894e-01°)
1.02329299228075e+02	(-2.12815699426550e-05dB,-1.26832960802772e-01°)
1.03514216667934e+02	(-2.17772801462028e-05dB,-1.28301612389519e-01°)
1.04712854805090e+02	(-2.22845368616529e-05dB,-1.29787269988593e-01°)
1.05925372517729e+02	(-2.28036090455575e-05dB,-1.31290130514306e-01°)
1.07151930523761e+02	(-2.33347719072970e-05dB,-1.32810393160920e-01°)
1.08392691402120e+02	(-2.38783070730215e-05dB,-1.34348259429040e-01°)
1.09647819614319e+02	(-2.44345027322347e-05dB,-1.35903933152307e-01°)
1.10917481526240e+02	(-2.50036537776281e-05dB,-1.37477620524413e-01°)
1.12201845430196e+02	(-2.55860619748099e-05dB,-1.39069530126416e-01°)
1.13501081567232e+02	(-2.61820361243190e-05dB,-1.40679872954378e-01°)
1.14815362149688e+02	(-2.67918922082106e-05dB,-1.42308862447316e-01°)
1.16144861384034e+02	(-2.74159535761789e-05dB,-1.43956714515489e-01°)
1.17489755493953e+02	(-2.80545511095020e-05dB,-1.45623647568998e-01°)
1.18850222743702e+02	(-2.87080233907714e-05dB,-1.47309882546723e-01°)
1.20226443461741e+02	(-2.93767168986962e-05dB,-1.49015642945600e-01°)
1.21618600064637e+02	(-3.00609861691544e-05dB,-1.50741154850224e-01°)
1.23026877081238e+02	(-3.07611940092845e-05dB,-1.52486646962808e-01°)
1.24451461177139e+02	(-3.14777116662530e-05dB,-1.54252350633480e-01°)
1.25892541179417e+02	(-3.22109190423105e-05dB,-1.56038499890930e-01°)
1.27350308101666e+02	(-3.29612048838112e-05dB,-1.57845331473421e-01°)
1.28824955169314e+02	(-3.37289669933775e-05dB,-1.59673084860143e-01°)
1.30316677845230e+02	(-3.45146124391714e-05dB,-1.61522002302947e-01°)
1.31825673855641e+02	(-3.53185577709170e-05dB,-1.63392328858433e-01°)
1.33352143216333e+02	(-3.61412292417102e-05dB,-1.65284312420413e-01°)
1.34896288259166e+02	(-3.69830630317566e-05dB,-1.67198203752752e-01°)
1.36458313658893e+02	(-3.78445054798259e-05dB,-1.69134256522586e-01°)
1.38038426460289e+02	(-3.87260133243492e-05dB,-1.71092727333927e-01°)
1.39636836105594e+02	(-3.96280539358389e-05dB,-1.73073875761649e-01°)
1.41253754462276e+02	(-4.05511055820962e-05dB,-1.75077964385880e-01°)
1.42889395851111e+02	(-4.14956576596680e-05dB,-1.77105258826777e-01°)
1.44543977074593e+02	(-4.24622109667706e-05dB,-1.79156027779714e-01°)
1.46217717445672e+02	(-4.34512779713930e-05dB,-1.81230543050875e-01°)
1.47910838816821e+02	(-4.44633830736149e-05dB,-1.83329079593252e-01°)
1.49623565609444e+02	(-4.54990628862480e-05dB,-1.85451915543065e-01°)
1.51356124843621e+02	(-4.65588665251215e-05dB,-1.87599332256604e-01°)
1.53108746168203e+02	(-4.76433558964760e-05dB,-1.89771614347492e-01°)
1.54881661891249e+02	(-4.87531059882157e-05dB,-1.91969049724386e-01°)
1.56675107010815e+02	(-4.98887051871984e-05dB,-1.94191929629102e-01°)
1.58489319246112e+02	(-5.10507555820619e-05dB,-1.96440548675192e-01°)
1.60324539069005e+02	(-5.22398732872676e-05dB,-1.98715204886966e-01°)
1.62181009735893e+02	(-5.34566887632869e-05dB,-2.01016199738955e-01°)
1.64058977319954e+02	(-5.47018471599343e-05dB,-2.03343838195841e-01°)
1.65958690743757e+02	(-5.59760086519859e-05dB,-2.05698428752844e-01°)
1.67880401812257e+02	(-5.72798487902302e-05dB,-2.08080283476576e-01°)
1.69824365246175e+02	(-5.86140588631270e-05dB,-2.10489718046366e-01°)
1.71790838715759e+02	(-5.99793462555753e-05dB,-2.12927051796063e-01°)
1.73780082874938e+02	(-6.13764348327562e-05dB,-2.15392607756327e-01°)
1.75792361395870e+02	(-6.28060653191553e-05dB,-2.17886712697399e-01°)
1.77827941003893e+02	(-6.42689956891589e-05dB,-2.20409697172374e-01°)
1.79887091512879e+02	(-6.57660015740466e-05dB,-2.22961895560968e-01°)
1.81970085860999e+02	(-6.72978766718785e-05dB,-2.25543646113796e-01°)
1.84077200146896e+02	(-6.88654331660637e-05dB,-2.28155290997154e-01°)
1.86208713666287e+02	(-7.04695021555030e-05dB,-2.30797176338326e-01°)
1.88364908948981e+02	(-7.21109340972707e-05dB,-2.33469652271413e-01°)
1.90546071796325e+02	(-7.37905992589420e-05dB,-2.36173072983682e-01°)
1.92752491319094e+02	(-7.55093881767091e-05dB,-2.38907796762466e-01°)
1.94984459975805e+02	(-7.72682121250721e-05dB,-2.41674186042590e-01°)
1.97242273611486e+02	(-7.90680036106413e-05dB,-2.44472607454359e-01°)
1.99526231496889e+02	(-8.09097168534061e-05dB,-2.47303431872086e-01°)
2.01836636368157e+02	(-8.27943282988655e-05dB,-2.50167034463191e-01°)
2.04173794466954e+02	(-8.47228371369129e-05dB,-2.53063794737864e-01°)
2.06538015581054e+02	(-8.66962658322963e-05dB,-2.55994096599296e-01°)
2.08929613085405e+02	(-8.87156606560455e-05dB,-2.58958328394501e-01°)
2.11348903983666e+02	(-9.07820922583714e-05dB,-2.61956882965710e-01°)
2.13796208950224e+02	(-9.28966562174590e-05dB,-2.64990157702373e-01°)
2.16271852372703e+02	(-9.50604736306970e-05dB,-2.68058554593749e-01°)
2.18776162394956e+02	(-9.72746917116966e-05dB,-2.71162480282111e-01°)
2.21309470960565e+02	(-9.95404843892442e-05dB,-2.74302346116562e-01°)
2.23872113856835e+02	(-1.01859052934225e-04dB,-2.77478568207471e-01°)
2.26464430759307e+02	(-1.04231626596193e-04dB,-2.80691567481537e-01°)
2.29086765276778e+02	(-1.06659463257310e-04dB,-2.83941769737492e-01°)
2.31739464996849e+02	(-1.09143850092066e-04dB,-2.87229605702441e-01°)
2.34422881531993e+02	(-1.11686104261733e-04dB,-2.90555511088856e-01°)
2.37137370566167e+02	(-1.14287573596282e-04dB,-2.93919926652225e-01°)
2.39883291901950e+02	(-1.16949637321627e-04dB,-2.97323298249369e-01°)
2.42661009508243e+02	(-1.19673706789781e-04dB,-3.00766076897426e-01°)
2.45470891568504e+02	(-1.22461226216720e-04dB,-3.04248718833520e-01°)
2.48313310529558e+02	(-1.25313673460762e-04dB,-3.07771685575115e-01°)
2.51188643150959e+02	(-1.28232560798065e-04dB,-3.11335443981068e-01°)
2.54097270554932e+02	(-1.31219435722236e-04dB,-3.14940466313381e-01°)
2.57039578276888e+02	(-1.34275881775769e-04dB,-3.18587230299668e-01°)
2.60015956316529e+02	(-1.37403519375717e-04dB,-3.22276219196342e-01°)
2.63026799189540e+02	(-1.40604006684683e-04dB,-3.26007921852530e-01°)
2.66072505979882e+02	(-1.43879040477010e-04dB,-3.29782832774718e-01°)
2.69153480392693e+02	(-1.47230357047409e-04dB,-3.33601452192155e-01°)
2.72270130807793e+02	(-1.50659733134056e-04dB,-3.37464286122992e-01°)
2.75422870333818e+02	(-1.54168986848464e-04dB,-3.41371846441199e-01°)
2.78612116862979e+02	(-1.57759978646817e-04dB,-3.45324650944245e-01°)
2.81838293126447e+02	(-1.61434612312904e-04dB,-3.49323223421555e-01°)
2.85101826750393e+02	(-1.65194835976735e-04dB,-3.53368093723760e-01°)
2.88403150312662e+02	(-1.69042643132210e-04dB,-3.57459797832742e-01°)
2.91742701400119e+02	(-1.72980073697234e-04dB,-3.61598877932486e-01°)
2.95120922666640e+02	(-1.77009215109526e-04dB,-3.65785882480747e-01°)
2.98538261891798e+02	(-1.81132203410871e-04dB,-3.70021366281538e-01°)
3.01995172040204e+02	(-1.85351224394073e-04dB,-3.74305890558462e-01°)
3.05492111321553e+02	(-1.89668514758598e-04dB,-3.78640023028872e-01°)
3.09029543251361e+02	(-1.94086363291311e-04dB,-3.83024337978901e-01°)
3.12607936712398e+02	(-1.98607112083882e-04dB,-3.87459416339340e-01°)
3.16227766016840e+02	(-2.03233157770451e-04dB,-3.91945845762399e-01°)
3.19889510969142e+02	(-2.07966952803895e-04dB,-3.96484220699344e-01°)
3.23593656929630e+02	(-2.12811006743688e-04dB,-4.01075142479028e-01°)
3.27340694878840e+02	(-2.17767887604533e-04dB,-4.05719219387327e-01°)
3.31131121482593e+02	(-2.22840223195376e-04dB,-4.10417066747482e-01°)
3.34965439157830e+02	(-2.28030702527877e-04dB,-4.15169307001375e-01°)
3.38844156139205e+02	(-2.33342077231659e-04dB,-4.19976569791724e-01°)
3.42767786546453e+02	(-2.38777163023582e-04dB,-4.24839492045236e-01°)
3.46736850452534e+02	(-2.44338841184763e-04dB,-4.29758718056703e-01°)
3.50751873952571e+02	(-2.50030060098381e-04dB,-4.34734899574071e-01°)
3.54813389233578e+02	(-2.55853836809685e-04dB,-4.39768695884484e-01°)
3.58921934645008e+02	(-2.61813258622692e-04dB,-4.44860773901308e-01°)
3.63078054770104e+02	(-2.67911484734512e-04dB,-4.50011808252164e-01°)
3.67282300498087e+02	(-2.74151747918903e-04dB,-4.55222481367964e-01°)
3.71535229097175e+02	(-2.80537356221431e-04dB,-4.60493483572969e-01°)
3.75837404288447e+02	(-2.87071694730849e-04dB,-4.65825513175879e-01°)
3.80189396320564e+02	(-2.93758227357269e-04dB,-4.71219276561967e-01°)
3.84591782045357e+02	(-3.00600498679811e-04dB,-4.76675488286271e-01°)
3.89045144994284e+02	(-3.07602135816475e-04dB,-4.82194871167849e-01°)
3.93550075455781e+02	(-3.14766850346132e-04dB,-4.87778156385117e-01°)
3.98107170553500e+02	(-3.22098440280714e-04dB,-4.93426083572279e-01°)
4.02717034325462e+02	(-3.29600792071204e-04dB,-4.99139400916853e-01°)
4.07380277804116e+02	(-3.37277882668648e-04dB,-5.04918865258325e-01°)
4.12097519097334e+02	(-3.45133781626690e-04dB,-5.10765242187924e-01°)
4.16869383470339e+02	(-3.53172653268777e-04dB,-5.16679306149534e-01°)
4.21696503428586e+02	(-3.61398758883393e-04dB,-5.22661840541772e-01°)
4.26579518801596e+02	(-3.69816458981073e-04dB,-5.28713637821221e-01°)
4.31519076827769e+02	(-3.78430215611271e-04dB,-5.34835499606848e-01°)
4.36515832240170e+02	(-3.87244594725598e-04dB,-5.41028236785615e-01°)
4.41570447353316e+02	(-3.96264268579698e-04dB,-5.47292669619292e-01°)
4.46683592150967e+02	(-4.05494018239350e-04dB,-5.53629627852491e-01°)
4.51855944374926e+02	(-4.14938736078947e-04dB,-5.60039950821938e-01°)
4.57088189614879e+02	(-4.24603428395770e-04dB,-5.66524487566982e-01°)
4.62381021399264e+02	(-4.34493218054253e-04dB,-5.73084096941368e-01°)
4.67735141287202e+02	(-4.44613347188198e-04dB,-5.79719647726290e-01°)
4.73151258961485e+02	(-4.54969179999526e-04dB,-5.86432018744722e-01°)
4.78630092322643e+02	(-4.65566205583163e-04dB,-5.93222098977057e-01°)
4.84172367584104e+02	(-4.76410040835937e-04dB,-6.00090787678063e-01°)
4.89778819368451e+02	(-4.87506433428263e-04dB,-6.07038994495166e-01°)
4.95450190804795e+02	(-4.98861264859852e-04dB,-6.14067639588084e-01°)
5.01187233627277e+02	(-5.10480553557002e-04dB,-6.21177653749814e-01°)
5.06990708274709e+02	(-5.22370458076101e-04dB,-6.28369978529004e-01°)
5.12861383991370e+02	(-5.34537280351622e-04dB,-6.35645566353706e-01°)
5.18800038928966e+02	(-5.46987469035876e-04dB,-6.43005380656538e-01°)
5.24807460249778e+02	(-5.59727622924738e-04dB,-6.50450396001270e-01°)
5.30884444230993e+02	(-5.72764494427884e-04dB,-6.57981598210840e-01°)
5.37031796370258e+02	(-5.86104993167458e-04dB,-6.65599984496825e-01°)
5.43250331492438e+02	(-5.99756189618368e-04dB,-6.73306563590379e-01°)
5.49540873857630e+02	(-6.13725318862555e-04dB,-6.81102355874658e-01°)
5.55904257270409e+02	(-6.28019784413848e-04dB,-6.88988393518733e-01°)
5.62341325190355e+02	(-6.42647162132700e-04dB,-6.96965720613035e-01°)
5.68852930843847e+02	(-6.57615204249126e-04dB,-7.05035393306317e-01°)
5.75439937337163e+02	(-6.72931843450484e-04dB,-7.13198479944174e-01°)
5.82103217770877e+02	(-6.88605197090968e-04dB,-7.21456061209120e-01°)
5.88843655355595e+02	(-7.04643571480430e-04dB,-7.29809230262257e-01°)
5.95662143529017e+02	(-7.21055466286266e-04dB,-7.38259092886529e-01°)
6.02559586074364e+02	(-7.37849579028141e-04dB,-7.46806767631606e-01°)
6.09536897240176e+02	(-7.55034809679065e-04dB,-7.55453385960390e-01°)
6.16595001861489e+02	(-7.72620265377644e-04dB,-7.64200092397174e-01°)
6.23734835482426e+02	(-7.90615265246716e-04dB,-7.73048044677472e-01°)
6.30957344480200e+02	(-8.09029345320292e-04dB,-7.81998413899532e-01°)
6.38263486190556e+02	(-8.27872263596200e-04dB,-7.91052384677546e-01°)
6.45654229034662e+02	(-8.47154005188386e-04dB,-8.00211155296595e-01°)
6.53130552647479e+02	(-8.66884787617479e-04dB,-8.09475937869319e-01°)
6.60693448007603e+02	(-8.87075066212627e-04dB,-8.18847958494347e-01°)
6.68343917568622e+02	(-9.07735539642947e-04dB,-8.28328457416513e-01°)
6.76082975391989e+02	(-9.28877155573786e-04dB,-8.37918689188852e-01°)
6.83911647281437e+02	(-9.50511116460343e-04dB,-8.47619922836415e-01°)
6.91830970918944e+02	(-9.72648885468079e-04dB,-8.57433442021918e-01°)
6.99841996002281e+02	(-9.95302192544020e-04dB,-8.67360545213236e-01°)
7.07945784384146e+02	(-1.01848304060140e-03dB,-8.77402545852769e-01°)
7.16143410212910e+02	(-1.04220371188706e-03dB,-8.87560772528696e-01°)
7.24435960074998e+02	(-1.06647677446706e-03dB,-8.97836569148137e-01°)
7.32824533138912e+02	(-1.09131508886616e-03dB,-9.08231295112244e-01°)
7.41310241300926e+02	(-1.11673181487475e-03dB,-9.18746325493234e-01°)
7.49894209332465e+02	(-1.14274041849719e-03dB,-9.29383051213394e-01°)
7.58577575029193e+02	(-1.16935467908401e-03dB,-9.40142879226071e-01°)
7.67361489361828e+02	(-1.19658869659787e-03dB,-9.51027232698663e-01°)
7.76247116628701e+02	(-1.22445689907892e-03dB,-9.62037551197648e-01°)
7.85235634610081e+02	(-1.25297405026227e-03dB,-9.73175290875647e-01°)
7.94328234724291e+02	(-1.28215525738524e-03dB,-9.84441924660565e-01°)
8.03526122185627e+02	(-1.31201597916042e-03dB,-9.95838942446809e-01°)
8.12830516164109e+02	(-1.34257203395969e-03dB,-1.00736785128862e+00°)
8.22242649947081e+02	(-1.37383960815063e-03dB,-1.01903017559555e+00°)
8.31763771102681e+02	(-1.40583526466719e-03dB,-1.03082745733005e+00°)
8.41395141645205e+02	(-1.43857595174532e-03dB,-1.04276125620724e+00°)
8.51138038202387e+02	(-1.47207901187946e-03dB,-1.05483314989694e+00°)
8.60993752184611e+02	(-1.50636219098169e-03dB,-1.06704473422779e+00°)
8.70963589956091e+02	(-1.54144364774933e-03dB,-1.07939762339370e+00°)
8.81048873008025e+02	(-1.57734196326611e-03dB,-1.09189345016252e+00°)
8.91250938133757e+02	(-1.61407615078977e-03dB,-1.10453386608699e+00°)
9.01571137605968e+02	(-1.65166566581091e-03dB,-1.11732054171799e+00°)
9.12010839355921e+02	(-1.69013041631583e-03dB,-1.13025516682010e+00°)
9.22571427154775e+02	(-1.72949077328687e-03dB,-1.14333945058952e+00°)
9.33254300797003e+02	(-1.76976758146675e-03dB,-1.15657512187436e+00°)
9.44060876285936e+02	(-1.81098217035184e-03dB,-1.16996392939724e+00°)
9.54992586021448e+02	(-1.85315636544089e-03dB,-1.18350764198041e+00°)
9.66050878989826e+02	(-1.89631249976303e-03dB,-1.19720804877323e+00°)
9.77237220955823e+02	(-1.94047342564680e-03dB,-1.21106695948208e+00°)
9.88553094656952e+02	(-1.98566252678326e-03dB,-1.22508620460281e+00°)
1.00000000000001e+03	(-2.03190373055232e-03dB,-1.23926763565565e+00°)
1.01157945425991e+03	(-2.07922152064149e-03dB,-1.25361312542260e+00°)
1.02329299228077e+03	(-2.12764094996564e-03dB,-1.26812456818742e+00°)
1.03514216667936e+03	(-2.17718765384847e-03dB,-1.28280387997815e+00°)
1.04712854805091e+03	(-2.22788786357372e-03dB,-1.29765299881221e+00°)
1.05925372517730e+03	(-2.27976842017515e-03dB,-1.31267388494409e+00°)
1.07151930523762e+03	(-2.33285678860610e-03dB,-1.32786852111574e+00°)
1.08392691402122e+03	(-2.38718107219439e-03dB,-1.34323891280947e+00°)
1.09647819614320e+03	(-2.44277002746255e-03dB,-1.35878708850370e+00°)
1.10917481526242e+03	(-2.49965307926355e-03dB,-1.37451509993121e+00°)
1.12201845430198e+03	(-2.55786033628311e-03dB,-1.39042502234027e+00°)
1.13501081567233e+03	(-2.61742260689927e-03dB,-1.40651895475838e+00°)
1.14815362149690e+03	(-2.67837141539433e-03dB,-1.42279902025887e+00°)
1.16144861384036e+03	(-2.74073901855429e-03dB,-1.43926736623018e+00°)
1.17489755493955e+03	(-2.80455842265092e-03dB,-1.45592616464802e+00°)
1.18850222743704e+03	(-2.86986340080384e-03dB,-1.47277761235030e+00°)
1.20226443461743e+03	(-2.93668851075562e-03dB,-1.48982393131495e+00°)
1.21618600064639e+03	(-3.00506911304455e-03dB,-1.50706736894053e+00°)
1.23026877081240e+03	(-3.07504138961782e-03dB,-1.52451019832982e+00°)
1.24451461177140e+03	(-3.14664236283993e-03dB,-1.54215471857622e+00°)
1.25892541179419e+03	(-3.21990991496693e-03dB,-1.56000325505313e+00°)
1.27350308101668e+03	(-3.29488280805891e-03dB,-1.57805815970628e+00°)
1.28824955169315e+03	(-3.37160070435673e-03dB,-1.59632181134900e+00°)
1.30316677845232e+03	(-3.45010418711011e-03dB,-1.61479661596046e+00°)
1.31825673855643e+03	(-3.53043478190516e-03dB,-1.63348500698697e+00°)
1.33352143216334e+03	(-3.61263497847465e-03dB,-1.65238944564628e+00°)
1.34896288259167e+03	(-3.69674825301415e-03dB,-1.67151242123486e+00°)
1.36458313658895e+03	(-3.78281909098625e-03dB,-1.69085645143834e+00°)
1.38038426460291e+03	(-3.87089301050170e-03dB,-1.71042408264499e+00°)
1.39636836105596e+03	(-3.96101658617091e-03dB,-1.73021789026224e+00°)
1.41253754462278e+03	(-4.05323747356113e-03dB,-1.75024047903642e+00°)
1.42889395851112e+03	(-4.14760443418533e-03dB,-1.77049448337554e+00°)
1.44543977074595e+03	(-4.24416736106189e-03dB,-1.79098256767527e+00°)
1.46217717445674e+03	(-4.34297730487909e-03dB,-1.81170742664802e+00°)
1.47910838816823e+03	(-4.44408650074278e-03dB,-1.83267178565533e+00°)
1.49623565609446e+03	(-4.54754839555092e-03dB,-1.85387840104329e+00°)
1.51356124843623e+03	(-4.65341767597829e-03dB,-1.87533006048124e+00°)
1.53108746168205e+03	(-4.76175029712558e-03dB,-1.89702958330377e+00°)
1.54881661891251e+03	(-4.87260351179600e-03dB,-1.91897982085578e+00°)
1.56675107010817e+03	(-4.98603590047214e-03dB,-1.94118365684097e+00°)
1.58489319246114e+03	(-5.10210740194832e-03dB,-1.96364400767344e+00°)
1.60324539069007e+03	(-5.22087934468936e-03dB,-1.98636382283264e+00°)
1.62181009735896e+03	(-5.34241447889434e-03dB,-2.00934608522158e+00°)
1.64058977319957e+03	(-5.46677700928703e-03dB,-2.03259381152835e+00°)
1.65958690743759e+03	(-5.59403262866644e-03dB,-2.05611005259083e+00°)
1.67880401812259e+03	(-5.72424855222224e-03dB,-2.07989789376489e+00°)
1.69824365246177e+03	(-5.85749355262325e-03dB,-2.10396045529569e+00°)
1.71790838715762e+03	(-5.99383799591741e-03dB,-2.12830089269249e+00°)
1.73780082874940e+03	(-6.13335387823648e-03dB,-2.15292239710659e+00°)
1.75792361395872e+03	(-6.27611486335816e-03dB,-2.17782819571277e+00°)
1.77827941003895e+03	(-6.42219632109571e-03dB,-2.20302155209393e+00°)
1.79887091512882e+03	(-6.57167536659512e-03dB,-2.22850576662907e+00°)
1.81970085861001e+03	(-6.72463090048473e-03dB,-2.25428417688467e+00°)
1.84077200146899e+03	(-6.88114364997479e-03dB,-2.28036015800930e+00°)
1.86208713666290e+03	(-7.04129621087047e-03dB,-2.30673712313161e+00°)
1.88364908948983e+03	(-7.20517309054641e-03dB,-2.33341852376158e+00°)
1.90546071796328e+03	(-7.37286075188906e-03dB,-2.36040785019514e+00°)
1.92752491319097e+03	(-7.54444765824252e-03dB,-2.38770863192202e+00°)
1.94984459975808e+03	(-7.72002431937273e-03dB,-2.41532443803698e+00°)
1.97242273611489e+03	(-7.89968333846663e-03dB,-2.44325887765420e+00°)
1.99526231496891e+03	(-8.08351946019959e-03dB,-2.47151560032501e+00°)
2.01836636368160e+03	(-8.27162961989181e-03dB,-2.50009829645891e+00°)
2.04173794466956e+03	(-8.46411299376373e-03dB,-2.52901069774769e+00°)
2.06538015581057e+03	(-8.66107105034714e-03dB,-2.55825657759290e+00°)
2.08929613085408e+03	(-8.86260760303814e-03dB,-2.58783975153643e+00°)
2.11348903983668e+03	(-9.06882886383885e-03dB,-2.61776407769426e+00°)
2.13796208950227e+03	(-9.27984349832179e-03dB,-2.64803345719344e+00°)
2.16271852372706e+03	(-9.49576268181066e-03dB,-2.67865183461205e+00°)
2.18776162394959e+03	(-9.71670015684739e-03dB,-2.70962319842233e+00°)
2.21309470960568e+03	(-9.94277229193473e-03dB,-2.74095158143686e+00°)
2.23872113856838e+03	(-1.01740981416028e-02dB,-2.77264106125773e+00°)
2.26464430759310e+03	(-1.04107995078308e-02dB,-2.80469576072867e+00°)
2.29086765276781e+03	(-1.06530010028265e-02dB,-2.83711984839014e+00°)
2.31739464996852e+03	(-1.09008301132418e-02dB,-2.86991753893733e+00°)
2.34422881531996e+03	(-1.11544172657909e-02dB,-2.90309309368092e+00°)
2.37137370566170e+03	(-1.14138958943606e-02dB,-2.93665082101072e+00°)
2.39883291901953e+03	(-1.16794025086060e-02dB,-2.97059507686198e+00°)
2.42661009508246e+03	(-1.19510767640900e-02dB,-3.00493026518439e+00°)
2.45470891568508e+03	(-1.22290615339651e-02dB,-3.03966083841373e+00°)
2.48313310529562e+03	(-1.25135029822691e-02dB,-3.07479129794601e+00°)
2.51188643150963e+03	(-1.28045506388471e-02dB,-3.11032619461411e+00°)
2.54097270554935e+03	(-1.31023574759249e-02dB,-3.14627012916685e+00°)
2.57039578276891e+03	(-1.34070799864027e-02dB,-3.18262775275032e+00°)
2.60015956316532e+03	(-1.37188782638670e-02dB,-3.21940376739155e+00°)
2.63026799189543e+03	(-1.40379160843748e-02dB,-3.25660292648419e+00°)
2.66072505979886e+03	(-1.43643609900606e-02dB,-3.29423003527643e+00°)
2.69153480392697e+03	(-1.46983843745677e-02dB,-3.33228995136072e+00°)
2.72270130807796e+03	(-1.50401615703758e-02dB,-3.37078758516547e+00°)
2.75422870333822e+03	(-1.53898719380571e-02dB,-3.40972790044841e+00°)
2.78612116862982e+03	(-1.57476989574795e-02dB,-3.44911591479168e+00°)
2.81838293126451e+03	(-1.61138303210192e-02dB,-3.48895670009840e+00°)
2.85101826750396e+03	(-1.64884580288267e-02dB,-3.52925538309060e+00°)
2.88403150312666e+03	(-1.68717784861632e-02dB,-3.57001714580849e+00°)
2.91742701400122e+03	(-1.72639926028720e-02dB,-3.61124722611083e+00°)
2.95120922666644e+03	(-1.76653058950243e-02dB,-3.65295091817626e+00°)
2.98538261891802e+03	(-1.80759285887760e-02dB,-3.69513357300548e+00°)
3.01995172040208e+03	(-1.84960757264763e-02dB,-3.73780059892414e+00°)
3.05492111321557e+03	(-1.89259672751029e-02dB,-3.78095746208620e+00°)
3.09029543251365e+03	(-1.93658282370204e-02dB,-3.82460968697763e+00°)
3.12607936712402e+03	(-1.98158887631569e-02dB,-3.86876285692032e+00°)
3.16227766016844e+03	(-2.02763842686163e-02dB,-3.91342261457590e+00°)
3.19889510969146e+03	(-2.07475555507843e-02dB,-3.95859466244935e+00°)
3.23593656929635e+03	(-2.12296489099853e-02dB,-4.00428476339221e+00°)
3.27340694878845e+03	(-2.17229162727045e-02dB,-4.05049874110513e+00°)
3.31131121482598e+03	(-2.22276153174922e-02dB,-4.09724248063952e+00°)
3.34965439157834e+03	(-2.27440096035204e-02dB,-4.14452192889812e+00°)
3.38844156139209e+03	(-2.32723687019095e-02dB,-4.19234309513428e+00°)
3.42767786546457e+03	(-2.38129683298463e-02dB,-4.24071205144953e+00°)
3.46736850452539e+03	(-2.43660904875461e-02dB,-4.28963493328938e+00°)
3.50751873952575e+03	(-2.49320235981239e-02dB,-4.33911793993696e+00°)
3.54813389233583e+03	(-2.55110626504195e-02dB,-4.38916733500423e+00°)
3.58921934645013e+03	(-2.61035093448451e-02dB,-4.43978944692048e+00°)
3.63078054770109e+03	(-2.67096722422892e-02dB,-4.49099066941781e+00°)
3.67282300498092e+03	(-2.73298669161590e-02dB,-4.54277746201322e+00°)
3.71535229097180e+03	(-2.79644161076034e-02dB,-4.59515635048714e+00°)
3.75837404288452e+03	(-2.86136498839599e-02dB,-4.64813392735774e+00°)
3.80189396320569e+03	(-2.92779058005298e-02dB,-4.70171685235104e+00°)
3.84591782045362e+03	(-2.99575290656891e-02dB,-4.75591185286614e+00°)
3.89045144994289e+03	(-3.06528727094265e-02dB,-4.81072572443536e+00°)
3.93550075455786e+03	(-3.13642977553600e-02dB,-4.86616533117878e+00°)
3.98107170553506e+03	(-3.20921733962845e-02dB,-4.92223760625284e+00°)
4.02717034325468e+03	(-3.28368771733271e-02dB,-4.97894955229250e+00°)
4.07380277804121e+03	(-3.35987951587636e-02dB,-5.03630824184662e+00°)
4.12097519097339e+03	(-3.43783221425548e-02dB,-5.09432081780588e+00°)
4.16869383470344e+03	(-3.51758618226706e-02dB,-5.15299449382305e+00°)
4.21696503428591e+03	(-3.59918269992575e-02dB,-5.21233655472482e+00°)
4.26579518801602e+03	(-3.68266397727373e-02dB,-5.27235435691485e+00°)
4.31519076827775e+03	(-3.76807317458509e-02dB,-5.33305532876749e+00°)
4.36515832240175e+03	(-3.85545442297693e-02dB,-5.39444697101145e+00°)
4.41570447353322e+03	(-3.94485284543006e-02dB,-5.45653685710317e+00°)
4.46683592150973e+03	(-4.03631457822536e-02dB,-5.51933263358884e+00°)
4.51855944374932e+03	(-4.12988679280412e-02dB,-5.58284202045492e+00°)
4.57088189614885e+03	(-4.22561771805943e-02dB,-5.64707281146612e+00°)
4.62381021399271e+03	(-4.32355666306044e-02dB,-5.71203287449051e+00°)
4.67735141287209e+03	(-4.42375404022302e-02dB,-5.77773015181079e+00°)
4.73151258961491e+03	(-4.52626138892616e-02dB,-5.84417266042124e+00°)
4.78630092322649e+03	(-4.63113139958522e-02dB,-5.91136849230947e+00°)
4.84172367584110e+03	(-4.73841793818702e-02dB,-5.97932581472226e+00°)
4.89778819368457e+03	(-4.84817607129169e-02dB,-6.04805287041474e+00°)
4.95450190804801e+03	(-4.96046209151175e-02dB,-6.11755797788208e+00°)
5.01187233627284e+03	(-5.07533354346788e-02dB,-6.18784953157278e+00°)
5.06990708274716e+03	(-5.19284925023468e-02dB,-6.25893600208290e+00°)
5.12861383991376e+03	(-5.31306934027792e-02dB,-6.33082593633009e+00°)
5.18800038928973e+03	(-5.43605527489124e-02dB,-6.40352795770666e+00°)
5.24807460249785e+03	(-5.56186987613728e-02dB,-6.47705076621076e+00°)
5.30884444231001e+03	(-5.69057735529944e-02dB,-6.55140313855457e+00°)
5.37031796370265e+03	(-5.82224334185138e-02dB,-6.62659392824863e+00°)
5.43250331492446e+03	(-5.95693491294685e-02dB,-6.70263206566114e+00°)
5.49540873857637e+03	(-6.09472062343824e-02dB,-6.77952655805130e+00°)
5.55904257270416e+03	(-6.23567053642721e-02dB,-6.85728648957548e+00°)
5.62341325190362e+03	(-6.37985625435396e-02dB,-6.93592102126512e+00°)
5.68852930843855e+03	(-6.52735095062832e-02dB,-7.01543939097523e+00°)
5.75439937337170e+03	(-6.67822940180967e-02dB,-7.09585091330218e+00°)
5.82103217770885e+03	(-6.83256802033805e-02dB,-7.17716497946971e+00°)
5.88843655355603e+03	(-6.99044488782261e-02dB,-7.25939105718169e+00°)
5.95662143529025e+03	(-7.15193978888880e-02dB,-7.34253869044051e+00°)
6.02559586074372e+03	(-7.31713424559201e-02dB,-7.42661749932957e+00°)
6.09536897240184e+03	(-7.48611155239759e-02dB,-7.51163717975863e+00°)
6.16595001861497e+03	(-7.65895681173107e-02dB,-7.59760750317050e+00°)
6.23734835482434e+03	(-7.83575697010336e-02dB,-7.68453831620771e+00°)
6.30957344480208e+03	(-8.01660085481228e-02dB,-7.77243954033748e+00°)
6.38263486190564e+03	(-8.20157921121959e-02dB,-7.86132117143364e+00°)
6.45654229034671e+03	(-8.39078474061091e-02dB,-7.95119327931379e+00°)
6.53130552647488e+03	(-8.58431213863451e-02dB,-8.04206600723016e+00°)
6.60693448007612e+03	(-8.78225813432404e-02dB,-8.13394957131236e+00°)
6.68343917568631e+03	(-8.98472152970002e-02dB,-8.22685425996050e+00°)
6.76082975391998e+03	(-9.19180323995623e-02dB,-8.32079043318675e+00°)
6.83911647281446e+03	(-9.40360633422601e-02dB,-8.41576852190368e+00°)
6.91830970918953e+03	(-9.62023607692722e-02dB,-8.51179902715744e+00°)
6.99841996002291e+03	(-9.84179996968589e-02dB,-8.60889251930391e+00°)
7.07945784384155e+03	(-1.00684077938346e-01dB,-8.70705963712598e+00°)
7.16143410212920e+03	(-1.03001716534818e-01dB,-8.80631108688989e+00°)
7.24435960075008e+03	(-1.05372060191498e-01dB,-8.90665764133856e+00°)
7.32824533138922e+03	(-1.07796277719748e-01dB,-9.00811013862003e+00°)
7.41310241300936e+03	(-1.10275562484638e-01dB,-9.11067948114876e+00°)
7.49894209332474e+03	(-1.12811132858026e-01dB,-9.21437663439761e+00°)
7.58577575029203e+03	(-1.15404232677078e-01dB,-9.31921262561847e+00°)
7.67361489361838e+03	(-1.18056131708125e-01dB,-9.42519854248905e+00°)
7.76247116628711e+03	(-1.20768126115790e-01dB,-9.53234553168376e+00°)
7.85235634610092e+03	(-1.23541538937267e-01dB,-9.64066479736631e+00°)
7.94328234724302e+03	(-1.26377720561658e-01dB,-9.75016759960146e+00°)
8.03526122185638e+03	(-1.29278049214201e-01dB,-9.86086525268376e+00°)
8.12830516164120e+03	(-1.32243931445317e-01dB,-9.97276912338069e+00°)
8.22242649947092e+03	(-1.35276802624274e-01dB,-1.00858906290877e+01°)
8.31763771102692e+03	(-1.38378127437337e-01dB,-1.02002412358925e+01°)
8.41395141645217e+03	(-1.41549400390213e-01dB,-1.03158324565465e+01°)
8.51138038202398e+03	(-1.44792146314638e-01dB,-1.04326758483399e+01°)
8.60993752184623e+03	(-1.48107920878850e-01dB,-1.05507830108785e+01°)
8.70963589956103e+03	(-1.51498311101787e-01dB,-1.06701655837596e+01°)
8.81048873008037e+03	(-1.54964935870744e-01dB,-1.07908352441437e+01°)
8.91250938133769e+03	(-1.58509446462260e-01dB,-1.09128037042192e+01°)
9.01571137605980e+03	(-1.62133527065961e-01dB,-1.10360827085583e+01°)
9.12010839355933e+03	(-1.65838895311075e-01dB,-1.11606840313601e+01°)
9.22571427154787e+03	(-1.69627302795350e-01dB,-1.12866194735787e+01°)
9.33254300797015e+03	(-1.73500535615999e-01dB,-1.14139008599333e+01°)
9.44060876285948e+03	(-1.77460414902414e-01dB,-1.15425400357976e+01°)
9.54992586021461e+03	(-1.81508797350209e-01dB,-1.16725488639648e+01°)
9.66050878989839e+03	(-1.85647575756291e-01dB,-1.18039392212866e+01°)
9.77237220955837e+03	(-1.89878679554512e-01dB,-1.19367229951820e+01°)
9.88553094656965e+03	(-1.94204075351498e-01dB,-1.20709120800139e+01°)
1.00000000000003e+04	(-1.98625767462220e-01dB,-1.22065183733296e+01°)
1.01157945425993e+04	(-2.03145798444835e-01dB,-1.23435537719639e+01°)
1.02329299228078e+04	(-2.07766249634305e-01dB,-1.24820301679992e+01°)
1.03514216667937e+04	(-2.12489241674301e-01dB,-1.26219594445831e+01°)
1.04712854805093e+04	(-2.17316935046823e-01dB,-1.27633534715974e+01°)
1.05925372517732e+04	(-2.22251530598997e-01dB,-1.29062241011775e+01°)
1.07151930523764e+04	(-2.27295270066454e-01dB,-1.30505831630793e+01°)
1.08392691402123e+04	(-2.32450436592671e-01dB,-1.31964424598895e+01°)
1.09647819614321e+04	(-2.37719355243618e-01dB,-1.33438137620780e+01°)
1.10917481526243e+04	(-2.43104393517073e-01dB,-1.34927088028889e+01°)
1.12201845430199e+04	(-2.48607961845859e-01dB,-1.36431392730678e+01°)
1.13501081567235e+04	(-2.54232514094311e-01dB,-1.37951168154220e+01°)
1.14815362149691e+04	(-2.59980548047187e-01dB,-1.39486530192122e+01°)
1.16144861384037e+04	(-2.65854605890241e-01dB,-1.41037594143729e+01°)
1.17489755493956e+04	(-2.71857274681638e-01dB,-1.42604474655583e+01°)
1.18850222743705e+04	(-2.77991186813358e-01dB,-1.44187285660126e+01°)
1.20226443461745e+04	(-2.84259020461689e-01dB,-1.45786140312620e+01°)
1.21618600064640e+04	(-2.90663500025920e-01dB,-1.47401150926264e+01°)
1.23026877081242e+04	(-2.97207396554267e-01dB,-1.49032428905486e+01°)
1.24451461177142e+04	(-3.03893528156031e-01dB,-1.50680084677406e+01°)
1.25892541179420e+04	(-3.10724760399025e-01dB,-1.52344227621428e+01°)
1.27350308101670e+04	(-3.17704006691159e-01dB,-1.54024965996980e+01°)
1.28824955169317e+04	(-3.24834228645167e-01dB,-1.55722406869355e+01°)
1.30316677845234e+04	(-3.32118436425290e-01dB,-1.57436656033674e+01°)
1.31825673855644e+04	(-3.39559689074846e-01dB,-1.59167817936938e+01°)
1.33352143216336e+04	(-3.47161094823431e-01dB,-1.60915995598172e+01°)
1.34896288259169e+04	(-3.54925811372601e-01dB,-1.62681290526664e+01°)
1.36458313658896e+04	(-3.62857046158762e-01dB,-1.64463802638282e+01°)
1.38038426460292e+04	(-3.70958056591968e-01dB,-1.66263630169884e+01°)
1.39636836105598e+04	(-3.79232150269378e-01dB,-1.68080869591813e+01°)
1.41253754462279e+04	(-3.87682685161982e-01dB,-1.69915615518494e+01°)
1.42889395851114e+04	(-3.96313069773257e-01dB,-1.71767960617134e+01°)
1.44543977074597e+04	(-4.05126763268331e-01dB,-1.73637995514544e+01°)
1.46217717445676e+04	(-4.14127275572266e-01dB,-1.75525808702096e+01°)
1.47910838816825e+04	(-4.23318167435968e-01dB,-1.77431486438833e+01°)
1.49623565609448e+04	(-4.32703050468293e-01dB,-1.79355112652762e+01°)
1.51356124843625e+04	(-4.42285587132789e-01dB,-1.81296768840352e+01°)
1.53108746168207e+04	(-4.52069490707626e-01dB,-1.83256533964266e+01°)
1.54881661891253e+04	(-4.62058525207097e-01dB,-1.85234484349370e+01°)
1.56675107010819e+04	(-4.72256505263192e-01dB,-1.87230693577059e+01°)
1.58489319246116e+04	(-4.82667295965620e-01dB,-1.89245232377931e+01°)
1.60324539069009e+04	(-4.93294812658718e-01dB,-1.91278168522876e+01°)
1.62181009735898e+04	(-5.04143020693631e-01dB,-1.93329566712628e+01°)
1.64058977319959e+04	(-5.15215935134160e-01dB,-1.95399488465830e+01°)
1.65958690743761e+04	(-5.26517620414641e-01dB,-1.97487992005691e+01°)
1.67880401812261e+04	(-5.38052189948280e-01dB,-1.99595132145295e+01°)
1.69824365246179e+04	(-5.49823805684272e-01dB,-2.01720960171647e+01°)
1.71790838715764e+04	(-5.61836677612117e-01dB,-2.03865523728515e+01°)
1.73780082874943e+04	(-5.74095063211548e-01dB,-2.06028866698194e+01°)
1.75792361395875e+04	(-5.86603266846414e-01dB,-2.08211029082239e+01°)
1.77827941003898e+04	(-5.99365639101015e-01dB,-2.10412046881300e+01°)
1.79887091512884e+04	(-6.12386576057275e-01dB,-2.12631951974154e+01°)
1.81970085861004e+04	(-6.25670518511237e-01dB,-2.14870771996035e+01°)
1.84077200146901e+04	(-6.39221951127390e-01dB,-2.17128530216395e+01°)
1.86208713666292e+04	(-6.53045401529341e-01dB,-2.19405245416213e+01°)
1.88364908948986e+04	(-6.67145439325412e-01dB,-2.21700931764976e+01°)
1.90546071796331e+04	(-6.81526675067772e-01dB,-2.24015598697487e+01°)
1.92752491319099e+04	(-6.96193759143785e-01dB,-2.26349250790624e+01°)
1.94984459975810e+04	(-7.11151380598285e-01dB,-2.28701887640213e+01°)
1.97242273611491e+04	(-7.26404265885559e-01dB,-2.31073503738166e+01°)
1.99526231496894e+04	(-7.41957177549911e-01dB,-2.33464088350051e+01°)
2.01836636368162e+04	(-7.57814912833730e-01dB,-2.35873625393260e+01°)
2.04173794466959e+04	(-7.73982302212059e-01dB,-2.38302093315958e+01°)
2.06538015581059e+04	(-7.90464207852777e-01dB,-2.40749464976986e+01°)
2.08929613085410e+04	(-8.07265522001583e-01dB,-2.43215707526915e+01°)
2.11348903983671e+04	(-8.24391165291072e-01dB,-2.45700782290444e+01°)
2.13796208950230e+04	(-8.41846084973312e-01dB,-2.48204644650340e+01°)
2.16271852372709e+04	(-8.59635253075409e-01dB,-2.50727243933130e+01°)
2.18776162394962e+04	(-8.77763664477737e-01dB,-2.53268523296755e+01°)
2.21309470960571e+04	(-8.96236334914557e-01dB,-2.55828419620408e+01°)
2.23872113856841e+04	(-9.15058298896939e-01dB,-2.58406863396767e+01°)
2.26464430759313e+04	(-9.34234607558029e-01dB,-2.61003778626866e+01°)
2.29086765276784e+04	(-9.53770326420822e-01dB,-2.63619082717820e+01°)
2.31739464996855e+04	(-9.73670533088819e-01dB,-2.66252686383650e+01°)
2.34422881532000e+04	(-9.93940314860022e-01dB,-2.68904493549435e+01°)
2.37137370566173e+04	(-1.01458476626496e+00dB,-2.71574401259053e+01°)
2.39883291901957e+04	(-1.03560898652955e+00dB,-2.74262299586725e+01°)
2.42661009508249e+04	(-1.05701807696390e+00dB,-2.76968071552639e+01°)
2.45470891568511e+04	(-1.07881713827804e+00dB,-2.79691593042877e+01°)
2.48313310529565e+04	(-1.10101126782627e+00dB,-2.82432732733910e+01°)
2.51188643150966e+04	(-1.12360555678138e+00dB,-2.85191352021898e+01°)
2.54097270554939e+04	(-1.14660508724073e+00dB,-2.87967304957059e+01°)
2.57039578276895e+04	(-1.17001492926607e+00dB,-2.90760438183327e+01°)
2.60015956316536e+04	(-1.19384013785929e+00dB,-2.93570590883579e+01°)
2.63026799189547e+04	(-1.21808574987645e+00dB,-2.96397594730648e+01°)
2.66072505979890e+04	(-1.24275678088269e+00dB,-2.99241273844367e+01°)
2.69153480392700e+04	(-1.26785822195086e+00dB,-3.02101444754897e+01°)
2.72270130807800e+04	(-1.29339503640668e+00dB,-3.04977916372545e+01°)
2.75422870333826e+04	(-1.31937215652389e+00dB,-3.07870489964314e+01°)
2.78612116862986e+04	(-1.34579448017265e+00dB,-3.10778959137402e+01°)
2.81838293126455e+04	(-1.37266686742476e+00dB,-3.13703109829856e+01°)
2.85101826750400e+04	(-1.39999413711962e+00dB,-3.16642720308598e+01°)
2.88403150312670e+04	(-1.42778106339497e+00dB,-3.19597561174998e+01°)
2.91742701400126e+04	(-1.45603237218649e+00dB,-3.22567395378199e+01°)
2.95120922666648e+04	(-1.48475273770077e+00dB,-3.25551978236363e+01°)
2.98538261891806e+04	(-1.51394677886622e+00dB,-3.28551057465988e+01°)
3.01995172040212e+04	(-1.54361905576665e+00dB,-3.31564373219470e+01°)
3.05492111321561e+04	(-1.57377406606254e+00dB,-3.34591658131034e+01°)
3.09029543251369e+04	(-1.60441624140496e+00dB,-3.37632637371149e+01°)
3.12607936712406e+04	(-1.63554994384753e+00dB,-3.40687028709568e+01°)
3.16227766016848e+04	(-1.66717946226179e+00dB,-3.43754542587045e+01°)
3.19889510969150e+04	(-1.69930900876137e+00dB,-3.46834882195844e+01°)
3.23593656929639e+04	(-1.73194271514086e+00dB,-3.49927743569077e+01°)
3.27340694878849e+04	(-1.76508462933479e+00dB,-3.53032815678923e+01°)
3.31131121482602e+04	(-1.79873871190297e+00dB,-3.56149780543753e+01°)
3.34965439157839e+04	(-1.83290883254772e+00dB,-3.59278313344171e+01°)
3.38844156139214e+04	(-1.86759876666926e+00dB,-3.62418082547944e+01°)
3.42767786546462e+04	(-1.90281219196513e+00dB,-3.65568750043810e+01°)
3.46736850452543e+04	(-1.93855268507982e+00dB,-3.68729971284090e+01°)
3.50751873952580e+04	(-1.97482371831059e+00dB,-3.71901395436050e+01°)
3.54813389233588e+04	(-2.01162865637557e+00dB,-3.75082665541906e+01°)
3.58921934645017e+04	(-2.04897075325034e+00dB,-3.78273418687360e+01°)
3.63078054770114e+04	(-2.08685314907877e+00dB,-3.81473286178548e+01°)
3.67282300498097e+04	(-2.12527886716423e+00dB,-3.84681893727213e+01°)
3.71535229097185e+04	(-2.16425081104710e+00dB,-3.87898861643958e+01°)
3.75837404288457e+04	(-2.20377176167417e+00dB,-3.91123805039361e+01°)
3.80189396320574e+04	(-2.24384437466584e+00dB,-3.94356334032741e+01°)
3.84591782045367e+04	(-2.28447117768644e+00dB,-3.97596053968339e+01°)
3.89045144994294e+04	(-2.32565456792325e+00dB,-4.00842565638649e+01°)
3.93550075455791e+04	(-2.36739680967930e+00dB,-4.04095465514627e+01°)
3.98107170553511e+04	(-2.40970003208504e+00dB,-4.07354345982478e+01°)
4.02717034325473e+04	(-2.45256622693375e+00dB,-4.10618795586711e+01°)
4.07380277804127e+04	(-2.49599724664515e+00dB,-4.13888399279120e+01°)
4.12097519097345e+04	(-2.53999480236178e+00dB,-4.17162738673356e+01°)
4.16869383470350e+04	(-2.58456046218206e+00dB,-4.20441392304710e+01°)
4.21696503428597e+04	(-2.62969564953396e+00dB,-4.23723935894737e+01°)
4.26579518801608e+04	(-2.67540164169294e+00dB,-4.27009942620324e+01°)
4.31519076827780e+04	(-2.72167956844714e+00dB,-4.30298983386793e+01°)
4.36515832240181e+04	(-2.76853041091306e+00dB,-4.33590627104623e+01°)
4.41570447353328e+04	(-2.81595500050421e+00dB,-4.36884440969358e+01°)
4.46683592150979e+04	(-2.86395401805498e+00dB,-4.40179990744266e+01°)
4.51855944374938e+04	(-2.91252799310188e+00dB,-4.43476841045301e+01°)
4.57088189614891e+04	(-2.96167730332353e+00dB,-4.46774555627907e+01°)
4.62381021399277e+04	(-3.01140217414080e+00dB,-4.50072697675215e+01°)
4.67735141287215e+04	(-3.06170267847796e+00dB,-4.53370830087164e+01°)
4.73151258961497e+04	(-3.11257873668539e+00dB,-4.56668515770076e+01°)
4.78630092322655e+04	(-3.16403011662402e+00dB,-4.59965317926227e+01°)
4.84172367584117e+04	(-3.21605643391126e+00dB,-4.63260800342931e+01°)
4.89778819368464e+04	(-3.26865715232797e+00dB,-4.66554527680685e+01°)
4.95450190804808e+04	(-3.32183158438543e+00dB,-4.69846065759910e+01°)
5.01187233627290e+04	(-3.37557889205117e+00dB,-4.73134981845813e+01°)
5.06990708274723e+04	(-3.42989808763190e+00dB,-4.76420844930935e+01°)
5.12861383991383e+04	(-3.48478803481173e+00dB,-4.79703226014930e+01°)
5.18800038928980e+04	(-3.54024744984315e+00dB,-4.82981698381136e+01°)
5.24807460249792e+04	(-3.59627490288832e+00dB,-4.86255837869508e+01°)
5.30884444231008e+04	(-3.65286881950772e+00dB,-4.89525223145499e+01°)
5.37031796370272e+04	(-3.71002748229262e+00dB,-4.92789435964480e+01°)
5.43250331492453e+04	(-3.76774903263817e+00dB,-4.96048061431298e+01°)
5.49540873857645e+04	(-3.82603147265299e+00dB,-4.99300688254612e+01°)
5.55904257270424e+04	(-3.88487266720126e+00dB,-5.02546908995620e+01°)
5.62341325190370e+04	(-3.94427034607290e+00dB,-5.05786320310843e+01°)
5.68852930843862e+04	(-4.00422210627723e+00dB,-5.09018523188627e+01°)
5.75439937337178e+04	(-4.06472541445528e+00dB,-5.12243123179061e+01°)
5.82103217770893e+04	(-4.12577760940569e+00dB,-5.15459730616993e+01°)
5.88843655355611e+04	(-4.18737590471906e+00dB,-5.18667960837891e+01°)
5.95662143529032e+04	(-4.24951739151513e+00dB,-5.21867434386275e+01°)
6.02559586074380e+04	(-4.31219904127762e+00dB,-5.25057777216494e+01°)
6.09536897240192e+04	(-4.37541770878059e+00dB,-5.28238620885622e+01°)
6.16595001861505e+04	(-4.43917013510095e+00dB,-5.31409602738278e+01°)
6.23734835482442e+04	(-4.50345295071094e+00dB,-5.34570366083199e+01°)
6.30957344480217e+04	(-4.56826267864480e+00dB,-5.37720560361406e+01°)
6.38263486190573e+04	(-4.63359573773347e+00dB,-5.40859841305835e+01°)
6.45654229034680e+04	(-4.69944844590136e+00dB,-5.43987871092305e+01°)
6.53130552647497e+04	(-4.76581702351916e+00dB,-5.47104318481752e+01°)
6.60693448007621e+04	(-4.83269759680636e+00dB,-5.50208858953643e+01°)
6.68343917568640e+04	(-4.90008620127780e+00dB,-5.53301174830515e+01°)
6.76082975392007e+04	(-4.96797878522783e+00dB,-5.56380955393623e+01°)
6.83911647281455e+04	(-5.03637121324640e+00dB,-5.59447896989673e+01°)
6.91830970918963e+04	(-5.10525926976098e+00dB,-5.62501703128646e+01°)
6.99841996002300e+04	(-5.17463866259852e+00dB,-5.65542084572751e+01°)
7.07945784384165e+04	(-5.24450502656174e+00dB,-5.68568759416539e+01°)
7.16143410212929e+04	(-5.31485392701406e+00dB,-5.71581453158242e+01°)
7.24435960075018e+04	(-5.38568086346769e+00dB,-5.74579898762424e+01°)
7.32824533138932e+04	(-5.45698127316942e+00dB,-5.77563836714024e+01°)
7.41310241300946e+04	(-5.52875053467897e+00dB,-5.80533015063915e+01°)
7.49894209332484e+04	(-5.60098397143475e+00dB,-5.83487189466098e+01°)
7.58577575029213e+04	(-5.67367685530203e+00dB,-5.86426123206661e+01°)
7.67361489361848e+04	(-5.74682441009895e+00dB,-5.89349587224673e+01°)
7.76247116628722e+04	(-5.82042181509561e+00dB,-5.92257360125161e+01°)
7.85235634610102e+04	(-5.89446420848184e+00dB,-5.95149228184347e+01°)
7.94328234724312e+04	(-5.96894669079966e+00dB,-5.98024985347350e+01°)
8.03526122185648e+04	(-6.04386432833618e+00dB,-6.00884433218511e+01°)
8.12830516164131e+04	(-6.11921215647319e+00dB,-6.03727381044589e+01°)
8.22242649947103e+04	(-6.19498518298998e+00dB,-6.06553645691004e+01°)
8.31763771102703e+04	(-6.27117839131577e+00dB,-6.09363051611370e+01°)
8.41395141645228e+04	(-6.34778674372874e+00dB,-6.12155430810536e+01°)
8.51138038202410e+04	(-6.42480518449854e+00dB,-6.14930622801360e+01°)
8.60993752184634e+04	(-6.50222864296958e+00dB,-6.17688474555466e+01°)
8.70963589956115e+04	(-6.58005203658255e+00dB,-6.20428840448212e+01°)
8.81048873008049e+04	(-6.65827027383166e+00dB,-6.23151582198120e+01°)
8.91250938133780e+04	(-6.73687825715568e+00dB,-6.25856568801007e+01°)
9.01571137605992e+04	(-6.81587088576054e+00dB,-6.28543676459076e+01°)
9.12010839355946e+04	(-6.89524305837203e+00dB,-6.31212788505197e+01°)
9.22571427154799e+04	(-6.97498967591670e+00dB,-6.33863795322643e+01°)
9.33254300797028e+04	(-7.05510564412997e+00dB,-6.36496594260530e+01°)
9.44060876285961e+04	(-7.13558587608988e+00dB,-6.39111089545186e+01°)
9.54992586021474e+04	(-7.21642529467575e+00dB,-6.41707192187729e+01°)
9.66050878989852e+04	(-7.29761883495085e+00dB,-6.44284819888068e+01°)
9.77237220955849e+04	(-7.37916144646832e+00dB,-6.46843896935584e+01°)
9.88553094656978e+04	(-7.46104809550000e+00dB,-6.49384354106730e+01°)
1.00000000000004e+05	(-7.54327376718773e+00dB,-6.51906128559772e+01°)
1.01157945425994e+05	(-7.62583346761704e+00dB,-6.54409163726921e+01°)
1.02329299228080e+05	(-7.70872222581304e+00dB,-6.56893409204065e+01°)
1.03514216667939e+05	(-7.79193509565886e+00dB,-6.59358820638330e+01°)
1.04712854805094e+05	(-7.87546715773658e+00dB,-6.61805359613696e+01°)
1.05925372517733e+05	(-7.95931352109139e+00dB,-6.64232993534861e+01°)
1.07151930523765e+05	(-8.04346932491903e+00dB,-6.66641695509575e+01°)
1.08392691402125e+05	(-8.12792974017757e+00dB,-6.69031444229641e+01°)
1.09647819614323e+05	(-8.21268997112388e+00dB,-6.71402223850774e+01°)
1.10917481526245e+05	(-8.29774525677584e+00dB,-6.73754023871507e+01°)
1.12201845430201e+05	(-8.38309087230099e+00dB,-6.76086839011332e+01°)
1.13501081567236e+05	(-8.46872213033288e+00dB,-6.78400669088245e+01°)
1.14815362149693e+05	(-8.55463438221591e+00dB,-6.80695518895874e+01°)
1.16144861384039e+05	(-8.64082301917996e+00dB,-6.82971398080336e+01°)
1.17489755493958e+05	(-8.72728347344610e+00dB,-6.85228321017004e+01°)
1.18850222743707e+05	(-8.81401121926444e+00dB,-6.87466306687312e+01°)
1.20226443461746e+05	(-8.90100177388567e+00dB,-6.89685378555752e+01°)
1.21618600064642e+05	(-8.98825069846753e+00dB,-6.91885564447198e+01°)
1.23026877081243e+05	(-9.07575359891769e+00dB,-6.94066896424689e+01°)
1.24451461177144e+05	(-9.16350612667463e+00dB,-6.96229410667794e+01°)
1.25892541179422e+05	(-9.25150397942773e+00dB,-6.98373147351668e+01°)
1.27350308101671e+05	(-9.33974290177842e+00dB,-7.00498150526927e+01°)
1.28824955169319e+05	(-9.42821868584378e+00dB,-7.02604468000429e+01°)
1.30316677845235e+05	(-9.51692717180418e+00dB,-7.04692151217080e+01°)
1.31825673855646e+05	(-9.60586424839661e+00dB,-7.06761255142726e+01°)
1.33352143216338e+05	(-9.69502585335525e+00dB,-7.08811838148257e+01°)
1.34896288259171e+05	(-9.78440797380095e+00dB,-7.10843961894971e+01°)
1.36458313658898e+05	(-9.87400664658115e+00dB,-7.12857691221289e+01°)
1.38038426460294e+05	(-9.96381795856201e+00dB,-7.14853094030893e+01°)
1.39636836105600e+05	(-1.00538380468742e+01dB,-7.16830241182335e+01°)
1.41253754462281e+05	(-1.01440630991141e+01dB,-7.18789206380201e+01°)
1.42889395851116e+05	(-1.02344893535017e+01dB,-7.20730066067852e+01°)
1.44543977074599e+05	(-1.03251130989977e+01dB,-7.22652899321830e+01°)
1.46217717445678e+05	(-1.04159306753797e+01dB,-7.24557787747934e+01°)
1.47910838816827e+05	(-1.05069384732810e+01dB,-7.26444815379035e+01°)
1.49623565609450e+05	(-1.05981329341922e+01dB,-7.28314068574650e+01°)
1.51356124843627e+05	(-1.06895105504276e+01dB,-7.30165635922317e+01°)
1.53108746168210e+05	(-1.07810678650577e+01dB,-7.31999608140783e+01°)
1.54881661891255e+05	(-1.08728014718095e+01dB,-7.33816077985042e+01°)
1.56675107010822e+05	(-1.09647080149363e+01dB,-7.35615140153246e+01°)
1.58489319246118e+05	(-1.10567841890573e+01dB,-7.37396891195480e+01°)
1.60324539069011e+05	(-1.11490267389704e+01dB,-7.39161429424448e+01°)
1.62181009735900e+05	(-1.12414324594366e+01dB,-7.40908854828050e+01°)
1.64058977319961e+05	(-1.13339981949411e+01dB,-7.42639268983876e+01°)
1.65958690743763e+05	(-1.14267208394288e+01dB,-7.44352774975612e+01°)
1.67880401812263e+05	(-1.15195973360176e+01dB,-7.46049477311355e+01°)
1.69824365246182e+05	(-1.16126246766907e+01dB,-7.47729481843846e+01°)
1.71790838715766e+05	(-1.17057999019678e+01dB,-7.49392895692611e+01°)
1.73780082874945e+05	(-1.17991201005578e+01dB,-7.51039827167996e+01°)
1.75792361395877e+05	(-1.18925824089931e+01dB,-7.52670385697102e+01°)
1.77827941003900e+05	(-1.19861840112474e+01dB,-7.54284681751599e+01°)
1.79887091512887e+05	(-1.20799221383379e+01dB,-7.55882826777410e+01°)
1.81970085861006e+05	(-1.21737940679119e+01dB,-7.57464933126246e+01°)
1.84077200146904e+05	(-1.22677971238209e+01dB,-7.59031113988982e+01°)
1.86208713666295e+05	(-1.23619286756807e+01dB,-7.60581483330857e+01°)
1.88364908948988e+05	(-1.24561861384213e+01dB,-7.62116155828469e+01°)
1.90546071796333e+05	(-1.25505669718242e+01dB,-7.63635246808557e+01°)
1.92752491319102e+05	(-1.26450686800509e+01dB,-7.65138872188538e+01°)
1.94984459975813e+05	(-1.27396888111621e+01dB,-7.66627148418788e+01°)
1.97242273611494e+05	(-1.28344249566281e+01dB,-7.68100192426630e+01°)
1.99526231496897e+05	(-1.29292747508325e+01dB,-7.69558121562015e+01°)
2.01836636368165e+05	(-1.30242358705680e+01dB,-7.71001053544865e+01°)
2.04173794466962e+05	(-1.31193060345274e+01dB,-7.72429106414054e+01°)
2.06538015581062e+05	(-1.32144830027887e+01dB,-7.73842398478003e+01°)
2.08929613085413e+05	(-1.33097645762950e+01dB,-7.75241048266857e+01°)
2.11348903983674e+05	(-1.34051485963318e+01dB,-7.76625174486214e+01°)
2.13796208950233e+05	(-1.35006329439994e+01dB,-7.77994895972388e+01°)
2.16271852372712e+05	(-1.35962155396835e+01dB,-7.79350331649172e+01°)
2.18776162394965e+05	(-1.36918943425231e+01dB,-7.80691600486066e+01°)
2.21309470960574e+05	(-1.37876673498766e+01dB,-7.82018821457952e+01°)
2.23872113856844e+05	(-1.38835325967876e+01dB,-7.83332113506179e+01°)
2.26464430759316e+05	(-1.39794881554485e+01dB,-7.84631595501032e+01°)
2.29086765276788e+05	(-1.40755321346652e+01dB,-7.85917386205558e+01°)
2.31739464996858e+05	(-1.41716626793211e+01dB,-7.87189604240707e+01°)
2.34422881532003e+05	(-1.42678779698424e+01dB,-7.88448368051783e+01°)
2.37137370566176e+05	(-1.43641762216641e+01dB,-7.89693795876150e+01°)
2.39883291901960e+05	(-1.44605556846969e+01dB,-7.90926005712175e+01°)
2.42661009508252e+05	(-1.45570146427968e+01dB,-7.92145115289385e+01°)
2.45470891568514e+05	(-1.46535514132364e+01dB,-7.93351242039798e+01°)
2.48313310529568e+05	(-1.47501643461777e+01dB,-7.94544503070407e+01°)
2.51188643150969e+05	(-1.48468518241494e+01dB,-7.95725015136784e+01°)
2.54097270554942e+05	(-1.49436122615254e+01dB,-7.96892894617774e+01°)
2.57039578276898e+05	(-1.50404441040077e+01dB,-7.98048257491266e+01°)
2.60015956316539e+05	(-1.51373458281121e+01dB,-7.99191219310988e+01°)
2.63026799189550e+05	(-1.52343159406581e+01dB,-8.00321895184324e+01°)
2.66072505979893e+05	(-1.53313529782623e+01dB,-8.01440399751107e+01°)
2.69153480392704e+05	(-1.54284555068365e+01dB,-8.02546847163373e+01°)
2.72270130807804e+05	(-1.55256221210891e+01dB,-8.03641351066048e+01°)
2.75422870333829e+05	(-1.56228514440324e+01dB,-8.04724024578535e+01°)
2.78612116862990e+05	(-1.57201421264931e+01dB,-8.05794980277185e+01°)
2.81838293126458e+05	(-1.58174928466288e+01dB,-8.06854330178621e+01°)
2.85101826750404e+05	(-1.59149023094484e+01dB,-8.07902185723890e+01°)
2.88403150312674e+05	(-1.60123692463387e+01dB,-8.08938657763427e+01°)
2.91742701400130e+05	(-1.61098924145946e+01dB,-8.09963856542798e+01°)
2.95120922666652e+05	(-1.62074705969564e+01dB,-8.10977891689197e+01°)
2.98538261891810e+05	(-1.63051026011509e+01dB,-8.11980872198687e+01°)
3.01995172040216e+05	(-1.64027872594387e+01dB,-8.12972906424151e+01°)
3.05492111321565e+05	(-1.65005234281672e+01dB,-8.13954102063934e+01°)
3.09029543251373e+05	(-1.65983099873284e+01dB,-8.14924566151157e+01°)
3.12607936712410e+05	(-1.66961458401229e+01dB,-8.15884405043678e+01°)
3.16227766016853e+05	(-1.67940299125295e+01dB,-8.16833724414685e+01°)
3.19889510969155e+05	(-1.68919611528808e+01dB,-8.17772629243890e+01°)
3.23593656929643e+05	(-1.69899385314435e+01dB,-8.18701223809323e+01°)
3.27340694878854e+05	(-1.70879610400057e+01dB,-8.19619611679681e+01°)
3.31131121482607e+05	(-1.71860276914697e+01dB,-8.20527895707241e+01°)
3.34965439157843e+05	(-1.72841375194496e+01dB,-8.21426178021298e+01°)
3.38844156139218e+05	(-1.73822895778763e+01dB,-8.22314560022116e+01°)
3.42767786546466e+05	(-1.74804829406074e+01dB,-8.23193142375376e+01°)
3.46736850452548e+05	(-1.75787167010426e+01dB,-8.24062025007112e+01°)
3.50751873952585e+05	(-1.76769899717459e+01dB,-8.24921307099094e+01°)
3.54813389233592e+05	(-1.77753018840728e+01dB,-8.25771087084675e+01°)
3.58921934645022e+05	(-1.78736515878037e+01dB,-8.26611462645051e+01°)
3.63078054770118e+05	(-1.79720382507826e+01dB,-8.27442530705953e+01°)
3.67282300498102e+05	(-1.80704610585622e+01dB,-8.28264387434727e+01°)
3.71535229097190e+05	(-1.81689192140543e+01dB,-8.29077128237805e+01°)
3.75837404288462e+05	(-1.82674119371857e+01dB,-8.29880847758547e+01°)
3.80189396320579e+05	(-1.83659384645600e+01dB,-8.30675639875438e+01°)
3.84591782045372e+05	(-1.84644980491253e+01dB,-8.31461597700635e+01°)
3.89045144994299e+05	(-1.85630899598467e+01dB,-8.32238813578836e+01°)
3.93550075455796e+05	(-1.86617134813851e+01dB,-8.33007379086476e+01°)
3.98107170553516e+05	(-1.87603679137808e+01dB,-8.33767385031221e+01°)
4.02717034325478e+05	(-1.88590525721431e+01dB,-8.34518921451765e+01°)
4.07380277804132e+05	(-1.89577667863449e+01dB,-8.35262077617899e+01°)
4.12097519097350e+05	(-1.90565099007230e+01dB,-8.35996942030859e+01°)
4.16869383470355e+05	(-1.91552812737828e+01dB,-8.36723602423931e+01°)
4.21696503428603e+05	(-1.92540802779096e+01dB,-8.37442145763299e+01°)
4.26579518801613e+05	(-1.93529062990839e+01dB,-8.38152658249147e+01°)
4.31519076827786e+05	(-1.94517587366023e+01dB,-8.38855225316970e+01°)
4.36515832240187e+05	(-1.95506370028031e+01dB,-8.39549931639125e+01°)
4.41570447353334e+05	(-1.96495405227976e+01dB,-8.40236861126571e+01°)
4.46683592150985e+05	(-1.97484687342057e+01dB,-8.40916096930824e+01°)
4.51855944374944e+05	(-1.98474210868963e+01dB,-8.41587721446099e+01°)
4.57088189614897e+05	(-1.99463970427331e+01dB,-8.42251816311635e+01°)
4.62381021399283e+05	(-2.00453960753243e+01dB,-8.42908462414190e+01°)
4.67735141287221e+05	(-2.01444176697781e+01dB,-8.43557739890711e+01°)
4.73151258961504e+05	(-2.02434613224616e+01dB,-8.44199728131158e+01°)
4.78630092322662e+05	(-2.03425265407652e+01dB,-8.44834505781477e+01°)
4.84172367584123e+05	(-2.04416128428708e+01dB,-8.45462150746723e+01°)
4.89778819368470e+05	(-2.05407197575250e+01dB,-8.46082740194312e+01°)
4.95450190804815e+05	(-2.06398468238164e+01dB,-8.46696350557414e+01°)
5.01187233627297e+05	(-2.07389935909567e+01dB,-8.47303057538452e+01°)
5.06990708274729e+05	(-2.08381596180673e+01dB,-8.47902936112740e+01°)
5.12861383991390e+05	(-2.09373444739685e+01dB,-8.48496060532213e+01°)
5.18800038928987e+05	(-2.10365477369742e+01dB,-8.49082504329269e+01°)
5.24807460249798e+05	(-2.11357689946896e+01dB,-8.49662340320714e+01°)
5.30884444231015e+05	(-2.12350078438136e+01dB,-8.50235640611796e+01°)
5.37031796370279e+05	(-2.13342638899443e+01dB,-8.50802476600322e+01°)
5.43250331492460e+05	(-2.14335367473896e+01dB,-8.51362918980870e+01°)
5.49540873857652e+05	(-2.15328260389802e+01dB,-8.51917037749069e+01°)
5.55904257270431e+05	(-2.16321313958870e+01dB,-8.52464902205957e+01°)
5.62341325190377e+05	(-2.17314524574427e+01dB,-8.53006580962404e+01°)
5.68852930843870e+05	(-2.18307888709655e+01dB,-8.53542141943601e+01°)
5.75439937337186e+05	(-2.19301402915880e+01dB,-8.54071652393610e+01°)
5.82103217770901e+05	(-2.20295063820885e+01dB,-8.54595178879965e+01°)
5.88843655355618e+05	(-2.21288868127259e+01dB,-8.55112787298329e+01°)
5.95662143529040e+05	(-2.22282812610785e+01dB,-8.55624542877195e+01°)
6.02559586074388e+05	(-2.23276894118851e+01dB,-8.56130510182631e+01°)
6.09536897240200e+05	(-2.24271109568904e+01dB,-8.56630753123070e+01°)
6.16595001861513e+05	(-2.25265455946932e+01dB,-8.57125334954127e+01°)
6.23734835482451e+05	(-2.26259930305969e+01dB,-8.57614318283462e+01°)
6.30957344480225e+05	(-2.27254529764647e+01dB,-8.58097765075660e+01°)
6.38263486190581e+05	(-2.28249251505762e+01dB,-8.58575736657149e+01°)
6.45654229034688e+05	(-2.29244092774880e+01dB,-8.59048293721133e+01°)
6.53130552647505e+05	(-2.30239050878969e+01dB,-8.59515496332555e+01°)
6.60693448007630e+05	(-2.31234123185056e+01dB,-8.59977403933071e+01°)
6.68343917568649e+05	(-2.32229307118918e+01dB,-8.60434075346045e+01°)
6.76082975392016e+05	(-2.33224600163798e+01dB,-8.60885568781553e+01°)
6.83911647281464e+05	(-2.34219999859143e+01dB,-8.61331941841401e+01°)
6.91830970918972e+05	(-2.35215503799378e+01dB,-8.61773251524153e+01°)
6.99841996002309e+05	(-2.36211109632697e+01dB,-8.62209554230160e+01°)
7.07945784384174e+05	(-2.37206815059884e+01dB,-8.62640905766598e+01°)
7.16143410212939e+05	(-2.38202617833160e+01dB,-8.63067361352506e+01°)
7.24435960075027e+05	(-2.39198515755048e+01dB,-8.63488975623825e+01°)
7.32824533138942e+05	(-2.40194506677271e+01dB,-8.63905802638435e+01°)
7.41310241300956e+05	(-2.41190588499665e+01dB,-8.64317895881188e+01°)
7.49894209332495e+05	(-2.42186759169124e+01dB,-8.64725308268937e+01°)
7.58577575029223e+05	(-2.43183016678554e+01dB,-8.65128092155558e+01°)
7.67361489361859e+05	(-2.44179359065866e+01dB,-8.65526299336961e+01°)
7.76247116628732e+05	(-2.45175784412979e+01dB,-8.65919981056096e+01°)
7.85235634610112e+05	(-2.46172290844844e+01dB,-8.66309188007942e+01°)
7.94328234724323e+05	(-2.47168876528499e+01dB,-8.66693970344490e+01°)
8.03526122185659e+05	(-2.48165539672134e+01dB,-8.67074377679702e+01°)
8.12830516164141e+05	(-2.49162278524177e+01dB,-8.67450459094468e+01°)
8.22242649947114e+05	(-2.50159091372409e+01dB,-8.67822263141534e+01°)
8.31763771102714e+05	(-2.51155976543087e+01dB,-8.68189837850419e+01°)
8.41395141645239e+05	(-2.52152932400090e+01dB,-8.68553230732313e+01°)
8.51138038202421e+05	(-2.53149957344088e+01dB,-8.68912488784955e+01°)
8.60993752184646e+05	(-2.54147049811720e+01dB,-8.69267658497486e+01°)
8.70963589956126e+05	(-2.55144208274798e+01dB,-8.69618785855290e+01°)
8.81048873008060e+05	(-2.56141431239522e+01dB,-8.69965916344801e+01°)
8.91250938133792e+05	(-2.57138717245720e+01dB,-8.70309094958296e+01°)
9.01571137606004e+05	(-2.58136064866093e+01dB,-8.70648366198658e+01°)
9.12010839355958e+05	(-2.59133472705488e+01dB,-8.70983774084119e+01°)
9.22571427154812e+05	(-2.60130939400177e+01dB,-8.71315362152974e+01°)
9.33254300797040e+05	(-2.61128463617164e+01dB,-8.71643173468268e+01°)
9.44060876285973e+05	(-2.62126044053490e+01dB,-8.71967250622462e+01°)
9.54992586021486e+05	(-2.63123679435569e+01dB,-8.72287635742064e+01°)
9.66050878989865e+05	(-2.64121368518533e+01dB,-8.72604370492237e+01°)
9.77237220955863e+05	(-2.65119110085585e+01dB,-8.72917496081379e+01°)
9.88553094656991e+05	(-2.66116902947378e+01dB,-8.73227053265673e+01°)
1.00000000000000e+06	(-2.67114745941391e+01dB,-8.73533082353600e+01°)
Step Information: N=2  (Step: 2/10)
1.00000000000000e+02	(-3.47534677427731e-05dB,-1.62079937261903e-01°)
1.01157945425990e+02	(-3.55629766852170e-05dB,-1.63956724294886e-01°)
1.02329299228075e+02	(-3.63913413561131e-05dB,-1.65855243139483e-01°)
1.03514216667934e+02	(-3.72390009550761e-05dB,-1.67775745425632e-01°)
1.04712854805090e+02	(-3.81064049106851e-05dB,-1.69718485696565e-01°)
1.05925372517729e+02	(-3.89940131215818e-05dB,-1.71683721442532e-01°)
1.07151930523761e+02	(-3.99022961956404e-05dB,-1.73671713134901e-01°)
1.08392691402120e+02	(-4.08317357045676e-05dB,-1.75682724260669e-01°)
1.09647819614319e+02	(-4.17828244327185e-05dB,-1.77717021357361e-01°)
1.10917481526240e+02	(-4.27560666500194e-05dB,-1.79774874048335e-01°)
1.12201845430196e+02	(-4.37519783627147e-05dB,-1.81856555078496e-01°)
1.13501081567232e+02	(-4.47710876046138e-05dB,-1.83962340350423e-01°)
1.14815362149688e+02	(-4.58139347023045e-05dB,-1.86092508960915e-01°)
1.16144861384034e+02	(-4.68810725692956e-05dB,-1.88247343237955e-01°)
1.17489755493953e+02	(-4.79730670011258e-05dB,-1.90427128778105e-01°)
1.18850222743702e+02	(-4.90904969646876e-05dB,-1.92632154484336e-01°)
1.20226443461741e+02	(-5.02339549184108e-05dB,-1.94862712604285e-01°)
1.21618600064637e+02	(-5.14040471170178e-05dB,-1.97119098768967e-01°)
1.23026877081238e+02	(-5.26013939374963e-05dB,-1.99401612031923e-01°)
1.24451461177139e+02	(-5.38266302079653e-05dB,-2.01710554908832e-01°)
1.25892541179417e+02	(-5.50804055404002e-05dB,-2.04046233417569e-01°)
1.27350308101666e+02	(-5.63633846758963e-05dB,-2.06408957118734e-01°)
1.28824955169314e+02	(-5.76762478434338e-05dB,-2.08799039156648e-01°)
1.30316677845230e+02	(-5.90196911099652e-05dB,-2.11216796300818e-01°)
1.31825673855641e+02	(-6.03944267613642e-05dB,-2.13662548987889e-01°)
1.33352143216333e+02	(-6.18011836669816e-05dB,-2.16136621364073e-01°)
1.34896288259166e+02	(-6.32407076798839e-05dB,-2.18639341328075e-01°)
1.36458313658893e+02	(-6.47137620206999e-05dB,-2.21171040574506e-01°)
1.38038426460289e+02	(-6.62211276894356e-05dB,-2.23732054637811e-01°)
1.39636836105594e+02	(-6.77636038715044e-05dB,-2.26322722936689e-01°)
1.41253754462276e+02	(-6.93420083717257e-05dB,-2.28943388819040e-01°)
1.42889395851111e+02	(-7.09571780425401e-05dB,-2.31594399607421e-01°)
1.44543977074593e+02	(-7.26099692266913e-05dB,-2.34276106645030e-01°)
1.46217717445672e+02	(-7.43012582124478e-05dB,-2.36988865342227e-01°)
1.47910838816821e+02	(-7.60319416965413e-05dB,-2.39733035223581e-01°)
1.49623565609444e+02	(-7.78029372625372e-05dB,-2.42508979975472e-01°)
1.51356124843621e+02	(-7.96151838678879e-05dB,-2.45317067494234e-01°)
1.53108746168203e+02	(-8.14696423387030e-05dB,-2.48157669934857e-01°)
1.54881661891249e+02	(-8.33672958732022e-05dB,-2.51031163760253e-01°)
1.56675107010815e+02	(-8.53091505827804e-05dB,-2.53937929791089e-01°)
1.58489319246112e+02	(-8.72962359964317e-05dB,-2.56878353256193e-01°)
1.60324539069005e+02	(-8.93296056355737e-05dB,-2.59852823843546e-01°)
1.62181009735893e+02	(-9.14103375522312e-05dB,-2.62861735751864e-01°)
1.64058977319954e+02	(-9.35395349106181e-05dB,-2.65905487742763e-01°)
1.65958690743757e+02	(-9.57183265639031e-05dB,-2.68984483193547e-01°)
1.67880401812257e+02	(-9.79478676637664e-05dB,-2.72099130150583e-01°)
1.69824365246175e+02	(-1.00229340262247e-04dB,-2.75249841383309e-01°)
1.71790838715759e+02	(-1.02563953944453e-04dB,-2.78437034438854e-01°)
1.73780082874938e+02	(-1.04952946464170e-04dB,-2.81661131697296e-01°)
1.75792361395870e+02	(-1.07397584411302e-04dB,-2.84922560427552e-01°)
1.77827941003893e+02	(-1.09899163863878e-04dB,-2.88221752843913e-01°)
1.79887091512879e+02	(-1.12459011095045e-04dB,-2.91559146163236e-01°)
1.81970085860999e+02	(-1.15078483267522e-04dB,-2.94935182662791e-01°)
1.84077200146896e+02	(-1.17758969149277e-04dB,-2.98350309738774e-01°)
1.86208713666287e+02	(-1.20501889855254e-04dB,-3.01804979965502e-01°)
1.88364908948981e+02	(-1.23308699597775e-04dB,-3.05299651155279e-01°)
1.90546071796325e+02	(-1.26180886461067e-04dB,-3.08834786418964e-01°)
1.92752491319094e+02	(-1.29119973185441e-04dB,-3.12410854227231e-01°)
1.94984459975805e+02	(-1.32127517973647e-04dB,-3.16028328472531e-01°)
1.97242273611486e+02	(-1.35205115322329e-04dB,-3.19687688531780e-01°)
1.99526231496889e+02	(-1.38354396866006e-04dB,-3.23389419329758e-01°)
2.01836636368157e+02	(-1.41577032236505e-04dB,-3.27134011403242e-01°)
2.04173794466954e+02	(-1.44874729952294e-04dB,-3.30921960965884e-01°)
2.06538015581054e+02	(-1.48249238323253e-04dB,-3.34753769973822e-01°)
2.08929613085405e+02	(-1.51702346376675e-04dB,-3.38629946192066e-01°)
2.11348903983666e+02	(-1.55235884806420e-04dB,-3.42551003261630e-01°)
2.13796208950224e+02	(-1.58851726943294e-04dB,-3.46517460767450e-01°)
2.16271852372703e+02	(-1.62551789749556e-04dB,-3.50529844307077e-01°)
2.18776162394956e+02	(-1.66338034824036e-04dB,-3.54588685560162e-01°)
2.21309470960565e+02	(-1.70212469459351e-04dB,-3.58694522358747e-01°)
2.23872113856835e+02	(-1.74177147693341e-04dB,-3.62847898758351e-01°)
2.26464430759307e+02	(-1.78234171399097e-04dB,-3.67049365109892e-01°)
2.29086765276778e+02	(-1.82385691403936e-04dB,-3.71299478132420e-01°)
2.31739464996849e+02	(-1.86633908623819e-04dB,-3.75598800986697e-01°)
2.34422881531993e+02	(-1.90981075232504e-04dB,-3.79947903349622e-01°)
2.37137370566167e+02	(-1.95429495854823e-04dB,-3.84347361489506e-01°)
2.39883291901950e+02	(-1.99981528788914e-04dB,-3.88797758342218e-01°)
2.42661009508243e+02	(-2.04639587249681e-04dB,-3.93299683588206e-01°)
2.45470891568504e+02	(-2.09406140659530e-04dB,-3.97853733730403e-01°)
2.48313310529558e+02	(-2.14283715944917e-04dB,-4.02460512173024e-01°)
2.51188643150959e+02	(-2.19274898883053e-04dB,-4.07120629301276e-01°)
2.54097270554932e+02	(-2.24382335467935e-04dB,-4.11834702561978e-01°)
2.57039578276888e+02	(-2.29608733315924e-04dB,-4.16603356545107e-01°)
2.60015956316529e+02	(-2.34956863099328e-04dB,-4.21427223066285e-01°)
2.63026799189540e+02	(-2.40429560007968e-04dB,-4.26306941250209e-01°)
2.66072505979882e+02	(-2.46029725268641e-04dB,-4.31243157615040e-01°)
2.69153480392693e+02	(-2.51760327655927e-04dB,-4.36236526157761e-01°)
2.72270130807793e+02	(-2.57624405094643e-04dB,-4.41287708440512e-01°)
2.75422870333818e+02	(-2.63625066244974e-04dB,-4.46397373677922e-01°)
2.78612116862979e+02	(-2.69765492167672e-04dB,-4.51566198825432e-01°)
2.81838293126447e+02	(-2.76048937995083e-04dB,-4.56794868668641e-01°)
2.85101826750393e+02	(-2.82478734666819e-04dB,-4.62084075913672e-01°)
2.88403150312662e+02	(-2.89058290691509e-04dB,-4.67434521278571e-01°)
2.91742701400119e+02	(-2.95791093941376e-04dB,-4.72846913585760e-01°)
2.95120922666640e+02	(-3.02680713522080e-04dB,-4.78321969855543e-01°)
2.98538261891798e+02	(-3.09730801642600e-04dB,-4.83860415400687e-01°)
3.01995172040204e+02	(-3.16945095563283e-04dB,-4.89462983922082e-01°)
3.05492111321553e+02	(-3.24327419571898e-04dB,-4.95130417605502e-01°)
3.09029543251361e+02	(-3.31881687004116e-04dB,-5.00863467219465e-01°)
3.12607936712398e+02	(-3.39611902329606e-04dB,-5.06662892214223e-01°)
3.16227766016840e+02	(-3.47522163255552e-04dB,-5.12529460821874e-01°)
3.19889510969142e+02	(-3.55616662911237e-04dB,-5.18463950157624e-01°)
3.23593656929630e+02	(-3.63899692068365e-04dB,-5.24467146322211e-01°)
3.27340694878840e+02	(-3.72375641405812e-04dB,-5.30539844505487e-01°)
3.31131121482593e+02	(-3.81049003842913e-04dB,-5.36682849091194e-01°)
3.34965439157830e+02	(-3.89924376910427e-04dB,-5.42896973762937e-01°)
3.38844156139205e+02	(-3.99006465197765e-04dB,-5.49183041611354e-01°)
3.42767786546453e+02	(-4.08300082838870e-04dB,-5.55541885242529e-01°)
3.46736850452534e+02	(-4.17810156052178e-04dB,-5.61974346887623e-01°)
3.50751873952571e+02	(-4.27541725772284e-04dB,-5.68481278513768e-01°)
3.54813389233578e+02	(-4.37499950296159e-04dB,-5.75063541936219e-01°)
3.58921934645008e+02	(-4.47690108026862e-04dB,-5.81722008931785e-01°)
3.63078054770104e+02	(-4.58117600274251e-04dB,-5.88457561353557e-01°)
3.67282300498087e+02	(-4.68787954098222e-04dB,-5.95271091246934e-01°)
3.71535229097175e+02	(-4.79706825252356e-04dB,-6.02163500966978e-01°)
3.75837404288447e+02	(-4.90880001169139e-04dB,-6.09135703297100e-01°)
3.80189396320564e+02	(-5.02313404030171e-04dB,-6.16188621569098e-01°)
3.84591782045357e+02	(-5.14013093895323e-04dB,-6.23323189784553e-01°)
3.89045144994284e+02	(-5.25985271917847e-04dB,-6.30540352737621e-01°)
3.93550075455781e+02	(-5.38236283625203e-04dB,-6.37841066139197e-01°)
3.98107170553500e+02	(-5.50772622279108e-04dB,-6.45226296742511e-01°)
4.02717034325462e+02	(-5.63600932309982e-04dB,-6.52697022470134e-01°)
4.07380277804116e+02	(-5.76728012839315e-04dB,-6.60254232542431e-01°)
4.12097519097334e+02	(-5.90160821280305e-04dB,-6.67898927607469e-01°)
4.16869383470339e+02	(-6.03906477013893e-04dB,-6.75632119872402e-01°)
4.21696503428586e+02	(-6.17972265162374e-04dB,-6.83454833236331e-01°)
4.26579518801596e+02	(-6.32365640446127e-04dB,-6.91368103424687e-01°)
4.31519076827769e+02	(-6.47094231127347e-04dB,-6.99372978125117e-01°)
4.36515832240170e+02	(-6.62165843048479e-04dB,-7.07470517124917e-01°)
4.41570447353316e+02	(-6.77588463766343e-04dB,-7.15661792450017e-01°)
4.46683592150967e+02	(-6.93370266769421e-04dB,-7.23947888505529e-01°)
4.51855944374926e+02	(-7.09519615822681e-04dB,-7.32329902217892e-01°)
4.57088189614879e+02	(-7.26045069369534e-04dB,-7.40808943178614e-01°)
4.62381021399264e+02	(-7.42955385085473e-04dB,-7.49386133789634e-01°)
4.67735141287202e+02	(-7.60259524490797e-04dB,-7.58062609410328e-01°)
4.73151258961485e+02	(-7.77966657709240e-04dB,-7.66839518506163e-01°)
4.78630092322643e+02	(-7.96086168305022e-04dB,-7.75718022799029e-01°)
4.84172367584104e+02	(-8.14627658262925e-04dB,-7.84699297419259e-01°)
4.89778819368451e+02	(-8.33600953056467e-04dB,-7.93784531059361e-01°)
4.95450190804795e+02	(-8.53016106852377e-04dB,-8.02974926129467e-01°)
5.01187233627277e+02	(-8.72883407822497e-04dB,-8.12271698914542e-01°)
5.06990708274709e+02	(-8.93213383596833e-04dB,-8.21676079733336e-01°)
5.12861383991370e+02	(-9.14016806822133e-04dB,-8.31189313099137e-01°)
5.18800038928966e+02	(-9.35304700863595e-04dB,-8.40812657882307e-01°)
5.24807460249778e+02	(-9.57088345636236e-04dB,-8.50547387474646e-01°)
5.30884444230993e+02	(-9.79379283566898e-04dB,-8.60394789955591e-01°)
5.37031796370258e+02	(-1.00218932570236e-03dB,-8.70356168260270e-01°)
5.43250331492438e+02	(-1.02553055795196e-03dB,-8.80432840349428e-01°)
5.49540873857630e+02	(-1.04941534748123e-03dB,-8.90626139381256e-01°)
5.55904257270409e+02	(-1.07385634924490e-03dB,-9.00937413885121e-01°)
5.62341325190355e+02	(-1.09886651268540e-03dB,-9.11368027937244e-01°)
5.68852930843847e+02	(-1.12445908856792e-03dB,-9.21919361338319e-01°)
5.75439937337163e+02	(-1.15064763600029e-03dB,-9.32592809793108e-01°)
5.82103217770877e+02	(-1.17744602958761e-03dB,-9.43389785092032e-01°)
5.88843655355595e+02	(-1.20486846676586e-03dB,-9.54311715294768e-01°)
5.95662143529017e+02	(-1.23292947531385e-03dB,-9.65360044915885e-01°)
6.02559586074364e+02	(-1.26164392102385e-03dB,-9.76536235112528e-01°)
6.09536897240176e+02	(-1.29102701556031e-03dB,-9.87841763874180e-01°)
6.16595001861489e+02	(-1.32109432449575e-03dB,-9.99278126214510e-01°)
6.23734835482426e+02	(-1.35186177553467e-03dB,-1.01084683436535e+00°)
6.30957344480200e+02	(-1.38334566692828e-03dB,-1.02254941797277e+00°)
6.38263486190556e+02	(-1.41556267608503e-03dB,-1.03438742429539e+00°)
6.45654229034662e+02	(-1.44852986838079e-03dB,-1.04636241840475e+00°)
6.53130552647479e+02	(-1.48226470617066e-03dB,-1.05847598338799e+00°)
6.60693448007603e+02	(-1.51678505800816e-03dB,-1.07072972055269e+00°)
6.68343917568622e+02	(-1.55210920808559e-03dB,-1.08312524963394e+00°)
6.76082975391989e+02	(-1.58825586588952e-03dB,-1.09566420900374e+00°)
6.83911647281437e+02	(-1.62524417607268e-03dB,-1.10834825588259e+00°)
6.91830970918944e+02	(-1.66309372856628e-03dB,-1.12117906655345e+00°)
6.99841996002281e+02	(-1.70182456891551e-03dB,-1.13415833657801e+00°)
7.07945784384146e+02	(-1.74145720886530e-03dB,-1.14728778101531e+00°)
7.16143410212910e+02	(-1.78201263718092e-03dB,-1.16056913464271e+00°)
7.24435960074998e+02	(-1.82351233073059e-03dB,-1.17400415217928e+00°)
7.32824533138912e+02	(-1.86597826580497e-03dB,-1.18759460851157e+00°)
7.41310241300926e+02	(-1.90943292972295e-03dB,-1.20134229892185e+00°)
7.49894209332465e+02	(-1.95389933268988e-03dB,-1.21524903931880e+00°)
7.58577575029193e+02	(-1.99940101992590e-03dB,-1.22931666647064e+00°)
7.67361489361828e+02	(-2.04596208410763e-03dB,-1.24354703824078e+00°)
7.76247116628701e+02	(-2.09360717803961e-03dB,-1.25794203382608e+00°)
7.85235634610081e+02	(-2.14236152767792e-03dB,-1.27250355399748e+00°)
7.94328234724291e+02	(-2.19225094542133e-03dB,-1.28723352134335e+00°)
8.03526122185627e+02	(-2.24330184371047e-03dB,-1.30213388051535e+00°)
8.12830516164109e+02	(-2.29554124895741e-03dB,-1.31720659847696e+00°)
8.22242649947081e+02	(-2.34899681578747e-03dB,-1.33245366475454e+00°)
8.31763771102681e+02	(-2.40369684160093e-03dB,-1.34787709169117e+00°)
8.41395141645205e+02	(-2.45967028148771e-03dB,-1.36347891470308e+00°)
8.51138038202387e+02	(-2.51694676348171e-03dB,-1.37926119253879e+00°)
8.60993752184611e+02	(-2.57555660415562e-03dB,-1.39522600754104e+00°)
8.70963589956091e+02	(-2.63553082459147e-03dB,-1.41137546591134e+00°)
8.81048873008025e+02	(-2.69690116671511e-03dB,-1.42771169797739e+00°)
8.91250938133757e+02	(-2.75970010999225e-03dB,-1.44423685846323e+00°)
9.01571137605968e+02	(-2.82396088853892e-03dB,-1.46095312676222e+00°)
9.12010839355921e+02	(-2.88971750859668e-03dB,-1.47786270721282e+00°)
9.22571427154775e+02	(-2.95700476643717e-03dB,-1.49496782937728e+00°)
9.33254300797003e+02	(-3.02585826665104e-03dB,-1.51227074832308e+00°)
9.44060876285936e+02	(-3.09631444088491e-03dB,-1.52977374490743e+00°)
9.54992586021448e+02	(-3.16841056699396e-03dB,-1.54747912606450e+00°)
9.66050878989826e+02	(-3.24218478864217e-03dB,-1.56538922509573e+00°)
9.77237220955823e+02	(-3.31767613534646e-03dB,-1.58350640196299e+00°)
9.88553094656952e+02	(-3.39492454299887e-03dB,-1.60183304358480e+00°)
1.00000000000001e+03	(-3.47397087483228e-03dB,-1.62037156413542e+00°)
1.01157945425991e+03	(-3.55485694290219e-03dB,-1.63912440534708e+00°)
1.02329299228077e+03	(-3.63762553003870e-03dB,-1.65809403681515e+00°)
1.03514216667936e+03	(-3.72232041230641e-03dB,-1.67728295630643e+00°)
1.04712854805091e+03	(-3.80898638199393e-03dB,-1.69669369007039e+00°)
1.05925372517730e+03	(-3.89766927111586e-03dB,-1.71632879315364e+00°)
1.07151930523762e+03	(-3.98841597546232e-03dB,-1.73619084971742e+00°)
1.08392691402122e+03	(-4.08127447919642e-03dB,-1.75628247335816e+00°)
1.09647819614320e+03	(-4.17629388002504e-03dB,-1.77660630743131e+00°)
1.10917481526242e+03	(-4.27352441494146e-03dB,-1.79716502537821e+00°)
1.12201845430198e+03	(-4.37301748654883e-03dB,-1.81796133105618e+00°)
1.13501081567233e+03	(-4.47482569000261e-03dB,-1.83899795907175e+00°)
1.14815362149690e+03	(-4.57900284057045e-03dB,-1.86027767511714e+00°)
1.16144861384036e+03	(-4.68560400180702e-03dB,-1.88180327630993e+00°)
1.17489755493955e+03	(-4.79468551438972e-03dB,-1.90357759153592e+00°)
1.18850222743704e+03	(-4.90630502561283e-03dB,-1.92560348179530e+00°)
1.20226443461743e+03	(-5.02052151954149e-03dB,-1.94788384055199e+00°)
1.21618600064639e+03	(-5.13739534788322e-03dB,-1.97042159408631e+00°)
1.23026877081240e+03	(-5.25698826153387e-03dB,-1.99321970185086e+00°)
1.24451461177140e+03	(-5.37936344287211e-03dB,-2.01628115682974e+00°)
1.25892541179419e+03	(-5.50458553877410e-03dB,-2.03960898590100e+00°)
1.27350308101668e+03	(-5.63272069437788e-03dB,-2.06320625020247e+00°)
1.28824955169315e+03	(-5.76383658764939e-03dB,-2.08707604550076e+00°)
1.30316677845232e+03	(-5.89800246469587e-03dB,-2.11122150256374e+00°)
1.31825673855643e+03	(-6.03528917590922e-03dB,-2.13564578753621e+00°)
1.33352143216334e+03	(-6.17576921293366e-03dB,-2.16035210231890e+00°)
1.34896288259167e+03	(-6.31951674646013e-03dB,-2.18534368495089e+00°)
1.36458313658895e+03	(-6.46660766490065e-03dB,-2.21062380999524e+00°)
1.38038426460291e+03	(-6.61711961391930e-03dB,-2.23619578892797e+00°)
1.39636836105596e+03	(-6.77113203688446e-03dB,-2.26206297053044e+00°)
1.41253754462278e+03	(-6.92872621623080e-03dB,-2.28822874128494e+00°)
1.42889395851112e+03	(-7.08998531575712e-03dB,-2.31469652577369e+00°)
1.44543977074595e+03	(-7.25499442388627e-03dB,-2.34146978708108e+00°)
1.46217717445674e+03	(-7.42384059791321e-03dB,-2.36855202719924e+00°)
1.47910838816823e+03	(-7.59661290925237e-03dB,-2.39594678743698e+00°)
1.49623565609446e+03	(-7.77340248969961e-03dB,-2.42365764883183e+00°)
1.51356124843623e+03	(-7.95430257876358e-03dB,-2.45168823256559e+00°)
1.53108746168205e+03	(-8.13940857204149e-03dB,-2.48004220038294e+00°)
1.54881661891251e+03	(-8.32881807071515e-03dB,-2.50872325501341e+00°)
1.56675107010817e+03	(-8.52263093214561e-03dB,-2.53773514059656e+00°)
1.58489319246114e+03	(-8.72094932162199e-03dB,-2.56708164311028e+00°)
1.60324539069007e+03	(-8.92387776526517e-03dB,-2.59676659080245e+00°)
1.62181009735896e+03	(-9.13152320414207e-03dB,-2.62679385462555e+00°)
1.64058977319957e+03	(-9.34399504957893e-03dB,-2.65716734867459e+00°)
1.65958690743759e+03	(-9.56140523974083e-03dB,-2.68789103062801e+00°)
1.67880401812259e+03	(-9.78386829746142e-03dB,-2.71896890219175e+00°)
1.69824365246177e+03	(-1.00115013893883e-02dB,-2.75040500954628e+00°)
1.71790838715762e+03	(-1.02444243864521e-02dB,-2.78220344379670e+00°)
1.73780082874940e+03	(-1.04827599256877e-02dB,-2.81436834142576e+00°)
1.75792361395872e+03	(-1.07266334734465e-02dB,-2.84690388474982e+00°)
1.77827941003895e+03	(-1.09761733900221e-02dB,-2.87981430237765e+00°)
1.79887091512882e+03	(-1.12315109957190e-02dB,-2.91310386967212e+00°)
1.81970085861001e+03	(-1.14927806383950e-02dB,-2.94677690921459e+00°)
1.84077200146899e+03	(-1.17601197625332e-02dB,-2.98083779127208e+00°)
1.86208713666290e+03	(-1.20336689798158e-02dB,-3.01529093426703e+00°)
1.88364908948983e+03	(-1.23135721413088e-02dB,-3.05014080524971e+00°)
1.90546071796328e+03	(-1.25999764112269e-02dB,-3.08539192037313e+00°)
1.92752491319097e+03	(-1.28930323423520e-02dB,-3.12104884537043e+00°)
1.94984459975808e+03	(-1.31928939531157e-02dB,-3.15711619603458e+00°)
1.97242273611489e+03	(-1.34997188064078e-02dB,-3.19359863870049e+00°)
1.99526231496891e+03	(-1.38136680901104e-02dB,-3.23050089072924e+00°)
2.01836636368160e+03	(-1.41349066994262e-02dB,-3.26782772099446e+00°)
2.04173794466956e+03	(-1.44636033210299e-02dB,-3.30558395037079e+00°)
2.06538015581057e+03	(-1.47999305190610e-02dB,-3.34377445222423e+00°)
2.08929613085408e+03	(-1.51440648230234e-02dB,-3.38240415290431e+00°)
2.11348903983668e+03	(-1.54961868176245e-02dB,-3.42147803223801e+00°)
2.13796208950227e+03	(-1.58564812345751e-02dB,-3.46100112402530e+00°)
2.16271852372706e+03	(-1.62251370464084e-02dB,-3.50097851653611e+00°)
2.18776162394959e+03	(-1.66023475623696e-02dB,-3.54141535300872e+00°)
2.21309470960568e+03	(-1.69883105263757e-02dB,-3.58231683214932e+00°)
2.23872113856838e+03	(-1.73832282171504e-02dB,-3.62368820863273e+00°)
2.26464430759310e+03	(-1.77873075505108e-02dB,-3.66553479360396e+00°)
2.29086765276781e+03	(-1.82007601839006e-02dB,-3.70786195518065e+00°)
2.31739464996852e+03	(-1.86238026231921e-02dB,-3.75067511895612e+00°)
2.34422881531996e+03	(-1.90566563318118e-02dB,-3.79397976850283e+00°)
2.37137370566170e+03	(-1.94995478422169e-02dB,-3.83778144587615e+00°)
2.39883291901953e+03	(-1.99527088698030e-02dB,-3.88208575211831e+00°)
2.42661009508246e+03	(-2.04163764292414e-02dB,-3.92689834776214e+00°)
2.45470891568508e+03	(-2.08907929533668e-02dB,-3.97222495333461e+00°)
2.48313310529562e+03	(-2.13762064145720e-02dB,-4.01807134985983e+00°)
2.51188643150963e+03	(-2.18728704488534e-02dB,-4.06444337936138e+00°)
2.54097270554935e+03	(-2.23810444824870e-02dB,-4.11134694536365e+00°)
2.57039578276891e+03	(-2.29009938614156e-02dB,-4.15878801339206e+00°)
2.60015956316532e+03	(-2.34329899834044e-02dB,-4.20677261147185e+00°)
2.63026799189543e+03	(-2.39773104330092e-02dB,-4.25530683062515e+00°)
2.66072505979886e+03	(-2.45342391193940e-02dB,-4.30439682536616e+00°)
2.69153480392697e+03	(-2.51040664170931e-02dB,-4.35404881419408e+00°)
2.72270130807796e+03	(-2.56870893097327e-02dB,-4.40426908008356e+00°)
2.75422870333822e+03	(-2.62836115367781e-02dB,-4.45506397097233e+00°)
2.78612116862982e+03	(-2.68939437433876e-02dB,-4.50643990024566e+00°)
2.81838293126451e+03	(-2.75184036333887e-02dB,-4.55840334721749e+00°)
2.85101826750396e+03	(-2.81573161254657e-02dB,-4.61096085760766e+00°)
2.88403150312666e+03	(-2.88110135125987e-02dB,-4.66411904401505e+00°)
2.91742701400122e+03	(-2.94798356248295e-02dB,-4.71788458638625e+00°)
2.95120922666644e+03	(-3.01641299953917e-02dB,-4.77226423247929e+00°)
2.98538261891802e+03	(-3.08642520302894e-02dB,-4.82726479832217e+00°)
3.01995172040208e+03	(-3.15805651813517e-02dB,-4.88289316866568e+00°)
3.05492111321557e+03	(-3.23134411228760e-02dB,-4.93915629743006e+00°)
3.09029543251365e+03	(-3.30632599318561e-02dB,-4.99606120814525e+00°)
3.12607936712402e+03	(-3.38304102719092e-02dB,-5.05361499438403e+00°)
3.16227766016844e+03	(-3.46152895809464e-02dB,-5.11182482018772e+00°)
3.19889510969146e+03	(-3.54183042626345e-02dB,-5.17069792048397e+00°)
3.23593656929635e+03	(-3.62398698817419e-02dB,-5.23024160149603e+00°)
3.27340694878845e+03	(-3.70804113634017e-02dB,-5.29046324114304e+00°)
3.31131121482598e+03	(-3.79403631963759e-02dB,-5.35137028943083e+00°)
3.34965439157834e+03	(-3.88201696403859e-02dB,-5.41297026883255e+00°)
3.38844156139209e+03	(-3.97202849375462e-02dB,-5.47527077465868e+00°)
3.42767786546457e+03	(-4.06411735280102e-02dB,-5.53827947541570e+00°)
3.46736850452539e+03	(-4.15833102698471e-02dB,-5.60200411315295e+00°)
3.50751873952575e+03	(-4.25471806632410e-02dB,-5.66645250379674e+00°)
3.54813389233583e+03	(-4.35332810790737e-02dB,-5.73163253747149e+00°)
3.58921934645013e+03	(-4.45421189919516e-02dB,-5.79755217880670e+00°)
3.63078054770109e+03	(-4.55742132177374e-02dB,-5.86421946722948e+00°)
3.67282300498092e+03	(-4.66300941556539e-02dB,-5.93164251724159e+00°)
3.71535229097180e+03	(-4.77103040350325e-02dB,-5.99982951868039e+00°)
3.75837404288452e+03	(-4.88153971667519e-02dB,-6.06878873696284e+00°)
3.80189396320569e+03	(-4.99459401994446e-02dB,-6.13852851331179e+00°)
3.84591782045362e+03	(-5.11025123805201e-02dB,-6.20905726496367e+00°)
3.89045144994289e+03	(-5.22857058220971e-02dB,-6.28038348535671e+00°)
3.93550075455786e+03	(-5.34961257718483e-02dB,-6.35251574429884e+00°)
3.98107170553506e+03	(-5.47343908888835e-02dB,-6.42546268811428e+00°)
4.02717034325468e+03	(-5.60011335246788e-02dB,-6.49923303976796e+00°)
4.07380277804121e+03	(-5.72970000091499e-02dB,-6.57383559896662e+00°)
4.12097519097339e+03	(-5.86226509418846e-02dB,-6.64927924223582e+00°)
4.16869383470344e+03	(-5.99787614886273e-02dB,-6.72557292297153e+00°)
4.21696503428591e+03	(-6.13660216830535e-02dB,-6.80272567146548e+00°)
4.26579518801602e+03	(-6.27851367338781e-02dB,-6.88074659490294e+00°)
4.31519076827775e+03	(-6.42368273373728e-02dB,-6.95964487733200e+00°)
4.36515832240175e+03	(-6.57218299953151e-02dB,-7.03942977960293e+00°)
4.41570447353322e+03	(-6.72408973384267e-02dB,-7.12011063927666e+00°)
4.46683592150973e+03	(-6.87947984553545e-02dB,-7.20169687050090e+00°)
4.51855944374932e+03	(-7.03843192272307e-02dB,-7.28419796385278e+00°)
4.57088189614885e+03	(-7.20102626678233e-02dB,-7.36762348614662e+00°)
4.62381021399271e+03	(-7.36734492693794e-02dB,-7.45198308020543e+00°)
4.67735141287209e+03	(-7.53747173541204e-02dB,-7.53728646459487e+00°)
4.73151258961491e+03	(-7.71149234314700e-02dB,-7.62354343331808e+00°)
4.78630092322649e+03	(-7.88949425610282e-02dB,-7.71076385547001e+00°)
4.84172367584110e+03	(-8.07156687212974e-02dB,-7.79895767484968e+00°)
4.89778819368457e+03	(-8.25780151842202e-02dB,-7.88813490952888e+00°)
4.95450190804801e+03	(-8.44829148954891e-02dB,-7.97830565137559e+00°)
5.01187233627284e+03	(-8.64313208606991e-02dB,-8.06948006553062e+00°)
5.06990708274716e+03	(-8.84242065372905e-02dB,-8.16166838983570e+00°)
5.12861383991376e+03	(-9.04625662323392e-02dB,-8.25488093421134e+00°)
5.18800038928973e+03	(-9.25474155061388e-02dB,-8.34912807998260e+00°)
5.24807460249785e+03	(-9.46797915816045e-02dB,-8.44442027915116e+00°)
5.30884444231001e+03	(-9.68607537594668e-02dB,-8.54076805361157e+00°)
5.37031796370265e+03	(-9.90913838392167e-02dB,-8.63818199431001e+00°)
5.43250331492446e+03	(-1.01372786545819e-01dB,-8.73667276034351e+00°)
5.49540873857637e+03	(-1.03706089962103e-01dB,-8.83625107799760e+00°)
5.55904257270416e+03	(-1.06092445966837e-01dB,-8.93692773972050e+00°)
5.62341325190362e+03	(-1.08533030678400e-01dB,-9.03871360303161e+00°)
5.68852930843855e+03	(-1.11029044904006e-01dB,-9.14161958936228e+00°)
5.75439937337170e+03	(-1.13581714594430e-01dB,-9.24565668282669e+00°)
5.82103217770885e+03	(-1.16192291304122e-01dB,-9.35083592892054e+00°)
5.88843655355603e+03	(-1.18862052656667e-01dB,-9.45716843314543e+00°)
5.95662143529025e+03	(-1.21592302815460e-01dB,-9.56466535955647e+00°)
6.02559586074372e+03	(-1.24384372959510e-01dB,-9.67333792923093e+00°)
6.09536897240184e+03	(-1.27239621764256e-01dB,-9.78319741865542e+00°)
6.16595001861497e+03	(-1.30159435887257e-01dB,-9.89425515802921e+00°)
6.23734835482434e+03	(-1.33145230458636e-01dB,-1.00065225294812e+01°)
6.30957344480208e+03	(-1.36198449576106e-01dB,-1.01200109651983e+01°)
6.38263486190564e+03	(-1.39320566804415e-01dB,-1.02347319454618e+01°)
6.45654229034671e+03	(-1.42513085679073e-01dB,-1.03506969965904e+01°)
6.53130552647488e+03	(-1.45777540214107e-01dB,-1.04679176887863e+01°)
6.60693448007612e+03	(-1.49115495413670e-01dB,-1.05864056338819e+01°)
6.68343917568631e+03	(-1.52528547787320e-01dB,-1.07061724829849e+01°)
6.76082975391998e+03	(-1.56018325868659e-01dB,-1.08272299240178e+01°)
6.83911647281446e+03	(-1.59586490737124e-01dB,-1.09495896791511e+01°)
6.91830970918953e+03	(-1.63234736542681e-01dB,-1.10732635021250e+01°)
6.99841996002291e+03	(-1.66964791033074e-01dB,-1.11982631754587e+01°)
7.07945784384155e+03	(-1.70778416083399e-01dB,-1.13246005075436e+01°)
7.16143410212920e+03	(-1.74677408227600e-01dB,-1.14522873296169e+01°)
7.24435960075008e+03	(-1.78663599191635e-01dB,-1.15813354926149e+01°)
7.32824533138922e+03	(-1.82738856427853e-01dB,-1.17117568638999e+01°)
7.41310241300936e+03	(-1.86905083650292e-01dB,-1.18435633238610e+01°)
7.49894209332474e+03	(-1.91164221370422e-01dB,-1.19767667623830e+01°)
7.58577575029203e+03	(-1.95518247432952e-01dB,-1.21113790751833e+01°)
7.67361489361838e+03	(-1.99969177551223e-01dB,-1.22474121600111e+01°)
7.76247116628711e+03	(-2.04519065841737e-01dB,-1.23848779127078e+01°)
7.85235634610092e+03	(-2.09170005357332e-01dB,-1.25237882231253e+01°)
7.94328234724302e+03	(-2.13924128618435e-01dB,-1.26641549708989e+01°)
8.03526122185638e+03	(-2.18783608141914e-01dB,-1.28059900210719e+01°)
8.12830516164120e+03	(-2.23750656966910e-01dB,-1.29493052195700e+01°)
8.22242649947092e+03	(-2.28827529177071e-01dB,-1.30941123885209e+01°)
8.31763771102692e+03	(-2.34016520418555e-01dB,-1.32404233214180e+01°)
8.41395141645217e+03	(-2.39319968413158e-01dB,-1.33882497781252e+01°)
8.51138038202398e+03	(-2.44740253465877e-01dB,-1.35376034797180e+01°)
8.60993752184623e+03	(-2.50279798966200e-01dB,-1.36884961031621e+01°)
8.70963589956103e+03	(-2.55941071882392e-01dB,-1.38409392758227e+01°)
8.81048873008037e+03	(-2.61726583247987e-01dB,-1.39949445698057e+01°)
8.91250938133769e+03	(-2.67638888639714e-01dB,-1.41505234961256e+01°)
9.01571137605980e+03	(-2.73680588646001e-01dB,-1.43076874986993e+01°)
9.12010839355933e+03	(-2.79854329325201e-01dB,-1.44664479481632e+01°)
9.22571427154787e+03	(-2.86162802652660e-01dB,-1.46268161355111e+01°)
9.33254300797015e+03	(-2.92608746955672e-01dB,-1.47888032655520e+01°)
9.44060876285948e+03	(-2.99194947335399e-01dB,-1.49524204501842e+01°)
9.54992586021461e+03	(-3.05924236074714e-01dB,-1.51176787014860e+01°)
9.66050878989839e+03	(-3.12799493031004e-01dB,-1.52845889246194e+01°)
9.77237220955837e+03	(-3.19823646012814e-01dB,-1.54531619105473e+01°)
9.88553094656965e+03	(-3.26999671139293e-01dB,-1.56234083285620e+01°)
1.00000000000003e+04	(-3.34330593181268e-01dB,-1.57953387186234e+01°)
1.01157945425993e+04	(-3.41819485882843e-01dB,-1.59689634835078e+01°)
1.02329299228078e+04	(-3.49469472262286e-01dB,-1.61442928807654e+01°)
1.03514216667937e+04	(-3.57283724891007e-01dB,-1.63213370144859e+01°)
1.04712854805093e+04	(-3.65265466149375e-01dB,-1.65001058268739e+01°)
1.05925372517732e+04	(-3.73417968458065e-01dB,-1.66806090896316e+01°)
1.07151930523764e+04	(-3.81744554483650e-01dB,-1.68628563951525e+01°)
1.08392691402123e+04	(-3.90248597317054e-01dB,-1.70468571475229e+01°)
1.09647819614321e+04	(-3.98933520623540e-01dB,-1.72326205533366e+01°)
1.10917481526243e+04	(-4.07802798762759e-01dB,-1.74201556123204e+01°)
1.12201845430199e+04	(-4.16859956877505e-01dB,-1.76094711077745e+01°)
1.13501081567235e+04	(-4.26108570949645e-01dB,-1.78005755968287e+01°)
1.14815362149691e+04	(-4.35552267821790e-01dB,-1.79934774005177e+01°)
1.16144861384037e+04	(-4.45194725183187e-01dB,-1.81881845936775e+01°)
1.17489755493956e+04	(-4.55039671518287e-01dB,-1.83847049946672e+01°)
1.18850222743705e+04	(-4.65090886016450e-01dB,-1.85830461549181e+01°)
1.20226443461745e+04	(-4.75352198441261e-01dB,-1.87832153483170e+01°)
1.21618600064640e+04	(-4.85827488957775e-01dB,-1.89852195604256e+01°)
1.23026877081242e+04	(-4.96520687916226e-01dB,-1.91890654775424e+01°)
1.24451461177142e+04	(-5.07435775590479e-01dB,-1.93947594756128e+01°)
1.25892541179420e+04	(-5.18576781869690e-01dB,-1.96023076089931e+01°)
1.27350308101670e+04	(-5.29947785901522e-01dB,-1.98117155990747e+01°)
1.28824955169317e+04	(-5.41552915685293e-01dB,-2.00229888227764e+01°)
1.30316677845234e+04	(-5.53396347613457e-01dB,-2.02361323009121e+01°)
1.31825673855644e+04	(-5.65482305959807e-01dB,-2.04511506864419e+01°)
1.33352143216336e+04	(-5.77815062312765e-01dB,-2.06680482526163e+01°)
1.34896288259169e+04	(-5.90398934952213e-01dB,-2.08868288810220e+01°)
1.36458313658896e+04	(-6.03238288168249e-01dB,-2.11074960495400e+01°)
1.38038426460292e+04	(-6.16337531520367e-01dB,-2.13300528202261e+01°)
1.39636836105598e+04	(-6.29701119035471e-01dB,-2.15545018271266e+01°)
1.41253754462279e+04	(-6.43333548343300e-01dB,-2.17808452640386e+01°)
1.42889395851114e+04	(-6.57239359747751e-01dB,-2.20090848722302e+01°)
1.44543977074597e+04	(-6.71423135232715e-01dB,-2.22392219281317e+01°)
1.46217717445676e+04	(-6.85889497401041e-01dB,-2.24712572310137e+01°)
1.47910838816825e+04	(-7.00643108345325e-01dB,-2.27051910906643e+01°)
1.49623565609448e+04	(-7.15688668449260e-01dB,-2.29410233150831e+01°)
1.51356124843625e+04	(-7.31030915118350e-01dB,-2.31787531982062e+01°)
1.53108746168207e+04	(-7.46674621438853e-01dB,-2.34183795076789e+01°)
1.54881661891253e+04	(-7.62624594763955e-01dB,-2.36599004726944e+01°)
1.56675107010819e+04	(-7.78885675226126e-01dB,-2.39033137719153e+01°)
1.58489319246116e+04	(-7.95462734174882e-01dB,-2.41486165214961e+01°)
1.60324539069009e+04	(-8.12360672539090e-01dB,-2.43958052632269e+01°)
1.62181009735898e+04	(-8.29584419113192e-01dB,-2.46448759528175e+01°)
1.64058977319959e+04	(-8.47138928766762e-01dB,-2.48958239483413e+01°)
1.65958690743761e+04	(-8.65029180576944e-01dB,-2.51486439988613e+01°)
1.67880401812261e+04	(-8.83260175883440e-01dB,-2.54033302332584e+01°)
1.69824365246179e+04	(-9.01836936265889e-01dB,-2.56598761492848e+01°)
1.71790838715764e+04	(-9.20764501443493e-01dB,-2.59182746028637e+01°)
1.73780082874943e+04	(-9.40047927097061e-01dB,-2.61785177976596e+01°)
1.75792361395875e+04	(-9.59692282613645e-01dB,-2.64405972749411e+01°)
1.77827941003898e+04	(-9.79702648754164e-01dB,-2.67045039037604e+01°)
1.79887091512884e+04	(-1.00008411524457e+00dB,-2.69702278714739e+01°)
1.81970085861004e+04	(-1.02084177829129e+00dB,-2.72377586746270e+01°)
1.84077200146901e+04	(-1.04198073802174e+00dB,-2.75070851102285e+01°)
1.86208713666292e+04	(-1.06350609585116e+00dB,-2.77781952674394e+01°)
1.88364908948986e+04	(-1.08542295177680e+00dB,-2.80510765196994e+01°)
1.90546071796331e+04	(-1.10773640160103e+00dB,-2.83257155173180e+01°)
1.92752491319099e+04	(-1.13045153408507e+00dB,-2.86020981805539e+01°)
1.94984459975810e+04	(-1.15357342803489e+00dB,-2.88802096932069e+01°)
1.97242273611491e+04	(-1.17710714932170e+00dB,-2.91600344967492e+01°)
1.99526231496894e+04	(-1.20105774783889e+00dB,-2.94415562850176e+01°)
2.01836636368162e+04	(-1.22543025439809e+00dB,-2.97247579994939e+01°)
2.04173794466959e+04	(-1.25022967756696e+00dB,-3.00096218251946e+01°)
2.06538015581059e+04	(-1.27546100045141e+00dB,-3.02961291871956e+01°)
2.08929613085410e+04	(-1.30112917742549e+00dB,-3.05842607478135e+01°)
2.11348903983671e+04	(-1.32723913081217e+00dB,-3.08739964044665e+01°)
2.13796208950230e+04	(-1.35379574751838e+00dB,-3.11653152882363e+01°)
2.16271852372709e+04	(-1.38080387562808e+00dB,-3.14581957631521e+01°)
2.18776162394962e+04	(-1.40826832095729e+00dB,-3.17526154262176e+01°)
2.21309470960571e+04	(-1.43619384357496e+00dB,-3.20485511081981e+01°)
2.23872113856841e+04	(-1.46458515429418e+00dB,-3.23459788751889e+01°)
2.26464430759313e+04	(-1.49344691113807e+00dB,-3.26448740309797e+01°)
2.29086765276784e+04	(-1.52278371578493e+00dB,-3.29452111202318e+01°)
2.31739464996855e+04	(-1.55260010999767e+00dB,-3.32469639324838e+01°)
2.34422881532000e+04	(-1.58290057204230e+00dB,-3.35501055069970e+01°)
2.37137370566173e+04	(-1.61368951310071e+00dB,-3.38546081384549e+01°)
2.39883291901957e+04	(-1.64497127368309e+00dB,-3.41604433835255e+01°)
2.42661009508249e+04	(-1.67675012004535e+00dB,-3.44675820682962e+01°)
2.45470891568511e+04	(-1.70903024061708e+00dB,-3.47759942965880e+01°)
2.48313310529565e+04	(-1.74181574244583e+00dB,-3.50856494591553e+01°)
2.51188643150966e+04	(-1.77511064766344e+00dB,-3.53965162437744e+01°)
2.54097270554939e+04	(-1.80891888998018e+00dB,-3.57085626462228e+01°)
2.57039578276895e+04	(-1.84324431121289e+00dB,-3.60217559821499e+01°)
2.60015956316536e+04	(-1.87809065785289e+00dB,-3.63360628998365e+01°)
2.63026799189547e+04	(-1.91346157767977e+00dB,-3.66514493938396e+01°)
2.66072505979890e+04	(-1.94936061642725e+00dB,-3.69678808195169e+01°)
2.69153480392700e+04	(-1.98579121450700e+00dB,-3.72853219084224e+01°)
2.72270130807800e+04	(-2.02275670379663e+00dB,-3.76037367845645e+01°)
2.75422870333826e+04	(-2.06026030449784e+00dB,-3.79230889815124e+01°)
2.78612116862986e+04	(-2.09830512207078e+00dB,-3.82433414603393e+01°)
2.81838293126455e+04	(-2.13689414425046e+00dB,-3.85644566283834e+01°)
2.85101826750400e+04	(-2.17603023815115e+00dB,-3.88863963588112e+01°)
2.88403150312670e+04	(-2.21571614746452e+00dB,-3.92091220109603e+01°)
2.91742701400126e+04	(-2.25595448975717e+00dB,-3.95325944514409e+01°)
2.95120922666648e+04	(-2.29674775387288e+00dB,-3.98567740759703e+01°)
2.98538261891806e+04	(-2.33809829744525e+00dB,-4.01816208319158e+01°)
3.01995172040212e+04	(-2.38000834452552e+00dB,-4.05070942415151e+01°)
3.05492111321561e+04	(-2.42247998333086e+00dB,-4.08331534257468e+01°)
3.09029543251369e+04	(-2.46551516411763e+00dB,-4.11597571288162e+01°)
3.12607936712406e+04	(-2.50911569718443e+00dB,-4.14868637432252e+01°)
3.16227766016848e+04	(-2.55328325100885e+00dB,-4.18144313353893e+01°)
3.19889510969150e+04	(-2.59801935052239e+00dB,-4.21424176717649e+01°)
3.23593656929639e+04	(-2.64332537552689e+00dB,-4.24707802454489e+01°)
3.27340694878849e+04	(-2.68920255925630e+00dB,-4.27994763032109e+01°)
3.31131121482602e+04	(-2.73565198708660e+00dB,-4.31284628729161e+01°)
3.34965439157839e+04	(-2.78267459539709e+00dB,-4.34576967912980e+01°)
3.38844156139214e+04	(-2.83027117058527e+00dB,-4.37871347320354e+01°)
3.42767786546462e+04	(-2.87844234823767e+00dB,-4.41167332340927e+01°)
3.46736850452543e+04	(-2.92718861245848e+00dB,-4.44464487302758e+01°)
3.50751873952580e+04	(-2.97651029535738e+00dB,-4.47762375759590e+01°)
3.54813389233588e+04	(-3.02640757669785e+00dB,-4.51060560779375e+01°)
3.58921934645017e+04	(-3.07688048370664e+00dB,-4.54358605233578e+01°)
3.63078054770114e+04	(-3.12792889104497e+00dB,-4.57656072086799e+01°)
3.67282300498097e+04	(-3.17955252094132e+00dB,-4.60952524686251e+01°)
3.71535229097185e+04	(-3.23175094348569e+00dB,-4.64247527050606e+01°)
3.75837404288457e+04	(-3.28452357708461e+00dB,-4.67540644157775e+01°)
3.80189396320574e+04	(-3.33786968907585e+00dB,-4.70831442231127e+01°)
3.84591782045367e+04	(-3.39178839650145e+00dB,-4.74119489023710e+01°)
3.89045144994294e+04	(-3.44627866703745e+00dB,-4.77404354100015e+01°)
3.93550075455791e+04	(-3.50133932007803e+00dB,-4.80685609114838e+01°)
3.98107170553511e+04	(-3.55696902797189e+00dB,-4.83962828088810e+01°)
4.02717034325473e+04	(-3.61316631740799e+00dB,-4.87235587680154e+01°)
4.07380277804127e+04	(-3.66992957094754e+00dB,-4.90503467452278e+01°)
4.12097519097345e+04	(-3.72725702869910e+00dB,-4.93766050136773e+01°)
4.16869383470350e+04	(-3.78514679013291e+00dB,-4.97022921891454e+01°)
4.21696503428597e+04	(-3.84359681603061e+00dB,-5.00273672553045e+01°)
4.26579518801608e+04	(-3.90260493056615e+00dB,-5.03517895884168e+01°)
4.31519076827780e+04	(-3.96216882351349e+00dB,-5.06755189814278e+01°)
4.36515832240181e+04	(-4.02228605257629e+00dB,-5.09985156674223e+01°)
4.41570447353328e+04	(-4.08295404583479e+00dB,-5.13207403424126e+01°)
4.46683592150979e+04	(-4.14417010430472e+00dB,-5.16421541874287e+01°)
4.51855944374938e+04	(-4.20593140460306e+00dB,-5.19627188898846e+01°)
4.57088189614891e+04	(-4.26823500171505e+00dB,-5.22823966641944e+01°)
4.62381021399277e+04	(-4.33107783185701e+00dB,-5.26011502716160e+01°)
4.67735141287215e+04	(-4.39445671542917e+00dB,-5.29189430393012e+01°)
4.73151258961497e+04	(-4.45836836005272e+00dB,-5.32357388785323e+01°)
4.78630092322655e+04	(-4.52280936368513e+00dB,-5.35515023021288e+01°)
4.84172367584117e+04	(-4.58777621780785e+00dB,-5.38661984410101e+01°)
4.89778819368464e+04	(-4.65326531068024e+00dB,-5.41797930599000e+01°)
4.95450190804808e+04	(-4.71927293065375e+00dB,-5.44922525721630e+01°)
5.01187233627290e+04	(-4.78579526954025e+00dB,-5.48035440537638e+01°)
5.06990708274723e+04	(-4.85282842602840e+00dB,-5.51136352563435e+01°)
5.12861383991383e+04	(-4.92036840914207e+00dB,-5.54224946194079e+01°)
5.18800038928980e+04	(-4.98841114173471e+00dB,-5.57300912816246e+01°)
5.24807460249792e+04	(-5.05695246401375e+00dB,-5.60363950912294e+01°)
5.30884444231008e+04	(-5.12598813708920e+00dB,-5.63413766155434e+01°)
5.37031796370272e+04	(-5.19551384654045e+00dB,-5.66450071496021e+01°)
5.43250331492453e+04	(-5.26552520599574e+00dB,-5.69472587239036e+01°)
5.49540873857645e+04	(-5.33601776071862e+00dB,-5.72481041112816e+01°)
5.55904257270424e+04	(-5.40698699119591e+00dB,-5.75475168329112e+01°)
5.62341325190370e+04	(-5.47842831672181e+00dB,-5.78454711634584e+01°)
5.68852930843862e+04	(-5.55033709897297e+00dB,-5.81419421353835e+01°)
5.75439937337178e+04	(-5.62270864556957e+00dB,-5.84369055424127e+01°)
5.82103217770893e+04	(-5.69553821361724e+00dB,-5.87303379421907e+01°)
5.88843655355611e+04	(-5.76882101322558e+00dB,-5.90222166581311e+01°)
5.95662143529032e+04	(-5.84255221099823e+00dB,-5.93125197804807e+01°)
6.02559586074380e+04	(-5.91672693349058e+00dB,-5.96012261666152e+01°)
6.09536897240192e+04	(-5.99134027063073e+00dB,-5.98883154405862e+01°)
6.16595001861505e+04	(-6.06638727909982e+00dB,-6.01737679919388e+01°)
6.23734835482442e+04	(-6.14186298566804e+00dB,-6.04575649738196e+01°)
6.30957344480217e+04	(-6.21776239048262e+00dB,-6.07396883003985e+01°)
6.38263486190573e+04	(-6.29408047030463e+00dB,-6.10201206436249e+01°)
6.45654229034680e+04	(-6.37081218169139e+00dB,-6.12988454293415e+01°)
6.53130552647497e+04	(-6.44795246412154e+00dB,-6.15758468327791e+01°)
6.60693448007621e+04	(-6.52549624306004e+00dB,-6.18511097734566e+01°)
6.68343917568640e+04	(-6.60343843296071e+00dB,-6.21246199095089e+01°)
6.76082975392007e+04	(-6.68177394020386e+00dB,-6.23963636314689e+01°)
6.83911647281455e+04	(-6.76049766596702e+00dB,-6.26663280555272e+01°)
6.91830970918963e+04	(-6.83960450902678e+00dB,-6.29345010162939e+01°)
6.99841996002300e+04	(-6.91908936849013e+00dB,-6.32008710590888e+01°)
7.07945784384165e+04	(-6.99894714645373e+00dB,-6.34654274317831e+01°)
7.16143410212929e+04	(-7.07917275058980e+00dB,-6.37281600762189e+01°)
7.24435960075018e+04	(-7.15976109665755e+00dB,-6.39890596192307e+01°)
7.32824533138932e+04	(-7.24070711093911e+00dB,-6.42481173632924e+01°)
7.41310241300946e+04	(-7.32200573259930e+00dB,-6.45053252768163e+01°)
7.49894209332484e+04	(-7.40365191596845e+00dB,-6.47606759841261e+01°)
7.58577575029213e+04	(-7.48564063274813e+00dB,-6.50141627551288e+01°)
7.67361489361848e+04	(-7.56796687413915e+00dB,-6.52657794947085e+01°)
7.76247116628722e+04	(-7.65062565289193e+00dB,-6.55155207318651e+01°)
7.85235634610102e+04	(-7.73361200527922e+00dB,-6.57633816086201e+01°)
7.94328234724312e+04	(-7.81692099299130e+00dB,-6.60093578687125e+01°)
8.03526122185648e+04	(-7.90054770495382e+00dB,-6.62534458461055e+01°)
8.12830516164131e+04	(-7.98448725906896e+00dB,-6.64956424533251e+01°)
8.22242649947103e+04	(-8.06873480388014e+00dB,-6.67359451696513e+01°)
8.31763771102703e+04	(-8.15328552016115e+00dB,-6.69743520291821e+01°)
8.41395141645228e+04	(-8.23813462243029e+00dB,-6.72108616087890e+01°)
8.51138038202410e+04	(-8.32327736039045e+00dB,-6.74454730159823e+01°)
8.60993752184634e+04	(-8.40870902029604e+00dB,-6.76781858767064e+01°)
8.70963589956115e+04	(-8.49442492624772e+00dB,-6.79090003230792e+01°)
8.81048873008049e+04	(-8.58042044141613e+00dB,-6.81379169810958e+01°)
8.91250938133780e+04	(-8.66669096919581e+00dB,-6.83649369583093e+01°)
9.01571137605992e+04	(-8.75323195429033e+00dB,-6.85900618315076e+01°)
9.12010839355946e+04	(-8.84003888373020e+00dB,-6.88132936343976e+01°)
9.22571427154799e+04	(-8.92710728782480e+00dB,-6.90346348453139e+01°)
9.33254300797028e+04	(-9.01443274104960e+00dB,-6.92540883749633e+01°)
9.44060876285961e+04	(-9.10201086287034e+00dB,-6.94716575542193e+01°)
9.54992586021474e+04	(-9.18983731850551e+00dB,-6.96873461219780e+01°)
9.66050878989852e+04	(-9.27790781962869e+00dB,-6.99011582130873e+01°)
9.77237220955849e+04	(-9.36621812501225e+00dB,-7.01130983463602e+01°)
9.88553094656978e+04	(-9.45476404111401e+00dB,-7.03231714126830e+01°)
1.00000000000004e+05	(-9.54354142260850e+00dB,-7.05313826632270e+01°)
1.01157945425994e+05	(-9.63254617286426e+00dB,-7.07377376977735e+01°)
1.02329299228080e+05	(-9.72177424436898e+00dB,-7.09422424531607e+01°)
1.03514216667939e+05	(-9.81122163910393e+00dB,-7.11449031918605e+01°)
1.04712854805094e+05	(-9.90088440886946e+00dB,-7.13457264906913e+01°)
1.05925372517733e+05	(-9.99075865556300e+00dB,-7.15447192296752e+01°)
1.07151930523765e+05	(-1.00808405314114e+01dB,-7.17418885810453e+01°)
1.08392691402125e+05	(-1.01711262391588e+01dB,-7.19372419984083e+01°)
1.09647819614323e+05	(-1.02616120322126e+01dB,-7.21307872060687e+01°)
1.10917481526245e+05	(-1.03522942147476e+01dB,-7.23225321885181e+01°)
1.12201845430201e+05	(-1.04431691417712e+01dB,-7.25124851800950e+01°)
1.13501081567236e+05	(-1.05342332191506e+01dB,-7.27006546548186e+01°)
1.14815362149693e+05	(-1.06254829036042e+01dB,-7.28870493163999e+01°)
1.16144861384039e+05	(-1.07169147026569e+01dB,-7.30716780884326e+01°)
1.17489755493958e+05	(-1.08085251745635e+01dB,-7.32545501047682e+01°)
1.18850222743707e+05	(-1.09003109281997e+01dB,-7.34356747000747e+01°)
1.20226443461746e+05	(-1.09922686229220e+01dB,-7.36150614005839e+01°)
1.21618600064642e+05	(-1.10843949684001e+01dB,-7.37927199150259e+01°)
1.23026877081243e+05	(-1.11766867244200e+01dB,-7.39686601257540e+01°)
1.24451461177144e+05	(-1.12691407006625e+01dB,-7.41428920800605e+01°)
1.25892541179422e+05	(-1.13617537564553e+01dB,-7.43154259816825e+01°)
1.27350308101671e+05	(-1.14545228005025e+01dB,-7.44862721825000e+01°)
1.28824955169319e+05	(-1.15474447905912e+01dB,-7.46554411744251e+01°)
1.30316677845235e+05	(-1.16405167332773e+01dB,-7.48229435814823e+01°)
1.31825673855646e+05	(-1.17337356835513e+01dB,-7.49887901520791e+01°)
1.33352143216338e+05	(-1.18270987444851e+01dB,-7.51529917514673e+01°)
1.34896288259171e+05	(-1.19206030668614e+01dB,-7.53155593543922e+01°)
1.36458313658898e+05	(-1.20142458487866e+01dB,-7.54765040379303e+01°)
1.38038426460294e+05	(-1.21080243352882e+01dB,-7.56358369745135e+01°)
1.39636836105600e+05	(-1.22019358178977e+01dB,-7.57935694251377e+01°)
1.41253754462281e+05	(-1.22959776342205e+01dB,-7.59497127327556e+01°)
1.42889395851116e+05	(-1.23901471674924e+01dB,-7.61042783158500e+01°)
1.44543977074599e+05	(-1.24844418461261e+01dB,-7.62572776621876e+01°)
1.46217717445678e+05	(-1.25788591432456e+01dB,-7.64087223227500e+01°)
1.47910838816827e+05	(-1.26733965762116e+01dB,-7.65586239058395e+01°)
1.49623565609450e+05	(-1.27680517061385e+01dB,-7.67069940713587e+01°)
1.51356124843627e+05	(-1.28628221374021e+01dB,-7.68538445252607e+01°)
1.53108746168210e+05	(-1.29577055171413e+01dB,-7.69991870141665e+01°)
1.54881661891255e+05	(-1.30526995347524e+01dB,-7.71430333201494e+01°)
1.56675107010822e+05	(-1.31478019213778e+01dB,-7.72853952556812e+01°)
1.58489319246118e+05	(-1.32430104493900e+01dB,-7.74262846587394e+01°)
1.60324539069011e+05	(-1.33383229318703e+01dB,-7.75657133880720e+01°)
1.62181009735900e+05	(-1.34337372220849e+01dB,-7.77036933186164e+01°)
1.64058977319961e+05	(-1.35292512129562e+01dB,-7.78402363370711e+01°)
1.65958690743763e+05	(-1.36248628365331e+01dB,-7.79753543376158e+01°)
1.67880401812263e+05	(-1.37205700634580e+01dB,-7.81090592177784e+01°)
1.69824365246182e+05	(-1.38163709024327e+01dB,-7.82413628744445e+01°)
1.71790838715766e+05	(-1.39122633996837e+01dB,-7.83722772000081e+01°)
1.73780082874945e+05	(-1.40082456384258e+01dB,-7.85018140786591e+01°)
1.75792361395877e+05	(-1.41043157383270e+01dB,-7.86299853828058e+01°)
1.77827941003900e+05	(-1.42004718549723e+01dB,-7.87568029696288e+01°)
1.79887091512887e+05	(-1.42967121793297e+01dB,-7.88822786777633e+01°)
1.81970085861006e+05	(-1.43930349372158e+01dB,-7.90064243241074e+01°)
1.84077200146904e+05	(-1.44894383887643e+01dB,-7.91292517007535e+01°)
1.86208713666295e+05	(-1.45859208278951e+01dB,-7.92507725720389e+01°)
1.88364908948988e+05	(-1.46824805817870e+01dB,-7.93709986717139e+01°)
1.90546071796333e+05	(-1.47791160103510e+01dB,-7.94899417002239e+01°)
1.92752491319102e+05	(-1.48758255057085e+01dB,-7.96076133221033e+01°)
1.94984459975813e+05	(-1.49726074916708e+01dB,-7.97240251634767e+01°)
1.97242273611494e+05	(-1.50694604232229e+01dB,-7.98391888096674e+01°)
1.99526231496897e+05	(-1.51663827860102e+01dB,-7.99531158029078e+01°)
2.01836636368165e+05	(-1.52633730958301e+01dB,-8.00658176401504e+01°)
2.04173794466962e+05	(-1.53604298981259e+01dB,-8.01773057709763e+01°)
2.06538015581062e+05	(-1.54575517674865e+01dB,-8.02875915955990e+01°)
2.08929613085413e+05	(-1.55547373071494e+01dB,-8.03966864629597e+01°)
2.11348903983674e+05	(-1.56519851485087e+01dB,-8.05046016689137e+01°)
2.13796208950233e+05	(-1.57492939506277e+01dB,-8.06113484545021e+01°)
2.16271852372712e+05	(-1.58466623997565e+01dB,-8.07169380043106e+01°)
2.18776162394965e+05	(-1.59440892088540e+01dB,-8.08213814449084e+01°)
2.21309470960574e+05	(-1.60415731171159e+01dB,-8.09246898433681e+01°)
2.23872113856844e+05	(-1.61391128895067e+01dB,-8.10268742058632e+01°)
2.26464430759316e+05	(-1.62367073162985e+01dB,-8.11279454763406e+01°)
2.29086765276788e+05	(-1.63343552126136e+01dB,-8.12279145352654e+01°)
2.31739464996858e+05	(-1.64320554179735e+01dB,-8.13267921984376e+01°)
2.34422881532003e+05	(-1.65298067958538e+01dB,-8.14245892158763e+01°)
2.37137370566176e+05	(-1.66276082332431e+01dB,-8.15213162707708e+01°)
2.39883291901960e+05	(-1.67254586402095e+01dB,-8.16169839784959e+01°)
2.42661009508252e+05	(-1.68233569494715e+01dB,-8.17116028856893e+01°)
2.45470891568514e+05	(-1.69213021159747e+01dB,-8.18051834693893e+01°)
2.48313310529568e+05	(-1.70192931164752e+01dB,-8.18977361362308e+01°)
2.51188643150969e+05	(-1.71173289491274e+01dB,-8.19892712216977e+01°)
2.54097270554942e+05	(-1.72154086330789e+01dB,-8.20797989894296e+01°)
2.57039578276898e+05	(-1.73135312080705e+01dB,-8.21693296305816e+01°)
2.60015956316539e+05	(-1.74116957340420e+01dB,-8.22578732632341e+01°)
2.63026799189550e+05	(-1.75099012907441e+01dB,-8.23454399318528e+01°)
2.66072505979893e+05	(-1.76081469773561e+01dB,-8.24320396067955e+01°)
2.69153480392704e+05	(-1.77064319121091e+01dB,-8.25176821838646e+01°)
2.72270130807804e+05	(-1.78047552319152e+01dB,-8.26023774839042e+01°)
2.75422870333829e+05	(-1.79031160920029e+01dB,-8.26861352524397e+01°)
2.78612116862990e+05	(-1.80015136655573e+01dB,-8.27689651593581e+01°)
2.81838293126458e+05	(-1.80999471433667e+01dB,-8.28508767986282e+01°)
2.85101826750404e+05	(-1.81984157334750e+01dB,-8.29318796880590e+01°)
2.88403150312674e+05	(-1.82969186608392e+01dB,-8.30119832690947e+01°)
2.91742701400130e+05	(-1.83954551669930e+01dB,-8.30911969066448e+01°)
2.95120922666652e+05	(-1.84940245097159e+01dB,-8.31695298889487e+01°)
2.98538261891810e+05	(-1.85926259627076e+01dB,-8.32469914274727e+01°)
3.01995172040216e+05	(-1.86912588152683e+01dB,-8.33235906568381e+01°)
3.05492111321565e+05	(-1.87899223719840e+01dB,-8.33993366347808e+01°)
3.09029543251373e+05	(-1.88886159524177e+01dB,-8.34742383421381e+01°)
3.12607936712410e+05	(-1.89873388908058e+01dB,-8.35483046828650e+01°)
3.16227766016853e+05	(-1.90860905357593e+01dB,-8.36215444840762e+01°)
3.19889510969155e+05	(-1.91848702499712e+01dB,-8.36939664961143e+01°)
3.23593656929643e+05	(-1.92836774099283e+01dB,-8.37655793926425e+01°)
3.27340694878854e+05	(-1.93825114056284e+01dB,-8.38363917707604e+01°)
3.31131121482607e+05	(-1.94813716403029e+01dB,-8.39064121511435e+01°)
3.34965439157843e+05	(-1.95802575301439e+01dB,-8.39756489782028e+01°)
3.38844156139218e+05	(-1.96791685040367e+01dB,-8.40441106202667e+01°)
3.42767786546466e+05	(-1.97781040032969e+01dB,-8.41118053697809e+01°)
3.46736850452548e+05	(-1.98770634814125e+01dB,-8.41787414435291e+01°)
3.50751873952585e+05	(-1.99760464037908e+01dB,-8.42449269828702e+01°)
3.54813389233592e+05	(-2.00750522475102e+01dB,-8.43103700539933e+01°)
3.58921934645022e+05	(-2.01740805010759e+01dB,-8.43750786481893e+01°)
3.63078054770118e+05	(-2.02731306641812e+01dB,-8.44390606821380e+01°)
3.67282300498102e+05	(-2.03722022474729e+01dB,-8.45023239982098e+01°)
3.71535229097190e+05	(-2.04712947723209e+01dB,-8.45648763647820e+01°)
3.75837404288462e+05	(-2.05704077705923e+01dB,-8.46267254765682e+01°)
3.80189396320579e+05	(-2.06695407844306e+01dB,-8.46878789549610e+01°)
3.84591782045372e+05	(-2.07686933660379e+01dB,-8.47483443483862e+01°)
3.89045144994299e+05	(-2.08678650774624e+01dB,-8.48081291326691e+01°)
3.93550075455796e+05	(-2.09670554903894e+01dB,-8.48672407114113e+01°)
3.98107170553516e+05	(-2.10662641859364e+01dB,-8.49256864163776e+01°)
4.02717034325478e+05	(-2.11654907544532e+01dB,-8.49834735078937e+01°)
4.07380277804132e+05	(-2.12647347953241e+01dB,-8.50406091752516e+01°)
4.12097519097350e+05	(-2.13639959167758e+01dB,-8.50971005371249e+01°)
4.16869383470355e+05	(-2.14632737356883e+01dB,-8.51529546419915e+01°)
4.21696503428603e+05	(-2.15625678774093e+01dB,-8.52081784685641e+01°)
4.26579518801613e+05	(-2.16618779755729e+01dB,-8.52627789262283e+01°)
4.31519076827786e+05	(-2.17612036719217e+01dB,-8.53167628554864e+01°)
4.36515832240187e+05	(-2.18605446161326e+01dB,-8.53701370284088e+01°)
4.41570447353334e+05	(-2.19599004656454e+01dB,-8.54229081490901e+01°)
4.46683592150985e+05	(-2.20592708854963e+01dB,-8.54750828541110e+01°)
4.51855944374944e+05	(-2.21586555481532e+01dB,-8.55266677130054e+01°)
4.57088189614897e+05	(-2.22580541333554e+01dB,-8.55776692287320e+01°)
4.62381021399283e+05	(-2.23574663279566e+01dB,-8.56280938381502e+01°)
4.67735141287221e+05	(-2.24568918257699e+01dB,-8.56779479124994e+01°)
4.73151258961504e+05	(-2.25563303274177e+01dB,-8.57272377578829e+01°)
4.78630092322662e+05	(-2.26557815401834e+01dB,-8.57759696157542e+01°)
4.84172367584123e+05	(-2.27552451778668e+01dB,-8.58241496634062e+01°)
4.89778819368470e+05	(-2.28547209606421e+01dB,-8.58717840144639e+01°)
4.95450190804815e+05	(-2.29542086149192e+01dB,-8.59188787193782e+01°)
5.01187233627297e+05	(-2.30537078732076e+01dB,-8.59654397659226e+01°)
5.06990708274729e+05	(-2.31532184739835e+01dB,-8.60114730796914e+01°)
5.12861383991390e+05	(-2.32527401615591e+01dB,-8.60569845245997e+01°)
5.18800038928987e+05	(-2.33522726859550e+01dB,-8.61019799033836e+01°)
5.24807460249798e+05	(-2.34518158027756e+01dB,-8.61464649581030e+01°)
5.30884444231015e+05	(-2.35513692730862e+01dB,-8.61904453706440e+01°)
5.37031796370279e+05	(-2.36509328632937e+01dB,-8.62339267632224e+01°)
5.43250331492460e+05	(-2.37505063450291e+01dB,-8.62769146988874e+01°)
5.49540873857652e+05	(-2.38500894950329e+01dB,-8.63194146820251e+01°)
5.55904257270431e+05	(-2.39496820950425e+01dB,-8.63614321588632e+01°)
5.62341325190377e+05	(-2.40492839316826e+01dB,-8.64029725179737e+01°)
5.68852930843870e+05	(-2.41488947963572e+01dB,-8.64440410907766e+01°)
5.75439937337186e+05	(-2.42485144851445e+01dB,-8.64846431520425e+01°)
5.82103217770901e+05	(-2.43481427986939e+01dB,-8.65247839203946e+01°)
5.88843655355618e+05	(-2.44477795421247e+01dB,-8.65644685588094e+01°)
5.95662143529040e+05	(-2.45474245249278e+01dB,-8.66037021751171e+01°)
6.02559586074388e+05	(-2.46470775608689e+01dB,-8.66424898224999e+01°)
6.09536897240200e+05	(-2.47467384678940e+01dB,-8.66808364999902e+01°)
6.16595001861513e+05	(-2.48464070680366e+01dB,-8.67187471529660e+01°)
6.23734835482451e+05	(-2.49460831873277e+01dB,-8.67562266736458e+01°)
6.30957344480225e+05	(-2.50457666557067e+01dB,-8.67932799015813e+01°)
6.38263486190581e+05	(-2.51454573069351e+01dB,-8.68299116241484e+01°)
6.45654229034688e+05	(-2.52451549785114e+01dB,-8.68661265770363e+01°)
6.53130552647505e+05	(-2.53448595115884e+01dB,-8.69019294447348e+01°)
6.60693448007630e+05	(-2.54445707508918e+01dB,-8.69373248610191e+01°)
6.68343917568649e+05	(-2.55442885446409e+01dB,-8.69723174094327e+01°)
6.76082975392016e+05	(-2.56440127444709e+01dB,-8.70069116237683e+01°)
6.83911647281464e+05	(-2.57437432053569e+01dB,-8.70411119885454e+01°)
6.91830970918972e+05	(-2.58434797855394e+01dB,-8.70749229394869e+01°)
6.99841996002309e+05	(-2.59432223464519e+01dB,-8.71083488639916e+01°)
7.07945784384174e+05	(-2.60429707526493e+01dB,-8.71413941016055e+01°)
7.16143410212939e+05	(-2.61427248717388e+01dB,-8.71740629444896e+01°)
7.24435960075027e+05	(-2.62424845743112e+01dB,-8.72063596378854e+01°)
7.32824533138942e+05	(-2.63422497338748e+01dB,-8.72382883805775e+01°)
7.41310241300956e+05	(-2.64420202267904e+01dB,-8.72698533253537e+01°)
7.49894209332495e+05	(-2.65417959322068e+01dB,-8.73010585794615e+01°)
7.58577575029223e+05	(-2.66415767319993e+01dB,-8.73319082050624e+01°)
7.67361489361859e+05	(-2.67413625107085e+01dB,-8.73624062196834e+01°)
7.76247116628732e+05	(-2.68411531554804e+01dB,-8.73925565966645e+01°)
7.85235634610112e+05	(-2.69409485560085e+01dB,-8.74223632656043e+01°)
7.94328234724323e+05	(-2.70407486044765e+01dB,-8.74518301128017e+01°)
8.03526122185659e+05	(-2.71405531955027e+01dB,-8.74809609816953e+01°)
8.12830516164141e+05	(-2.72403622260854e+01dB,-8.75097596732989e+01°)
8.22242649947114e+05	(-2.73401755955496e+01dB,-8.75382299466341e+01°)
8.31763771102714e+05	(-2.74399932054947e+01dB,-8.75663755191601e+01°)
8.41395141645239e+05	(-2.75398149597438e+01dB,-8.75942000672000e+01°)
8.51138038202421e+05	(-2.76396407642935e+01dB,-8.76217072263637e+01°)
8.60993752184646e+05	(-2.77394705272652e+01dB,-8.76489005919677e+01°)
8.70963589956126e+05	(-2.78393041588576e+01dB,-8.76757837194521e+01°)
8.81048873008060e+05	(-2.79391415712999e+01dB,-8.77023601247933e+01°)
8.91250938133792e+05	(-2.80389826788060e+01dB,-8.77286332849147e+01°)
9.01571137606004e+05	(-2.81388273975303e+01dB,-8.77546066380931e+01°)
9.12010839355958e+05	(-2.82386756455239e+01dB,-8.77802835843621e+01°)
9.22571427154812e+05	(-2.83385273426918e+01dB,-8.78056674859123e+01°)
9.33254300797040e+05	(-2.84383824107515e+01dB,-8.78307616674884e+01°)
9.44060876285973e+05	(-2.85382407731921e+01dB,-8.78555694167824e+01°)
9.54992586021486e+05	(-2.86381023552342e+01dB,-8.78800939848237e+01°)
9.66050878989865e+05	(-2.87379670837915e+01dB,-8.79043385863662e+01°)
9.77237220955863e+05	(-2.88378348874320e+01dB,-8.79283064002720e+01°)
9.88553094656991e+05	(-2.89377056963413e+01dB,-8.79520005698910e+01°)
1.00000000000000e+06	(-2.90375794422853e+01dB,-8.79754242034384e+01°)
Step Information: N=3  (Step: 3/10)
1.00000000000000e+02	(-2.24397736756584e-05dB,-1.30238542070629e-01°)
1.01157945425990e+02	(-2.29624617688834e-05dB,-1.31746628026024e-01°)
1.02329299228075e+02	(-2.34973247671206e-05dB,-1.33272176608020e-01°)
1.03514216667934e+02	(-2.40446462551110e-05dB,-1.34815390017776e-01°)
1.04712854805090e+02	(-2.46047164282031e-05dB,-1.36376472797601e-01°)
1.05925372517729e+02	(-2.51778322379736e-05dB,-1.37955631858054e-01°)
1.07151930523761e+02	(-2.57642975503839e-05dB,-1.39553076505359e-01°)
1.08392691402120e+02	(-2.63644233126161e-05dB,-1.41169018469139e-01°)
1.09647819614319e+02	(-2.69785277141236e-05dB,-1.42803671930467e-01°)
1.10917481526240e+02	(-2.76069363544319e-05dB,-1.44457253550242e-01°)
1.12201845430196e+02	(-2.82499824167263e-05dB,-1.46129982497897e-01°)
1.13501081567232e+02	(-2.89080068501186e-05dB,-1.47822080480435e-01°)
1.14815362149688e+02	(-2.95813585393779e-05dB,-1.49533771771801e-01°)
1.16144861384034e+02	(-3.02703944929845e-05dB,-1.51265283242601e-01°)
1.17489755493953e+02	(-3.09754800437199e-05dB,-1.53016844390150e-01°)
1.18850222743702e+02	(-3.16969890290067e-05dB,-1.54788687368885e-01°)
1.20226443461741e+02	(-3.24353039905359e-05dB,-1.56581047021116e-01°)
1.21618600064637e+02	(-3.31908163922163e-05dB,-1.58394160908138e-01°)
1.23026877081238e+02	(-3.39639267966591e-05dB,-1.60228269341707e-01°)
1.24451461177139e+02	(-3.47550451168795e-05dB,-1.62083615415871e-01°)
1.25892541179417e+02	(-3.55645908004973e-05dB,-1.63960445039176e-01°)
1.27350308101666e+02	(-3.63929930669755e-05dB,-1.65859006967243e-01°)
1.28824955169314e+02	(-3.72406911400375e-05dB,-1.67779552835720e-01°)
1.30316677845230e+02	(-3.81081344646569e-05dB,-1.69722337193616e-01°)
1.31825673855641e+02	(-3.89957829606911e-05dB,-1.71687617537020e-01°)
1.33352143216333e+02	(-3.99041072601233e-05dB,-1.73675654343212e-01°)
1.34896288259166e+02	(-4.08335889520191e-05dB,-1.75686711105169e-01°)
1.36458313658893e+02	(-4.17847208486995e-05dB,-1.77721054366462e-01°)
1.38038426460289e+02	(-4.27580072374500e-05dB,-1.79778953756565e-01°)
1.39636836105594e+02	(-4.37539641544098e-05dB,-1.81860682026574e-01°)
1.41253754462276e+02	(-4.47731196507473e-05dB,-1.83966515085328e-01°)
1.42889395851111e+02	(-4.58160140800523e-05dB,-1.86096732035958e-01°)
1.44543977074593e+02	(-4.68832003799430e-05dB,-1.88251615212853e-01°)
1.46217717445672e+02	(-4.79752443739246e-05dB,-1.90431450219055e-01°)
1.47910838816821e+02	(-4.90927250558920e-05dB,-1.92636525964089e-01°)
1.49623565609444e+02	(-5.02362349064555e-05dB,-1.94867134702223e-01°)
1.51356124843621e+02	(-5.14063802140906e-05dB,-1.97123572071180e-01°)
1.53108746168203e+02	(-5.26037813798942e-05dB,-1.99406137131287e-01°)
1.54881661891249e+02	(-5.38290732589879e-05dB,-2.01715132405086e-01°)
1.56675107010815e+02	(-5.50829054951715e-05dB,-2.04050863917394e-01°)
1.58489319246112e+02	(-5.63659428632932e-05dB,-2.06413641235837e-01°)
1.60324539069005e+02	(-5.76788656154784e-05dB,-2.08803777511838e-01°)
1.62181009735893e+02	(-5.90223698572548e-05dB,-2.11221589522092e-01°)
1.64058977319954e+02	(-6.03971679034274e-05dB,-2.13667397710515e-01°)
1.65958690743757e+02	(-6.18039886590290e-05dB,-2.16141526230673e-01°)
1.67880401812257e+02	(-6.32435780089507e-05dB,-2.18644302988708e-01°)
1.69824365246175e+02	(-6.47166992075749e-05dB,-2.21176059686759e-01°)
1.71790838715759e+02	(-6.62241332876967e-05dB,-2.23737131866882e-01°)
1.73780082874938e+02	(-6.77666794800552e-05dB,-2.26327858955478e-01°)
1.75792361395870e+02	(-6.93451556184018e-05dB,-2.28948584308236e-01°)
1.77827941003893e+02	(-7.09603985976100e-05dB,-2.31599655255591e-01°)
1.79887091512879e+02	(-7.26132647951418e-05dB,-2.34281423148715e-01°)
1.81970085860999e+02	(-7.43046305436274e-05dB,-2.36994243406028e-01°)
1.84077200146896e+02	(-7.60353925783741e-05dB,-2.39738475560258e-01°)
1.86208713666287e+02	(-7.78064685244166e-05dB,-2.42514483306035e-01°)
1.88364908948981e+02	(-7.96187973835694e-05dB,-2.45322634548038e-01°)
1.90546071796325e+02	(-8.14733400205181e-05dB,-2.48163301449701e-01°)
1.92752491319094e+02	(-8.33710796855596e-05dB,-2.51036860482477e-01°)
1.94984459975805e+02	(-8.53130225286651e-05dB,-2.53943692475670e-01°)
1.97242273611486e+02	(-8.73001981289776e-05dB,-2.56884182666849e-01°)
1.99526231496889e+02	(-8.93336600570992e-05dB,-2.59858720752836e-01°)
2.01836636368157e+02	(-9.14144864123107e-05dB,-2.62867700941286e-01°)
2.04173794466954e+02	(-9.35437804060821e-05dB,-2.65911522002865e-01°)
2.06538015581054e+02	(-9.57226709494462e-05dB,-2.68990587324025e-01°)
2.08929613085405e+02	(-9.79523132403755e-05dB,-2.72105304960391e-01°)
2.11348903983666e+02	(-1.00233889386845e-04dB,-2.75256087690763e-01°)
2.13796208950224e+02	(-1.02568609028934e-04dB,-2.78443353071743e-01°)
2.16271852372703e+02	(-1.04957709978293e-04dB,-2.81667523492990e-01°)
2.18776162394956e+02	(-1.07402458875941e-04dB,-2.84929026233112e-01°)
2.21309470960565e+02	(-1.09904151868380e-04dB,-2.88228293516205e-01°)
2.23872113856835e+02	(-1.12464115280838e-04dB,-2.91565762569044e-01°)
2.26464430759307e+02	(-1.15083706342576e-04dB,-2.94941875678930e-01°)
2.29086765276778e+02	(-1.17764313881361e-04dB,-2.98357080252209e-01°)
2.31739464996849e+02	(-1.20507359078678e-04dB,-3.01811828873461e-01°)
2.34422881531993e+02	(-1.23314296213397e-04dB,-3.05306579365377e-01°)
2.37137370566167e+02	(-1.26186613436292e-04dB,-3.08841794849319e-01°)
2.39883291901950e+02	(-1.29125833552290e-04dB,-3.12417943806586e-01°)
2.42661009508243e+02	(-1.32133514842263e-04dB,-3.16035500140380e-01°)
2.45470891568504e+02	(-1.35211251871327e-04dB,-3.19694943238488e-01°)
2.48313310529558e+02	(-1.38360676350194e-04dB,-3.23396758036688e-01°)
2.51188643150959e+02	(-1.41583457983989e-04dB,-3.27141435082885e-01°)
2.54097270554932e+02	(-1.44881305367373e-04dB,-3.30929470601983e-01°)
2.57039578276888e+02	(-1.48255966895096e-04dB,-3.34761366561506e-01°)
2.60015956316529e+02	(-1.51709231671609e-04dB,-3.38637630737980e-01°)
2.63026799189540e+02	(-1.55242930474678e-04dB,-3.42558776784067e-01°)
2.66072505979882e+02	(-1.58858936722878e-04dB,-3.46525324296487e-01°)
2.69153480392693e+02	(-1.62559167457553e-04dB,-3.50537798884711e-01°)
2.72270130807793e+02	(-1.66345584375908e-04dB,-3.54596732240450e-01°)
2.75422870333818e+02	(-1.70220194855436e-04dB,-3.58702662207938e-01°)
2.78612116862979e+02	(-1.74185053028494e-04dB,-3.62856132855037e-01°)
2.81838293126447e+02	(-1.78242260866550e-04dB,-3.67057694545142e-01°)
2.85101826750393e+02	(-1.82393969292405e-04dB,-3.71307904009930e-01°)
2.88403150312662e+02	(-1.86642379320399e-04dB,-3.75607324422933e-01°)
2.91742701400119e+02	(-1.90989743227489e-04dB,-3.79956525473967e-01°)
2.95120922666640e+02	(-1.95438365744602e-04dB,-3.84356083444411e-01°)
2.98538261891798e+02	(-1.99990605275007e-04dB,-3.88806581283353e-01°)
3.01995172040204e+02	(-2.04648875144525e-04dB,-3.93308608684612e-01°)
3.05492111321553e+02	(-2.09415644887446e-04dB,-3.97862762164645e-01°)
3.09029543251361e+02	(-2.14293441544037e-04dB,-4.02469645141350e-01°)
3.12607936712398e+02	(-2.19284851008216e-04dB,-4.07129868013773e-01°)
3.16227766016840e+02	(-2.24392519395510e-04dB,-4.11844048242733e-01°)
3.19889510969142e+02	(-2.29619154446702e-04dB,-4.16612810432367e-01°)
3.23593656929630e+02	(-2.34967526955633e-04dB,-4.21436786412623e-01°)
3.27340694878840e+02	(-2.40440472244264e-04dB,-4.26316615322688e-01°)
3.31131121482593e+02	(-2.46040891665747e-04dB,-4.31252943695379e-01°)
3.34965439157830e+02	(-2.51771754139341e-04dB,-4.36246425542507e-01°)
3.38844156139205e+02	(-2.57636097717188e-04dB,-4.41297722441210e-01°)
3.42767786546453e+02	(-2.63637031209939e-04dB,-4.46407503621286e-01°)
3.46736850452534e+02	(-2.69777735814352e-04dB,-4.51576446053523e-01°)
3.50751873952571e+02	(-2.76061466814208e-04dB,-4.56805234539043e-01°)
3.54813389233578e+02	(-2.82491555302486e-04dB,-4.62094561799671e-01°)
3.58921934645008e+02	(-2.89071409936360e-04dB,-4.67445128569337e-01°)
3.63078054770104e+02	(-2.95804518752996e-04dB,-4.72857643686529e-01°)
3.67282300498087e+02	(-3.02694451015281e-04dB,-4.78332824187804e-01°)
3.71535229097175e+02	(-3.09744859099071e-04dB,-4.83871395402367e-01°)
3.75837404288447e+02	(-3.16959480438337e-04dB,-4.89474091047738e-01°)
3.80189396320564e+02	(-3.24342139487730e-04dB,-4.95141653326512e-01°)
3.84591782045357e+02	(-3.31896749764264e-04dB,-5.00874833024222e-01°)
3.89045144994284e+02	(-3.39627315918957e-04dB,-5.06674389608331e-01°)
3.93550075455781e+02	(-3.47537935844203e-04dB,-5.12541091328346e-01°)
3.98107170553500e+02	(-3.55632802863174e-04dB,-5.18475715317086e-01°)
4.02717034325462e+02	(-3.63916207937611e-04dB,-5.24479047693100e-01°)
4.07380277804116e+02	(-3.72392541946069e-04dB,-5.30551883664258e-01°)
4.12097519097334e+02	(-3.81066298011427e-04dB,-5.36695027632532e-01°)
4.16869383470339e+02	(-3.89942073874739e-04dB,-5.42909293299959e-01°)
4.21696503428586e+02	(-3.99024574340539e-04dB,-5.49195503775830e-01°)
4.26579518801596e+02	(-4.08318613755963e-04dB,-5.55554491685091e-01°)
4.31519076827769e+02	(-4.17829118570970e-04dB,-5.61987099277985e-01°)
4.36515832240170e+02	(-4.27561129940109e-04dB,-5.68494178540944e-01°)
4.41570447353316e+02	(-4.37519806398629e-04dB,-5.75076591308746e-01°)
4.46683592150967e+02	(-4.47710426591734e-04dB,-5.81735209377951e-01°)
4.51855944374926e+02	(-4.58138392068533e-04dB,-5.88470914621623e-01°)
4.57088189614879e+02	(-4.68809230143610e-04dB,-5.95284599105368e-01°)
4.62381021399264e+02	(-4.79728596826201e-04dB,-6.02177165204686e-01°)
4.67735141287202e+02	(-4.90902279809276e-04dB,-6.09149525723662e-01°)
4.73151258961485e+02	(-5.02336201546496e-04dB,-6.16202604015004e-01°)
4.78630092322643e+02	(-5.14036422372690e-04dB,-6.23337334101448e-01°)
4.84172367584104e+02	(-5.26009143718004e-04dB,-6.30554660798541e-01°)
4.89778819368451e+02	(-5.38260711401264e-04dB,-6.37855539838825e-01°)
4.95450190804795e+02	(-5.50797618976522e-04dB,-6.45240937997418e-01°)
5.01187233627277e+02	(-5.63626511181004e-04dB,-6.52711833219032e-01°)
5.06990708274709e+02	(-5.76754187443017e-04dB,-6.60269214746432e-01°)
5.12861383991370e+02	(-5.90187605483543e-04dB,-6.67914083250339e-01°)
5.18800038928966e+02	(-6.03933885014463e-04dB,-6.75647450960819e-01°)
5.24807460249778e+02	(-6.18000311488051e-04dB,-6.83470341800156e-01°)
5.30884444230993e+02	(-6.32394339959502e-04dB,-6.91383791517222e-01°)
5.37031796370258e+02	(-6.47123599039329e-04dB,-6.99388847823381e-01°)
5.43250331492438e+02	(-6.62195894924096e-04dB,-7.07486570529914e-01°)
5.49540873857630e+02	(-6.77619215528605e-04dB,-7.15678031687012e-01°)
5.55904257270409e+02	(-6.93401734718621e-04dB,-7.23964315724330e-01°)
5.62341325190355e+02	(-7.09551816632545e-04dB,-7.32346519593129e-01°)
5.68852930843847e+02	(-7.26078020108450e-04dB,-7.40825752910022e-01°)
5.75439937337163e+02	(-7.42989103214573e-04dB,-7.49403138102347e-01°)
5.82103217770877e+02	(-7.60294027878433e-04dB,-7.58079810555163e-01°)
5.88843655355595e+02	(-7.78001964638714e-04dB,-7.66856918759921e-01°)
5.95662143529017e+02	(-7.96122297489063e-04dB,-7.75735624464791e-01°)
6.02559586074364e+02	(-8.14664628846598e-04dB,-7.84717102826685e-01°)
6.09536897240176e+02	(-8.33638784630683e-04dB,-7.93802542564998e-01°)
6.16595001861489e+02	(-8.53054819461633e-04dB,-8.02993146117056e-01°)
6.23734835482426e+02	(-8.72923021985133e-04dB,-8.12290129795327e-01°)
6.30957344480200e+02	(-8.93253920300233e-04dB,-8.21694723946384e-01°)
6.38263486190556e+02	(-9.14058287549744e-04dB,-8.31208173111652e-01°)
6.45654229034662e+02	(-9.35347147592050e-04dB,-8.40831736189955e-01°)
6.53130552647479e+02	(-9.57131780858520e-04dB,-8.50566686601880e-01°)
6.60693448007603e+02	(-9.79423730295262e-04dB,-8.60414312455982e-01°)
6.68343917568622e+02	(-1.00223480749051e-03dB,-8.70375916716835e-01°)
6.76082975391989e+02	(-1.02557709889897e-03dB,-8.80452817374974e-01°)
6.83911647281437e+02	(-1.04946297224503e-03dB,-8.90646347618713e-01°)
6.91830970918944e+02	(-1.07390508305582e-03dB,-9.00957856007893e-01°)
6.99841996002281e+02	(-1.09891638136546e-03dB,-9.11388706649554e-01°)
7.07945784384146e+02	(-1.12451011853860e-03dB,-9.21940279375561e-01°)
7.16143410212910e+02	(-1.15069985429896e-03dB,-9.32613969922204e-01°)
7.24435960074998e+02	(-1.17749946387329e-03dB,-9.43411190111791e-01°)
7.32824533138912e+02	(-1.20492314535308e-03dB,-9.54333368036249e-01°)
7.41310241300926e+02	(-1.23298542716584e-03dB,-9.65381948242769e-01°)
7.49894209332465e+02	(-1.26170117578353e-03dB,-9.76558391921485e-01°)
7.58577575029193e+02	(-1.29108560355991e-03dB,-9.87864177095247e-01°)
7.67361489361828e+02	(-1.32115427676844e-03dB,-9.99300798811473e-01°)
7.76247116628701e+02	(-1.35192312383963e-03dB,-1.01086976933612e+00°)
7.85235634610081e+02	(-1.38340844376527e-03dB,-1.02257261834980e+00°)
7.94328234724291e+02	(-1.41562691470499e-03dB,-1.03441089314602e+00°)
8.03526122185627e+02	(-1.44859560281197e-03dB,-1.04638615883164e+00°)
8.12830516164109e+02	(-1.48233197123115e-03dB,-1.05849999852952e+00°)
8.22242649947081e+02	(-1.51685388932623e-03dB,-1.07075401358335e+00°)
8.31763771102681e+02	(-1.55217964211900e-03dB,-1.08314982376476e+00°)
8.41395141645205e+02	(-1.58832793994102e-03dB,-1.09568906748268e+00°)
8.51138038202387e+02	(-1.62531792831803e-03dB,-1.10837340199498e+00°)
8.60993752184611e+02	(-1.66316919806299e-03dB,-1.12120450362240e+00°)
8.70963589956091e+02	(-1.70190179563472e-03dB,-1.13418406796485e+00°)
8.81048873008025e+02	(-1.74153623370438e-03dB,-1.14731381012003e+00°)
8.91250938133757e+02	(-1.78209350199150e-03dB,-1.16059546490437e+00°)
9.01571137605968e+02	(-1.82359507833215e-03dB,-1.17403078707648e+00°)
9.12010839355921e+02	(-1.86606294001768e-03dB,-1.18762155156288e+00°)
9.22571427154775e+02	(-1.90951957538414e-03dB,-1.20136955368629e+00°)
9.33254300797003e+02	(-1.95398799567730e-03dB,-1.21527660939624e+00°)
9.44060876285936e+02	(-1.99949174719345e-03dB,-1.22934455550232e+00°)
9.54992586021448e+02	(-2.04605492368738e-03dB,-1.24357524990977e+00°)
9.66050878989826e+02	(-2.09370217908917e-03dB,-1.25797057185770e+00°)
9.77237220955823e+02	(-2.14245874049401e-03dB,-1.27253242215985e+00°)
9.88553094656952e+02	(-2.19235042147269e-03dB,-1.28726272344781e+00°)
1.00000000000001e+03	(-2.24340363566014e-03dB,-1.30216342041701e+00°)
1.01157945425991e+03	(-2.29564541069564e-03dB,-1.31723648007511e+00°)
1.02329299228077e+03	(-2.34910340245110e-03dB,-1.33248389199322e+00°)
1.03514216667936e+03	(-2.40380590961306e-03dB,-1.34790766855965e+00°)
1.04712854805091e+03	(-2.45978188858100e-03dB,-1.36350984523635e+00°)
1.05925372517730e+03	(-2.51706096873126e-03dB,-1.37929248081811e+00°)
1.07151930523762e+03	(-2.57567346801097e-03dB,-1.39525765769441e+00°)
1.08392691402122e+03	(-2.63565040890469e-03dB,-1.41140748211407e+00°)
1.09647819614320e+03	(-2.69702353477376e-03dB,-1.42774408445261e+00°)
1.10917481526242e+03	(-2.75982532655810e-03dB,-1.44426961948242e+00°)
1.12201845430198e+03	(-2.82408901987802e-03dB,-1.46098626664576e+00°)
1.13501081567233e+03	(-2.88984862251426e-03dB,-1.47789623033054e+00°)
1.14815362149690e+03	(-2.95713893231061e-03dB,-1.49500174014899e+00°)
1.16144861384036e+03	(-3.02599555547248e-03dB,-1.51230505121916e+00°)
1.17489755493955e+03	(-3.09645492529331e-03dB,-1.52980844444937e+00°)
1.18850222743704e+03	(-3.16855432131965e-03dB,-1.54751422682548e+00°)
1.20226443461743e+03	(-3.24233188893794e-03dB,-1.56542473170119e+00°)
1.21618600064639e+03	(-3.31782665943117e-03dB,-1.58354231909123e+00°)
1.23026877081240e+03	(-3.39507857049920e-03dB,-1.60186937596751e+00°)
1.24451461177140e+03	(-3.47412848722635e-03dB,-1.62040831655833e+00°)
1.25892541179419e+03	(-3.55501822355649e-03dB,-1.63916158265055e+00°)
1.27350308101668e+03	(-3.63779056425561e-03dB,-1.65813164389477e+00°)
1.28824955169315e+03	(-3.72248928737176e-03dB,-1.67732099811360e+00°)
1.30316677845232e+03	(-3.80915918721589e-03dB,-1.69673217161298e+00°)
1.31825673855643e+03	(-3.89784609787923e-03dB,-1.71636771949659e+00°)
1.33352143216334e+03	(-3.98859691726555e-03dB,-1.73623022598337e+00°)
1.34896288259167e+03	(-4.08145963171946e-03dB,-1.75632230472810e+00°)
1.36458313658895e+03	(-4.17648334116056e-03dB,-1.77664659914521e+00°)
1.38038426460291e+03	(-4.27371828485117e-03dB,-1.79720578273566e+00°)
1.39636836105596e+03	(-4.37321586772368e-03dB,-1.81800255941704e+00°)
1.41253754462278e+03	(-4.47502868731048e-03dB,-1.83903966385684e+00°)
1.42889395851112e+03	(-4.57921056130864e-03dB,-1.86031986180889e+00°)
1.44543977074595e+03	(-4.68581655576446e-03dB,-1.88184595045303e+00°)
1.46217717445674e+03	(-4.79490301390338e-03dB,-1.90362075873805e+00°)
1.47910838816823e+03	(-4.90652758561933e-03dB,-1.92564714772776e+00°)
1.49623565609446e+03	(-5.02074925764711e-03dB,-1.94792801095042e+00°)
1.51356124843623e+03	(-5.13762838441937e-03dB,-1.97046627475140e+00°)
1.53108746168205e+03	(-5.25722671962232e-03dB,-1.99326489864902e+00°)
1.54881661891251e+03	(-5.37960744848733e-03dB,-2.01632687569385e+00°)
1.56675107010817e+03	(-5.50483522081041e-03dB,-2.03965523283110e+00°)
1.58489319246114e+03	(-5.63297618471765e-03dB,-2.06325303126649e+00°)
1.60324539069007e+03	(-5.76409802122932e-03dB,-2.08712336683526e+00°)
1.62181009735896e+03	(-5.89826997958197e-03dB,-2.11126937037464e+00°)
1.64058977319957e+03	(-6.03556291336511e-03dB,-2.13569420809953e+00°)
1.65958690743759e+03	(-6.17604931749173e-03dB,-2.16040108198153e+00°)
1.67880401812259e+03	(-6.31980336600632e-03dB,-2.18539323013133e+00°)
1.69824365246177e+03	(-6.46690095073802e-03dB,-2.21067392718433e+00°)
1.71790838715762e+03	(-6.61741972086248e-03dB,-2.23624648468975e+00°)
1.73780082874940e+03	(-6.77143912332426e-03dB,-2.26211425150284e+00°)
1.75792361395872e+03	(-6.92904044423073e-03dB,-2.28828061418061e+00°)
1.77827941003895e+03	(-7.09030685112772e-03dB,-2.31474899738076e+00°)
1.79887091512882e+03	(-7.25532343627493e-03dB,-2.34152286426398e+00°)
1.81970085861001e+03	(-7.42417726089700e-03dB,-2.36860571689951e+00°)
1.84077200146899e+03	(-7.59695740042018e-03dB,-2.39600109667404e+00°)
1.86208713666290e+03	(-7.77375499074802e-03dB,-2.42371258470383e+00°)
1.88364908948983e+03	(-7.95466327558975e-03dB,-2.45174380225021e+00°)
1.90546071796328e+03	(-8.13977765484488e-03dB,-2.48009841113825e+00°)
1.92752491319097e+03	(-8.32919573408672e-03dB,-2.50878011417868e+00°)
1.94984459975808e+03	(-8.52301737518221e-03dB,-2.53779265559309e+00°)
1.97242273611489e+03	(-8.72134474801666e-03dB,-2.56713982144228e+00°)
1.99526231496891e+03	(-8.92428238341683e-03dB,-2.59682544005786e+00°)
2.01836636368160e+03	(-9.13193722726337e-03dB,-2.62685338247694e+00°)
2.04173794466956e+03	(-9.34441869581185e-03dB,-2.65722756287999e+00°)
2.06538015581057e+03	(-9.56183873225894e-03dB,-2.68795193903179e+00°)
2.08929613085408e+03	(-9.78431186459532e-03dB,-2.71903051272551e+00°)
2.11348903983668e+03	(-1.00119552647367e-02dB,-2.75046733022974e+00°)
2.13796208950227e+03	(-1.02448888090064e-02dB,-2.78226648273856e+00°)
2.16271852372706e+03	(-1.04832351399522e-02dB,-2.81443210682462e+00°)
2.18776162394959e+03	(-1.07271197295678e-02dB,-2.84696838489507e+00°)
2.21309470960568e+03	(-1.09766709439125e-02dB,-2.87987954565040e+00°)
2.23872113856838e+03	(-1.12320201091940e-02dB,-2.91316986454608e+00°)
2.26464430759310e+03	(-1.14933015793050e-02dB,-2.94684366425701e+00°)
2.29086765276781e+03	(-1.17606528049011e-02dB,-2.98090531514467e+00°)
2.31739464996852e+03	(-1.20342144039803e-02dB,-3.01535923572687e+00°)
2.34422881531996e+03	(-1.23141302340626e-02dB,-3.05020989315021e+00°)
2.37137370566170e+03	(-1.26005474659700e-02dB,-3.08546180366497e+00°)
2.39883291901953e+03	(-1.28936166592364e-02dB,-3.12111953310247e+00°)
2.42661009508246e+03	(-1.31934918392057e-02dB,-3.15718769735484e+00°)
2.45470891568508e+03	(-1.35003305758297e-02dB,-3.19367096285709e+00°)
2.48313310529562e+03	(-1.38142940642185e-02dB,-3.23057404707136e+00°)
2.51188643150963e+03	(-1.41355472069673e-02dB,-3.26790171897329e+00°)
2.54097270554935e+03	(-1.44642586983012e-02dB,-3.30565879954052e+00°)
2.57039578276891e+03	(-1.48006011100952e-02dB,-3.34385016224298e+00°)
2.60015956316532e+03	(-1.51447509797542e-02dB,-3.38248073353514e+00°)
2.63026799189543e+03	(-1.54968889000713e-02dB,-3.42155549334988e+00°)
2.66072505979886e+03	(-1.58571996110215e-02dB,-3.46107947559404e+00°)
2.69153480392697e+03	(-1.62258720935923e-02dB,-3.50105776864542e+00°)
2.72270130807796e+03	(-1.66030996656728e-02dB,-3.54149551585112e+00°)
2.75422870333822e+03	(-1.69890800800207e-02dB,-3.58239791602719e+00°)
2.78612116862982e+03	(-1.73840156243972e-02dB,-3.62377022395923e+00°)
2.81838293126451e+03	(-1.77881132238598e-02dB,-3.66561775090407e+00°)
2.85101826750396e+03	(-1.82015845453059e-02dB,-3.70794586509217e+00°)
2.88403150312666e+03	(-1.86246461042732e-02dB,-3.75075999223060e+00°)
2.91742701400122e+03	(-1.90575193740674e-02dB,-3.79406561600661e+00°)
2.95120922666644e+03	(-1.95004308972510e-02dB,-3.83786827859137e+00°)
2.98538261891802e+03	(-1.99536123995430e-02dB,-3.88217358114385e+00°)
3.01995172040208e+03	(-2.04173009061861e-02dB,-3.92698718431465e+00°)
3.05492111321557e+03	(-2.08917388608077e-02dB,-3.97231480874949e+00°)
3.09029543251365e+03	(-2.13771742468454e-02dB,-4.01816223559223e+00°)
3.12607936712402e+03	(-2.18738607115791e-02dB,-4.06453530698717e+00°)
3.16227766016844e+03	(-2.23820576928283e-02dB,-4.11143992658043e+00°)
3.19889510969146e+03	(-2.29020305483310e-02dB,-4.15888206002014e+00°)
3.23593656929635e+03	(-2.34340506879179e-02dB,-4.20686773545522e+00°)
3.27340694878845e+03	(-2.39783957084704e-02dB,-4.25540304403246e+00°)
3.31131121482598e+03	(-2.45353495317588e-02dB,-4.30449414039169e+00°)
3.34965439157834e+03	(-2.51052025452045e-02dB,-4.35414724315873e+00°)
3.38844156139209e+03	(-2.56882517455988e-02dB,-4.40436863543580e+00°)
3.42767786546457e+03	(-2.62848008858764e-02dB,-4.45516466528915e+00°)
3.46736850452539e+03	(-2.68951606249557e-02dB,-4.50654174623355e+00°)
3.50751873952575e+03	(-2.75196486807318e-02dB,-4.55850635771335e+00°)
3.54813389233583e+03	(-2.81585899862643e-02dB,-4.61106504557976e+00°)
3.58921934645013e+03	(-2.88123168492329e-02dB,-4.66422442256394e+00°)
3.63078054770109e+03	(-2.94811691146918e-02dB,-4.71799116874569e+00°)
3.67282300498092e+03	(-3.01654943312316e-02dB,-4.77237203201717e+00°)
3.71535229097180e+03	(-3.08656479205385e-02dB,-4.82737382854141e+00°)
3.75837404288452e+03	(-3.15819933504802e-02dB,-4.88300344320506e+00°)
3.80189396320569e+03	(-3.23149023117324e-02dB,-4.93926783006519e+00°)
3.84591782045362e+03	(-3.30647548980363e-02dB,-4.99617401278934e+00°)
3.89045144994289e+03	(-3.38319397901165e-02dB,-5.05372908508878e+00°)
3.93550075455786e+03	(-3.46168544433683e-02dB,-5.11194021114417e+00°)
3.98107170553506e+03	(-3.54199052793230e-02dB,-5.17081462602328e+00°)
4.02717034325468e+03	(-3.62415078809977e-02dB,-5.23035963609027e+00°)
4.07380277804121e+03	(-3.70820871921800e-02dB,-5.29058261940603e+00°)
4.12097519097339e+03	(-3.79420777206835e-02dB,-5.35149102611883e+00°)
4.16869383470344e+03	(-3.88219237456991e-02dB,-5.41309237884504e+00°)
4.21696503428591e+03	(-3.97220795292291e-02dB,-5.47539427303907e+00°)
4.26579518801602e+03	(-4.06430095317432e-02dB,-5.53840437735203e+00°)
4.31519076827775e+03	(-4.15851886320654e-02dB,-5.60213043397853e+00°)
4.36515832240175e+03	(-4.25491023515785e-02dB,-5.66658025899086e+00°)
4.41570447353322e+03	(-4.35352470828259e-02dB,-5.73176174265997e+00°)
4.46683592150973e+03	(-4.45441303225318e-02dB,-5.79768284976253e+00°)
4.51855944374932e+03	(-4.55762709091466e-02dB,-5.86435161987335e+00°)
4.57088189614885e+03	(-4.66321992649747e-02dB,-5.93177616764245e+00°)
4.62381021399271e+03	(-4.77124576429093e-02dB,-5.99996468305591e+00°)
4.67735141287209e+03	(-4.88176003778926e-02dB,-6.06892543167991e+00°)
4.73151258961491e+03	(-4.99481941431332e-02dB,-6.13866675488694e+00°)
4.78630092322649e+03	(-5.11048182111404e-02dB,-6.20919707006345e+00°)
4.84172367584110e+03	(-5.22880647196512e-02dB,-6.28052487079804e+00°)
4.89778819368457e+03	(-5.34985389425034e-02dB,-6.35265872704932e+00°)
4.95450190804801e+03	(-5.47368595655142e-02dB,-6.42560728529248e+00°)
5.01187233627284e+03	(-5.60036589674358e-02dB,-6.49937926864360e+00°)
5.06990708274716e+03	(-5.72995835060187e-02dB,-6.57398347696080e+00°)
5.12861383991376e+03	(-5.86252938092697e-02dB,-6.64942878692110e+00°)
5.18800038928973e+03	(-5.99814650719418e-02dB,-6.72572415207203e+00°)
5.24807460249785e+03	(-6.13687873573167e-02dB,-6.80287860285690e+00°)
5.30884444231001e+03	(-6.27879659043301e-02dB,-6.88090124661252e+00°)
5.37031796370265e+03	(-6.42397214400929e-02dB,-6.95980126753843e+00°)
5.43250331492446e+03	(-6.57247904978511e-02dB,-7.03958792663622e+00°)
5.49540873857637e+03	(-6.72439257404492e-02dB,-7.12027056161791e+00°)
5.55904257270416e+03	(-6.87978962892964e-02dB,-7.20185858678202e+00°)
5.62341325190362e+03	(-7.03874880589609e-02dB,-7.28436149285617e+00°)
5.68852930843855e+03	(-7.20135040973236e-02dB,-7.36778884680471e+00°)
5.75439937337170e+03	(-7.36767649314250e-02dB,-7.45215029160025e+00°)
5.82103217770885e+03	(-7.53781089189860e-02dB,-7.53745554595745e+00°)
5.88843655355603e+03	(-7.71183926056313e-02dB,-7.62371440402781e+00°)
5.95662143529025e+03	(-7.88984910878885e-02dB,-7.71093673505394e+00°)
6.02559586074372e+03	(-8.07192983819237e-02dB,-7.79913248298169e+00°)
6.09536897240184e+03	(-8.25817277980778e-02dB,-7.88831166602879e+00°)
6.16595001861497e+03	(-8.44867123212066e-02dB,-7.97848437620819e+00°)
6.23734835482434e+03	(-8.64352049968280e-02dB,-8.06966077880458e+00°)
6.30957344480208e+03	(-8.84281793230844e-02dB,-8.16185111180240e+00°)
6.38263486190564e+03	(-9.04666296485478e-02dB,-8.25506568526357e+00°)
6.45654229034671e+03	(-9.25515715758096e-02dB,-8.34931488065320e+00°)
6.53130552647488e+03	(-9.46840423708874e-02dB,-8.44460915011154e+00°)
6.60693448007612e+03	(-9.68651013784440e-02dB,-8.54095901567008e+00°)
6.68343917568631e+03	(-9.90958304427420e-02dB,-8.63837506841025e+00°)
6.76082975391998e+03	(-1.01377334334352e-01dB,-8.73686796756248e+00°)
6.83911647281446e+03	(-1.03710741182586e-01dB,-8.83644843954375e+00°)
6.91830970918953e+03	(-1.06097202913548e-01dB,-8.93712727693162e+00°)
6.99841996002291e+03	(-1.08537895693833e-01dB,-9.03891533737264e+00°)
7.07945784384155e+03	(-1.11034020379774e-01dB,-9.14182354242297e+00°)
7.16143410212920e+03	(-1.13586802972154e-01dB,-9.24586287631904e+00°)
7.24435960075008e+03	(-1.16197495076354e-01dB,-9.35104438467625e+00°)
7.32824533138922e+03	(-1.18867374367803e-01dB,-9.45737917311304e+00°)
7.41310241300936e+03	(-1.21597745062681e-01dB,-9.56487840579848e+00°)
7.49894209332474e+03	(-1.24389938393718e-01dB,-9.67355330392064e+00°)
7.58577575029203e+03	(-1.27245313091031e-01dB,-9.78341514407372e+00°)
7.67361489361838e+03	(-1.30165255867819e-01dB,-9.89447525656112e+00°)
7.76247116628711e+03	(-1.33151181910814e-01dB,-1.00067450236123e+01°)
7.85235634610092e+03	(-1.36204535375315e-01dB,-1.01202358775109e+01°)
7.94328234724302e+03	(-1.39326789884655e-01dB,-1.02349592986310e+01°)
8.03526122185638e+03	(-1.42519449033921e-01dB,-1.03509268133800e+01°)
8.12830516164120e+03	(-1.45784046897712e-01dB,-1.04681499920444e+01°)
8.22242649947092e+03	(-1.49122148541784e-01dB,-1.05866404465364e+01°)
8.31763771102692e+03	(-1.52535350538304e-01dB,-1.07064098280386e+01°)
8.41395141645217e+03	(-1.56025281484506e-01dB,-1.08274698245437e+01°)
8.51138038202398e+03	(-1.59593602524503e-01dB,-1.09498321582870e+01°)
8.60993752184623e+03	(-1.63242007873961e-01dB,-1.10735085830682e+01°)
8.70963589956103e+03	(-1.66972225347376e-01dB,-1.11985108814606e+01°)
8.81048873008037e+03	(-1.70786016887633e-01dB,-1.13248508619033e+01°)
8.91250938133769e+03	(-1.74685179097525e-01dB,-1.14525403556758e+01°)
9.01571137605980e+03	(-1.78671543772893e-01dB,-1.15815912137498e+01°)
9.12010839355933e+03	(-1.82746978437050e-01dB,-1.17120153035168e+01°)
9.22571427154787e+03	(-1.86913386876030e-01dB,-1.18438245053881e+01°)
9.33254300797015e+03	(-1.91172709674366e-01dB,-1.19770307092636e+01°)
9.44060876285948e+03	(-1.95526924750885e-01dB,-1.21116458108686e+01°)
9.54992586021461e+03	(-1.99978047894097e-01dB,-1.22476817079523e+01°)
9.66050878989839e+03	(-2.04528133296732e-01dB,-1.23851502963485e+01°)
9.77237220955837e+03	(-2.09179274088899e-01dB,-1.25240634658931e+01°)
9.88553094656965e+03	(-2.13933602869344e-01dB,-1.26644330961969e+01°)
1.00000000000003e+04	(-2.18793292234292e-01dB,-1.28062710522703e+01°)
1.01157945425993e+04	(-2.23760555303279e-01dB,-1.29495891799965e+01°)
1.02329299228078e+04	(-2.28837646241364e-01dB,-1.30943993014515e+01°)
1.03514216667937e+04	(-2.34026860777142e-01dB,-1.32407132100677e+01°)
1.04712854805093e+04	(-2.39330536715846e-01dB,-1.33885426656373e+01°)
1.05925372517732e+04	(-2.44751054446906e-01dB,-1.35378993891545e+01°)
1.07151930523764e+04	(-2.50290837445229e-01dB,-1.36887950574924e+01°)
1.08392691402123e+04	(-2.55952352765456e-01dB,-1.38412412979131e+01°)
1.09647819614321e+04	(-2.61738111528460e-01dB,-1.39952496824077e+01°)
1.10917481526243e+04	(-2.67650669399232e-01dB,-1.41508317218646e+01°)
1.12201845430199e+04	(-2.73692627055379e-01dB,-1.43079988600622e+01°)
1.13501081567235e+04	(-2.79866630645330e-01dB,-1.44667624674863e+01°)
1.14815362149691e+04	(-2.86175372235367e-01dB,-1.46271338349674e+01°)
1.16144861384037e+04	(-2.92621590244574e-01dB,-1.47891241671379e+01°)
1.17489755493956e+04	(-2.99208069866714e-01dB,-1.49527445757064e+01°)
1.18850222743705e+04	(-3.05937643478056e-01dB,-1.51180060725473e+01°)
1.20226443461745e+04	(-3.12813191030140e-01dB,-1.52849195626048e+01°)
1.21618600064640e+04	(-3.19837640426388e-01dB,-1.54534958366095e+01°)
1.23026877081242e+04	(-3.27013967881517e-01dB,-1.56237455636061e+01°)
1.24451461177142e+04	(-3.34345198262575e-01dB,-1.57956792832920e+01°)
1.25892541179420e+04	(-3.41834405410508e-01dB,-1.59693073981654e+01°)
1.27350308101670e+04	(-3.49484712440986e-01dB,-1.61446401654819e+01°)
1.28824955169317e+04	(-3.57299292023360e-01dB,-1.63216876890207e+01°)
1.30316677845234e+04	(-3.65281366636412e-01dB,-1.65004599106586e+01°)
1.31825673855644e+04	(-3.73434208799661e-01dB,-1.66809666017534e+01°)
1.33352143216336e+04	(-3.81761141278908e-01dB,-1.68632173543359e+01°)
1.34896288259169e+04	(-3.90265537264630e-01dB,-1.70472215721127e+01°)
1.36458313658896e+04	(-3.98950820521901e-01dB,-1.72329884612789e+01°)
1.38038426460292e+04	(-4.07820465510401e-01dB,-1.74205270211441e+01°)
1.39636836105598e+04	(-4.16877997473086e-01dB,-1.76098460345723e+01°)
1.41253754462279e+04	(-4.26126992492064e-01dB,-1.78009540582379e+01°)
1.42889395851114e+04	(-4.35571077510203e-01dB,-1.79938594127003e+01°)
1.44543977074597e+04	(-4.45213930316930e-01dB,-1.81885701723001e+01°)
1.46217717445676e+04	(-4.55059279496743e-01dB,-1.83850941548805e+01°)
1.47910838816825e+04	(-4.65110904338840e-01dB,-1.85834389113363e+01°)
1.49623565609448e+04	(-4.75372634706327e-01dB,-1.87836117149967e+01°)
1.51356124843625e+04	(-4.85848350863413e-01dB,-1.89856195508442e+01°)
1.53108746168207e+04	(-4.96541983259006e-01dB,-1.91894691045766e+01°)
1.54881661891253e+04	(-5.07457512265092e-01dB,-1.93951667515165e+01°)
1.56675107010819e+04	(-5.18598967868287e-01dB,-1.96027185453751e+01°)
1.58489319246116e+04	(-5.29970429312959e-01dB,-1.98121302068761e+01°)
1.60324539069009e+04	(-5.41576024694288e-01dB,-2.00234071122479e+01°)
1.62181009735898e+04	(-5.53419930499628e-01dB,-2.02365542815909e+01°)
1.64058977319959e+04	(-5.65506371096608e-01dB,-2.04515763671286e+01°)
1.65958690743761e+04	(-5.77839618166319e-01dB,-2.06684776413511e+01°)
1.67880401812261e+04	(-5.90423990080018e-01dB,-2.08872619850613e+01°)
1.69824365246179e+04	(-6.03263851217791e-01dB,-2.11079328753323e+01°)
1.71790838715764e+04	(-6.16363611227585e-01dB,-2.13304933733887e+01°)
1.73780082874943e+04	(-6.29727724223127e-01dB,-2.15549461124206e+01°)
1.75792361395875e+04	(-6.43360687919202e-01dB,-2.17812932853455e+01°)
1.77827941003898e+04	(-6.57267042702865e-01dB,-2.20095366325271e+01°)
1.79887091512884e+04	(-6.71451370639138e-01dB,-2.22396774294676e+01°)
1.81970085861004e+04	(-6.85918294409839e-01dB,-2.24717164744847e+01°)
1.84077200146901e+04	(-7.00672476184245e-01dB,-2.27056540763896e+01°)
1.86208713666292e+04	(-7.15718616420296e-01dB,-2.29414900421806e+01°)
1.88364908948986e+04	(-7.31061452595167e-01dB,-2.31792236647684e+01°)
1.90546071796331e+04	(-7.46705757864076e-01dB,-2.34188537107490e+01°)
1.92752491319099e+04	(-7.62656339646310e-01dB,-2.36603784082423e+01°)
1.94984459975810e+04	(-7.78918038137431e-01dB,-2.39037954348137e+01°)
1.97242273611491e+04	(-7.95495724746895e-01dB,-2.41491019054973e+01°)
1.99526231496894e+04	(-8.12394300460208e-01dB,-2.43962943609395e+01°)
2.01836636368162e+04	(-8.29618694124994e-01dB,-2.46453687556833e+01°)
2.04173794466959e+04	(-8.47173860660406e-01dB,-2.48963204466128e+01°)
2.06538015581059e+04	(-8.65064779189405e-01dB,-2.51491441815795e+01°)
2.08929613085410e+04	(-8.83296451093610e-01dB,-2.54038340882310e+01°)
2.11348903983671e+04	(-9.01873897990502e-01dB,-2.56603836630647e+01°)
2.13796208950230e+04	(-9.20802159632913e-01dB,-2.59187857607284e+01°)
2.16271852372709e+04	(-9.40086291730915e-01dB,-2.61790325835909e+01°)
2.18776162394962e+04	(-9.59731363696296e-01dB,-2.64411156716050e+01°)
2.21309470960571e+04	(-9.79742456310044e-01dB,-2.67050258924888e+01°)
2.23872113856841e+04	(-1.00012465931335e+00dB,-2.69707534322456e+01°)
2.26464430759313e+04	(-1.02088306892291e+00dB,-2.72382877860504e+01°)
2.29086765276784e+04	(-1.04202278527130e+00dB,-2.75076177495250e+01°)
2.31739464996855e+04	(-1.06354890977364e+00dB,-2.77787314104270e+01°)
2.34422881532000e+04	(-1.08546654242167e+00dB,-2.80516161407779e+01°)
2.37137370566173e+04	(-1.10778077900671e+00dB,-2.83262585894550e+01°)
2.39883291901957e+04	(-1.13049670827323e+00dB,-2.86026446752712e+01°)
2.42661009508249e+04	(-1.15361940900468e+00dB,-2.88807595805689e+01°)
2.45470891568511e+04	(-1.17715394704377e+00dB,-2.91605877453516e+01°)
2.48313310529565e+04	(-1.20110537224935e+00dB,-2.94421128619776e+01°)
2.51188643150966e+04	(-1.22547871539235e+00dB,-2.97253178704413e+01°)
2.54097270554939e+04	(-1.25027898499341e+00dB,-3.00101849542647e+01°)
2.57039578276895e+04	(-1.27551116410503e+00dB,-3.02966955370225e+01°)
2.60015956316536e+04	(-1.30118020704139e+00dB,-3.05848302795257e+01°)
2.63026799189547e+04	(-1.32729103605896e+00dB,-3.08745690776831e+01°)
2.66072505979890e+04	(-1.35384853799151e+00dB,-3.11658910610647e+01°)
2.69153480392700e+04	(-1.38085756084310e+00dB,-3.14587745921879e+01°)
2.72270130807800e+04	(-1.40832291034298e+00dB,-3.17531972665447e+01°)
2.75422870333826e+04	(-1.43624934646649e+00dB,-3.20491359133916e+01°)
2.78612116862986e+04	(-1.46464157992616e+00dB,-3.23465665973186e+01°)
2.81838293126455e+04	(-1.49350426863752e+00dB,-3.26454646206155e+01°)
2.85101826750400e+04	(-1.52284201416432e+00dB,-3.29458045264513e+01°)
2.88403150312670e+04	(-1.55265935814781e+00dB,-3.32475601028804e+01°)
2.91742701400126e+04	(-1.58296077872531e+00dB,-3.35507043876907e+01°)
2.95120922666648e+04	(-1.61375068694293e+00dB,-3.38552096741041e+01°)
2.98538261891806e+04	(-1.64503342316803e+00dB,-3.41610475173412e+01°)
3.01995172040212e+04	(-1.67681325350661e+00dB,-3.44681887420570e+01°)
3.05492111321561e+04	(-1.70909436623135e+00dB,-3.47766034506577e+01°)
3.09029543251369e+04	(-1.74188086822588e+00dB,-3.50862610325018e+01°)
3.12607936712406e+04	(-1.77517678145119e+00dB,-3.53971301739906e+01°)
3.16227766016848e+04	(-1.80898603943982e+00dB,-3.57091788695490e+01°)
3.19889510969150e+04	(-1.84331248382408e+00dB,-3.60223744334981e+01°)
3.23593656929639e+04	(-1.87815986090402e+00dB,-3.63366835128164e+01°)
3.27340694878849e+04	(-1.91353181826136e+00dB,-3.66520721007863e+01°)
3.31131121482602e+04	(-1.94943190142542e+00dB,-3.69685055515205e+01°)
3.34965439157839e+04	(-1.98586355059706e+00dB,-3.72859485953594e+01°)
3.38844156139214e+04	(-2.02283009743684e+00dB,-3.76043653551302e+01°)
3.42767786546462e+04	(-2.06033476192329e+00dB,-3.79237193632559e+01°)
3.46736850452543e+04	(-2.09838064928741e+00dB,-3.82439735796994e+01°)
3.50751873952580e+04	(-2.13697074702925e+00dB,-3.85650904107265e+01°)
3.54813389233588e+04	(-2.17610792202255e+00dB,-3.88870317284707e+01°)
3.58921934645017e+04	(-2.21579491771299e+00dB,-3.92097588912774e+01°)
3.63078054770114e+04	(-2.25603435141595e+00dB,-3.95332327648066e+01°)
3.67282300498097e+04	(-2.29682871171902e+00dB,-3.98574137438699e+01°)
3.71535229097185e+04	(-2.33818035599476e+00dB,-4.01822617749732e+01°)
3.75837404288457e+04	(-2.38009150802885e+00dB,-4.05077363795398e+01°)
3.80189396320574e+04	(-2.42256425576856e+00dB,-4.08337966777812e+01°)
3.84591782045367e+04	(-2.46560054919633e+00dB,-4.11604014131846e+01°)
3.89045144994294e+04	(-2.50920219833295e+00dB,-4.14875089775840e+01°)
3.93550075455791e+04	(-2.55337087137477e+00dB,-4.18150774367776e+01°)
3.98107170553511e+04	(-2.59810809296870e+00dB,-4.21430645566567e+01°)
4.02717034325473e+04	(-2.64341524262906e+00dB,-4.24714278298059e+01°)
4.07380277804127e+04	(-2.68929355329955e+00dB,-4.28001245025363e+01°)
4.12097519097345e+04	(-2.73574411006356e+00dB,-4.31291116023089e+01°)
4.16869383470350e+04	(-2.78276784900566e+00dB,-4.34583459655080e+01°)
4.21696503428597e+04	(-2.83036555622686e+00dB,-4.37877842655190e+01°)
4.26579518801608e+04	(-2.87853786701570e+00dB,-4.41173830410690e+01°)
4.31519076827780e+04	(-2.92728526517722e+00dB,-4.44470987247827e+01°)
4.36515832240181e+04	(-2.97660808252110e+00dB,-4.47768876719105e+01°)
4.41570447353328e+04	(-3.02650649851028e+00dB,-4.51067061891802e+01°)
4.46683592150979e+04	(-3.07698054007080e+00dB,-4.54365105637283e+01°)
4.51855944374938e+04	(-3.12803008156319e+00dB,-4.57662570920617e+01°)
4.57088189614891e+04	(-3.17965484491572e+00dB,-4.60959021090056e+01°)
4.62381021399277e+04	(-3.23185439991890e+00dB,-4.64254020165881e+01°)
4.67735141287215e+04	(-3.28462816468084e+00dB,-4.67547133128178e+01°)
4.73151258961497e+04	(-3.33797540624223e+00dB,-4.70837926203050e+01°)
4.78630092322655e+04	(-3.39189524134975e+00dB,-4.74125967146841e+01°)
4.84172367584117e+04	(-3.44638663738601e+00dB,-4.77410825527888e+01°)
4.89778819368464e+04	(-3.50144841345412e+00dB,-4.80692073005382e+01°)
4.95450190804808e+04	(-3.55707924161423e+00dB,-4.83969283604884e+01°)
5.01187233627290e+04	(-3.61327764826965e+00dB,-4.87242033990086e+01°)
5.06990708274723e+04	(-3.67004201569912e+00dB,-4.90509903730379e+01°)
5.12861383991383e+04	(-3.72737058373215e+00dB,-4.93772475563859e+01°)
5.18800038928980e+04	(-3.78526145156365e+00dB,-4.97029335655345e+01°)
5.24807460249792e+04	(-3.84371257970389e+00dB,-5.00280073849057e+01°)
5.30884444231008e+04	(-3.90272179205970e+00dB,-5.03524283915598e+01°)
5.37031796370272e+04	(-3.96228677814238e+00dB,-5.06761563792866e+01°)
5.43250331492453e+04	(-4.02240509539765e+00dB,-5.09991515820616e+01°)
5.49540873857645e+04	(-4.08307417165272e+00dB,-5.13213746968314e+01°)
5.55904257270424e+04	(-4.14429130767548e+00dB,-5.16427869056035e+01°)
5.62341325190370e+04	(-4.20605367984038e+00dB,-5.19633498968106e+01°)
5.68852930843862e+04	(-4.26835834289574e+00dB,-5.22830258859253e+01°)
5.75439937337178e+04	(-4.33120223282664e+00dB,-5.26017776353027e+01°)
5.82103217770893e+04	(-4.39458216980799e+00dB,-5.29195684732282e+01°)
5.88843655355611e+04	(-4.45849486124174e+00dB,-5.32363623121529e+01°)
5.95662143529032e+04	(-4.52293690487232e+00dB,-5.35521236660987e+01°)
6.02559586074380e+04	(-4.58790479197451e+00dB,-5.38668176672192e+01°)
6.09536897240192e+04	(-4.65339491060744e+00dB,-5.41804100815024e+01°)
6.16595001861505e+04	(-4.71940354892896e+00dB,-5.44928673236053e+01°)
6.23734835482442e+04	(-4.78592689856399e+00dB,-5.48041564708120e+01°)
6.30957344480217e+04	(-4.85296105802105e+00dB,-5.51142452761079e+01°)
6.38263486190573e+04	(-4.92050203615069e+00dB,-5.54231021803657e+01°)
6.45654229034680e+04	(-4.98854575564000e+00dB,-5.57306963236420e+01°)
6.53130552647497e+04	(-5.05708805653700e+00dB,-5.60369975555809e+01°)
6.60693448007621e+04	(-5.12612469979930e+00dB,-5.63419764449297e+01°)
6.68343917568640e+04	(-5.19565137086094e+00dB,-5.66456042881662e+01°)
6.76082975392007e+04	(-5.26566368321188e+00dB,-5.69478531172453e+01°)
6.83911647281455e+04	(-5.33615718198447e+00dB,-5.72486957064701e+01°)
6.91830970918963e+04	(-5.40712734754137e+00dB,-5.75481055784963e+01°)
6.99841996002300e+04	(-5.47856959905970e+00dB,-5.78460570094794e+01°)
7.07945784384165e+04	(-5.55047929810608e+00dB,-5.81425250333772e+01°)
7.16143410212929e+04	(-5.62285175219761e+00dB,-5.84374854454193e+01°)
7.24435960075018e+04	(-5.69568221834387e+00dB,-5.87309148047584e+01°)
7.32824533138932e+04	(-5.76896590656525e+00dB,-5.90227904363187e+01°)
7.41310241300946e+04	(-5.84269798338308e+00dB,-5.93130904318591e+01°)
7.49894209332484e+04	(-5.91687357527719e+00dB,-5.96017936502671e+01°)
7.58577575029213e+04	(-5.99148777210683e+00dB,-5.98888797171048e+01°)
7.67361489361848e+04	(-6.06653563049095e+00dB,-6.01743290234243e+01°)
7.76247116628722e+04	(-6.14201217714401e+00dB,-6.04581227238751e+01°)
7.85235634610102e+04	(-6.21791241216398e+00dB,-6.07402427341243e+01°)
7.94328234724312e+04	(-6.29423131226902e+00dB,-6.10206717276112e+01°)
8.03526122185648e+04	(-6.37096383397971e+00dB,-6.12993931316602e+01°)
8.12830516164131e+04	(-6.44810491674407e+00dB,-6.15763911229747e+01°)
8.22242649947103e+04	(-6.52564948600243e+00dB,-6.18516506225349e+01°)
8.31763771102703e+04	(-6.60359245618983e+00dB,-6.21251572899258e+01°)
8.41395141645228e+04	(-6.68192873367351e+00dB,-6.23968975171174e+01°)
8.51138038202410e+04	(-6.76065321962356e+00dB,-6.26668584217238e+01°)
8.60993752184634e+04	(-6.83976081281454e+00dB,-6.29350278397636e+01°)
8.70963589956115e+04	(-6.91924641235675e+00dB,-6.32013943179495e+01°)
8.81048873008049e+04	(-6.99910492035530e+00dB,-6.34659471055294e+01°)
8.91250938133780e+04	(-7.07933124449594e+00dB,-6.37286761457045e+01°)
9.01571137605992e+04	(-7.15992030055622e+00dB,-6.39895720666502e+01°)
9.12010839355946e+04	(-7.24086701484139e+00dB,-6.42486261721628e+01°)
9.22571427154799e+04	(-7.32216632654392e+00dB,-6.45058304319575e+01°)
9.33254300797028e+04	(-7.40381319002626e+00dB,-6.47611774716407e+01°)
9.44060876285961e+04	(-7.48580257702633e+00dB,-6.50146605623817e+01°)
9.54992586021474e+04	(-7.56812947878542e+00dB,-6.52662736103054e+01°)
9.66050878989852e+04	(-7.65078890809842e+00dB,-6.55160111456310e+01°)
9.77237220955849e+04	(-7.73377590128635e+00dB,-6.57638683115773e+01°)
9.88553094656978e+04	(-7.81708552009138e+00dB,-6.60098408530581e+01°)
1.00000000000004e+05	(-7.90071285349461e+00dB,-6.62539251051885e+01°)
1.01157945425994e+05	(-7.98465301945699e+00dB,-6.64961179816232e+01°)
1.02329299228080e+05	(-8.06890116658394e+00dB,-6.67364169627478e+01°)
1.03514216667939e+05	(-8.15345247571431e+00dB,-6.69748200837420e+01°)
1.04712854805094e+05	(-8.23830216143435e+00dB,-6.72113259225350e+01°)
1.05925372517733e+05	(-8.32344547351768e+00dB,-6.74459335876712e+01°)
1.07151930523765e+05	(-8.40887769829205e+00dB,-6.76786427061048e+01°)
1.08392691402125e+05	(-8.49459415993396e+00dB,-6.79094534109394e+01°)
1.09647819614323e+05	(-8.58059022169222e+00dB,-6.81383663291311e+01°)
1.10917481526245e+05	(-8.66686128704175e+00dB,-6.83653825691704e+01°)
1.12201845430201e+05	(-8.75340280076857e+00dB,-6.85905037087576e+01°)
1.13501081567236e+05	(-8.84021024998761e+00dB,-6.88137317824884e+01°)
1.14815362149693e+05	(-8.92727916509441e+00dB,-6.90350692695615e+01°)
1.16144861384039e+05	(-9.01460512065235e+00dB,-6.92545190815241e+01°)
1.17489755493958e+05	(-9.10218373621663e+00dB,-6.94720845500657e+01°)
1.18850222743707e+05	(-9.19001067709664e+00dB,-6.96877694148747e+01°)
1.20226443461746e+05	(-9.27808165505817e+00dB,-6.99015778115676e+01°)
1.21618600064642e+05	(-9.36639242896703e+00dB,-7.01135142597026e+01°)
1.23026877081243e+05	(-9.45493880537558e+00dB,-7.03235836508876e+01°)
1.24451461177144e+05	(-9.54371663905388e+00dB,-7.05317912369926e+01°)
1.25892541179422e+05	(-9.63272183346688e+00dB,-7.07381426184745e+01°)
1.27350308101671e+05	(-9.72195034119948e+00dB,-7.09426437328246e+01°)
1.28824955169319e+05	(-9.81139816433086e+00dB,-7.11453008431455e+01°)
1.30316677845235e+05	(-9.90106135475984e+00dB,-7.13461205268641e+01°)
1.31825673855646e+05	(-9.99093601448284e+00dB,-7.15451096645892e+01°)
1.33352143216338e+05	(-1.00810182958261e+01dB,-7.17422754291193e+01°)
1.34896288259171e+05	(-1.01713044016336e+01dB,-7.19376252746050e+01°)
1.36458313658898e+05	(-1.02617905854125e+01dB,-7.21311669258740e+01°)
1.38038426460294e+05	(-1.03524731514380e+01dB,-7.23229083679204e+01°)
1.39636836105600e+05	(-1.04433484548175e+01dB,-7.25128578355651e+01°)
1.41253754462281e+05	(-1.05344129015187e+01dB,-7.27010238032900e+01°)
1.42889395851116e+05	(-1.06256629483600e+01dB,-7.28874149752488e+01°)
1.44543977074599e+05	(-1.07170951029664e+01dB,-7.30720402754593e+01°)
1.46217717445678e+05	(-1.08087059236927e+01dB,-7.32549088381779e+01°)
1.47910838816827e+05	(-1.09004920195142e+01dB,-7.34360299984594e+01°)
1.49623565609450e+05	(-1.09924500498868e+01dB,-7.36154132829039e+01°)
1.51356124843627e+05	(-1.10845767245790e+01dB,-7.37930684005927e+01°)
1.53108746168210e+05	(-1.11768688034757e+01dB,-7.39690052342126e+01°)
1.54881661891255e+05	(-1.12693230963555e+01dB,-7.41432338313725e+01°)
1.56675107010822e+05	(-1.13619364626438e+01dB,-7.43157643961096e+01°)
1.58489319246118e+05	(-1.14547058111417e+01dB,-7.44866072805879e+01°)
1.60324539069011e+05	(-1.15476280997329e+01dB,-7.46557729769877e+01°)
1.62181009735900e+05	(-1.16407003350691e+01dB,-7.48232721095860e+01°)
1.64058977319961e+05	(-1.17339195722358e+01dB,-7.49891154270282e+01°)
1.65958690743763e+05	(-1.18272829143993e+01dB,-7.51533137947890e+01°)
1.67880401812263e+05	(-1.19207875124360e+01dB,-7.53158781878222e+01°)
1.69824365246182e+05	(-1.20144305645452e+01dB,-7.54768196833994e+01°)
1.71790838715766e+05	(-1.21082093158466e+01dB,-7.56361494541335e+01°)
1.73780082874945e+05	(-1.22021210579628e+01dB,-7.57938787611884e+01°)
1.75792361395877e+05	(-1.22961631285895e+01dB,-7.59500189476719e+01°)
1.77827941003900e+05	(-1.23903329110523e+01dB,-7.61045814322096e+01°)
1.79887091512887e+05	(-1.24846278338522e+01dB,-7.62575777026986e+01°)
1.81970085861006e+05	(-1.25790453702009e+01dB,-7.64090193102391e+01°)
1.84077200146904e+05	(-1.26735830375460e+01dB,-7.65589178632409e+01°)
1.86208713666295e+05	(-1.27682383970875e+01dB,-7.67072850217028e+01°)
1.88364908948988e+05	(-1.28630090532861e+01dB,-7.68541324916632e+01°)
1.90546071796333e+05	(-1.29578926533645e+01dB,-7.69994720198180e+01°)
1.92752491319102e+05	(-1.30528868868016e+01dB,-7.71433153883053e+01°)
1.94984459975813e+05	(-1.31479894848217e+01dB,-7.72856744096521e+01°)
1.97242273611494e+05	(-1.32431982198781e+01dB,-7.74265609218814e+01°)
1.99526231496897e+05	(-1.33385109051318e+01dB,-7.75659867837775e+01°)
2.01836636368165e+05	(-1.34339253939276e+01dB,-7.77039638703054e+01°)
2.04173794466962e+05	(-1.35294395792657e+01dB,-7.78405040681824e+01°)
2.06538015581062e+05	(-1.36250513932714e+01dB,-7.79756192715989e+01°)
2.08929613085413e+05	(-1.37207588066628e+01dB,-7.81093213780853e+01°)
2.11348903983674e+05	(-1.38165598282163e+01dB,-7.82416222845222e+01°)
2.13796208950233e+05	(-1.39124525042315e+01dB,-7.83725338832910e+01°)
2.16271852372712e+05	(-1.40084349179959e+01dB,-7.85020680585618e+01°)
2.18776162394965e+05	(-1.41045051892485e+01dB,-7.86302366827164e+01°)
2.21309470960574e+05	(-1.42006614736450e+01dB,-7.87570516129018e+01°)
2.23872113856844e+05	(-1.42969019622222e+01dB,-7.88825246877136e+01°)
2.26464430759316e+05	(-1.43932248808652e+01dB,-7.90066677240040e+01°)
2.29086765276788e+05	(-1.44896284897745e+01dB,-7.91294925138136e+01°)
2.31739464996858e+05	(-1.45861110829363e+01dB,-7.92510108214220e+01°)
2.34422881532003e+05	(-1.46826709875943e+01dB,-7.93712343805166e+01°)
2.37137370566176e+05	(-1.47793065637237e+01dB,-7.94901748914746e+01°)
2.39883291901960e+05	(-1.48760162035087e+01dB,-7.96078440187569e+01°)
2.42661009508252e+05	(-1.49727983308226e+01dB,-7.97242533884102e+01°)
2.45470891568514e+05	(-1.50696514007112e+01dB,-7.98394145856750e+01°)
2.48313310529568e+05	(-1.51665738988802e+01dB,-7.99533391526966e+01°)
2.51188643150969e+05	(-1.52635643411856e+01dB,-8.00660385863361e+01°)
2.54097270554942e+05	(-1.53606212731287e+01dB,-8.01775243360793e+01°)
2.57039578276898e+05	(-1.54577432693555e+01dB,-8.02878078020403e+01°)
2.60015956316539e+05	(-1.55549289331593e+01dB,-8.03969003330577e+01°)
2.63026799189550e+05	(-1.56521768959893e+01dB,-8.05048132248801e+01°)
2.66072505979893e+05	(-1.57494858169629e+01dB,-8.06115577184393e+01°)
2.69153480392704e+05	(-1.58468543823833e+01dB,-8.07171449982078e+01°)
2.72270130807804e+05	(-1.59442813052615e+01dB,-8.08215861906390e+01°)
2.75422870333829e+05	(-1.60417653248445e+01dB,-8.09248923626870e+01°)
2.78612116862990e+05	(-1.61393052061472e+01dB,-8.10270745204039e+01°)
2.81838293126458e+05	(-1.62368997394910e+01dB,-8.11281436076125e+01°)
2.85101826750404e+05	(-1.63345477400468e+01dB,-8.12281105046518e+01°)
2.88403150312674e+05	(-1.64322480473839e+01dB,-8.13269860271930e+01°)
2.91742701400130e+05	(-1.65299995250244e+01dB,-8.14247809251246e+01°)
2.95120922666652e+05	(-1.66278010600031e+01dB,-8.15215058815032e+01°)
2.98538261891810e+05	(-1.67256515624330e+01dB,-8.16171715115689e+01°)
3.01995172040216e+05	(-1.68235499650767e+01dB,-8.17117883618231e+01°)
3.05492111321565e+05	(-1.69214952229235e+01dB,-8.18053669091661e+01°)
3.09029543251373e+05	(-1.70194863127718e+01dB,-8.18979175600933e+01°)
3.12607936712410e+05	(-1.71175222328180e+01dB,-8.19894506499476e+01°)
3.16227766016853e+05	(-1.72156020022506e+01dB,-8.20799764422264e+01°)
3.19889510969155e+05	(-1.73137246608506e+01dB,-8.21695051279412e+01°)
3.23593656929643e+05	(-1.74118892685971e+01dB,-8.22580468250280e+01°)
3.27340694878854e+05	(-1.75100949052797e+01dB,-8.23456115778067e+01°)
3.31131121482607e+05	(-1.76083406701155e+01dB,-8.24322093564887e+01°)
3.34965439157843e+05	(-1.77066256813727e+01dB,-8.25178500567289e+01°)
3.38844156139218e+05	(-1.78049490760002e+01dB,-8.26025434992235e+01°)
3.42767786546466e+05	(-1.79033100092618e+01dB,-8.26862994293489e+01°)
3.46736850452548e+05	(-1.80017076543779e+01dB,-8.27691275168427e+01°)
3.50751873952585e+05	(-1.81001412021711e+01dB,-8.28510373555240e+01°)
3.54813389233592e+05	(-1.81986098607190e+01dB,-8.29320384630514e+01°)
3.58921934645022e+05	(-1.82971128550116e+01dB,-8.30121402807183e+01°)
3.63078054770118e+05	(-1.83956494266149e+01dB,-8.30913521732833e+01°)
3.67282300498102e+05	(-1.84942188333401e+01dB,-8.31696834288345e+01°)
3.71535229097190e+05	(-1.85928203489180e+01dB,-8.32471432586867e+01°)
3.75837404288462e+05	(-1.86914532626791e+01dB,-8.33237407973100e+01°)
3.80189396320579e+05	(-1.87901168792395e+01dB,-8.33994851022884e+01°)
3.84591782045372e+05	(-1.88888105181913e+01dB,-8.34743851543077e+01°)
3.89045144994299e+05	(-1.89875335137994e+01dB,-8.35484498571715e+01°)
3.93550075455796e+05	(-1.90862852147030e+01dB,-8.36216880378430e+01°)
3.98107170553516e+05	(-1.91850649836225e+01dB,-8.36941084465137e+01°)
4.02717034325478e+05	(-1.92838721970715e+01dB,-8.37657197566955e+01°)
4.07380277804132e+05	(-1.93827062450744e+01dB,-8.38365305653375e+01°)
4.12097519097350e+05	(-1.94815665308883e+01dB,-8.39065493929645e+01°)
4.16869383470355e+05	(-1.95804524707305e+01dB,-8.39757846838374e+01°)
4.21696503428603e+05	(-1.96793634935112e+01dB,-8.40442448061349e+01°)
4.26579518801613e+05	(-1.97782990405701e+01dB,-8.41119380521533e+01°)
4.31519076827786e+05	(-1.98772585654190e+01dB,-8.41788726385274e+01°)
4.36515832240187e+05	(-1.99762415334886e+01dB,-8.42450567064676e+01°)
4.41570447353334e+05	(-2.00752474218797e+01dB,-8.43104983220151e+01°)
4.46683592150985e+05	(-2.01742757191201e+01dB,-8.43752054763136e+01°)
4.51855944374944e+05	(-2.02733259249249e+01dB,-8.44391860858959e+01°)
4.57088189614897e+05	(-2.03723975499622e+01dB,-8.45024479929864e+01°)
4.62381021399283e+05	(-2.04714901156227e+01dB,-8.45649989658168e+01°)
4.67735141287221e+05	(-2.05706031537942e+01dB,-8.46268466989559e+01°)
4.73151258961504e+05	(-2.06697362066400e+01dB,-8.46879988136521e+01°)
4.78630092322662e+05	(-2.07688888263820e+01dB,-8.47484628581877e+01°)
4.84172367584123e+05	(-2.08680605750875e+01dB,-8.48082463082453e+01°)
4.89778819368470e+05	(-2.09672510244606e+01dB,-8.48673565672844e+01°)
4.95450190804815e+05	(-2.10664597556373e+01dB,-8.49258009669288e+01°)
5.01187233627297e+05	(-2.11656863589852e+01dB,-8.49835867673636e+01°)
5.06990708274729e+05	(-2.12649304339064e+01dB,-8.50407211577413e+01°)
5.12861383991390e+05	(-2.13641915886449e+01dB,-8.50972112565967e+01°)
5.18800038928987e+05	(-2.14634694400972e+01dB,-8.51530641122696e+01°)
5.24807460249798e+05	(-2.15627636136279e+01dB,-8.52082867033359e+01°)
5.30884444231015e+05	(-2.16620737428871e+01dB,-8.52628859390448e+01°)
5.37031796370279e+05	(-2.17613994696333e+01dB,-8.53168686597633e+01°)
5.43250331492460e+05	(-2.18607404435586e+01dB,-8.53702416374273e+01°)
5.49540873857652e+05	(-2.19600963221183e+01dB,-8.54230115759980e+01°)
5.55904257270431e+05	(-2.20594667703632e+01dB,-8.54751851119234e+01°)
5.62341325190377e+05	(-2.21588514607757e+01dB,-8.55267688146057e+01°)
5.68852930843870e+05	(-2.22582500731094e+01dB,-8.55777691868729e+01°)
5.75439937337186e+05	(-2.23576622942316e+01dB,-8.56281926654545e+01°)
5.82103217770901e+05	(-2.24570878179692e+01dB,-8.56780456214611e+01°)
5.88843655355618e+05	(-2.25565263449579e+01dB,-8.57273343608680e+01°)
5.95662143529040e+05	(-2.26559775824940e+01dB,-8.57760651250018e+01°)
6.02559586074388e+05	(-2.27554412443899e+01dB,-8.58242440910296e+01°)
6.09536897240200e+05	(-2.28549170508324e+01dB,-8.58718773724511e+01°)
6.16595001861513e+05	(-2.29544047282435e+01dB,-8.59189710195933e+01°)
6.23734835482451e+05	(-2.30539040091446e+01dB,-8.59655310201066e+01°)
6.30957344480225e+05	(-2.31534146320235e+01dB,-8.60115632994634e+01°)
6.38263486190581e+05	(-2.32529363412037e+01dB,-8.60570737214574e+01°)
6.45654229034688e+05	(-2.33524688867172e+01dB,-8.61020680887049e+01°)
6.53130552647505e+05	(-2.34520120241789e+01dB,-8.61465521431466e+01°)
6.60693448007630e+05	(-2.35515655146650e+01dB,-8.61905315665504e+01°)
6.68343917568649e+05	(-2.36511291245928e+01dB,-8.62340119810151e+01°)
6.76082975392016e+05	(-2.37507026256034e+01dB,-8.62769989494737e+01°)
6.83911647281464e+05	(-2.38502857944474e+01dB,-8.63194979761972e+01°)
6.91830970918972e+05	(-2.39498784128718e+01dB,-8.63615145072991e+01°)
6.99841996002309e+05	(-2.40494802675108e+01dB,-8.64030539312383e+01°)
7.07945784384174e+05	(-2.41490911497778e+01dB,-8.64441215793227e+01°)
7.16143410212939e+05	(-2.42487108557601e+01dB,-8.64847227262118e+01°)
7.24435960075027e+05	(-2.43483391861160e+01dB,-8.65248625904183e+01°)
7.32824533138942e+05	(-2.44479759459735e+01dB,-8.65645463348098e+01°)
7.41310241300956e+05	(-2.45476209448321e+01dB,-8.66037790671081e+01°)
7.49894209332495e+05	(-2.46472739964658e+01dB,-8.66425658403884e+01°)
7.58577575029223e+05	(-2.47469349188286e+01dB,-8.66809116535767e+01°)
7.67361489361859e+05	(-2.48466035339622e+01dB,-8.67188214519457e+01°)
7.76247116628732e+05	(-2.49462796679052e+01dB,-8.67563001276098e+01°)
7.85235634610112e+05	(-2.50459631506047e+01dB,-8.67933525200171e+01°)
7.94328234724323e+05	(-2.51456538158296e+01dB,-8.68299834164413e+01°)
8.03526122185659e+05	(-2.52453515010858e+01dB,-8.68661975524703e+01°)
8.12830516164141e+05	(-2.53450560475331e+01dB,-8.69019996124932e+01°)
8.22242649947114e+05	(-2.54447672999042e+01dB,-8.69373942301858e+01°)
8.31763771102714e+05	(-2.55444851064253e+01dB,-8.69723859889933e+01°)
8.41395141645239e+05	(-2.56442093187381e+01dB,-8.70069794226104e+01°)
8.51138038202421e+05	(-2.57439397918243e+01dB,-8.70411790154604e+01°)
8.60993752184646e+05	(-2.58436763839309e+01dB,-8.70749892031701e+01°)
8.70963589956126e+05	(-2.59434189564973e+01dB,-8.71084143730437e+01°)
8.81048873008060e+05	(-2.60431673740848e+01dB,-8.71414588645333e+01°)
8.91250938133792e+05	(-2.61429215043062e+01dB,-8.71741269697069e+01°)
9.01571137606004e+05	(-2.62426812177584e+01dB,-8.72064229337141e+01°)
9.12010839355958e+05	(-2.63424463879555e+01dB,-8.72383509552484e+01°)
9.22571427154812e+05	(-2.64422168912634e+01dB,-8.72699151870072e+01°)
9.33254300797040e+05	(-2.65419926068367e+01dB,-8.73011197361488e+01°)
9.44060876285973e+05	(-2.66417734165560e+01dB,-8.73319686647464e+01°)
9.54992586021486e+05	(-2.67415592049669e+01dB,-8.73624659902392e+01°)
9.66050878989865e+05	(-2.68413498592207e+01dB,-8.73926156858808e+01°)
9.77237220955863e+05	(-2.69411452690156e+01dB,-8.74224216811837e+01°)
9.88553094656991e+05	(-2.70409453265404e+01dB,-8.74518878623623e+01°)
1.00000000000000e+06	(-2.71407499264175e+01dB,-8.74810180727707e+01°)
Step Information: N=4  (Step: 4/10)
1.00000000000000e+02	(-2.20002655619442e-05dB,-1.28956802142942e-01°)
1.01157945425990e+02	(-2.25127162497225e-05dB,-1.30450046403988e-01°)
1.02329299228075e+02	(-2.30371033859414e-05dB,-1.31960581438345e-01°)
1.03514216667934e+02	(-2.35737049997338e-05dB,-1.33488607457395e-01°)
1.04712854805090e+02	(-2.41228056035431e-05dB,-1.35034326990636e-01°)
1.05925372517729e+02	(-2.46846963319938e-05dB,-1.36597944912516e-01°)
1.07151930523761e+02	(-2.52596751000473e-05dB,-1.38179668469580e-01°)
1.08392691402120e+02	(-2.58480467669449e-05dB,-1.39779707307927e-01°)
1.09647819614319e+02	(-2.64501232866504e-05dB,-1.41398273500989e-01°)
1.10917481526240e+02	(-2.70662238843297e-05dB,-1.43035581577626e-01°)
1.12201845430196e+02	(-2.76966752183660e-05dB,-1.44691848550553e-01°)
1.13501081567232e+02	(-2.83418115558759e-05dB,-1.46367293945088e-01°)
1.14815362149688e+02	(-2.90019749491903e-05dB,-1.48062139828242e-01°)
1.16144861384034e+02	(-2.96775154181218e-05dB,-1.49776610838134e-01°)
1.17489755493953e+02	(-3.03687911409111e-05dB,-1.51510934213757e-01°)
1.18850222743702e+02	(-3.10761686278163e-05dB,-1.53265339825082e-01°)
1.20226443461741e+02	(-3.18000229323114e-05dB,-1.55040060203510e-01°)
1.21618600064637e+02	(-3.25407378468561e-05dB,-1.56835330572682e-01°)
1.23026877081238e+02	(-3.32987060948084e-05dB,-1.58651388879638e-01°)
1.24451461177139e+02	(-3.40743295570544e-05dB,-1.60488475826341e-01°)
1.25892541179417e+02	(-3.48680194648866e-05dB,-1.62346834901566e-01°)
1.27350308101666e+02	(-3.56801966382058e-05dB,-1.64226712413152e-01°)
1.28824955169314e+02	(-3.65112916890092e-05dB,-1.66128357520636e-01°)
1.30316677845230e+02	(-3.73617452663435e-05dB,-1.68052022268256e-01°)
1.31825673855641e+02	(-3.82320082819741e-05dB,-1.69997961618341e-01°)
1.33352143216333e+02	(-3.91225421447318e-05dB,-1.71966433485084e-01°)
1.34896288259166e+02	(-4.00338190160778e-05dB,-1.73957698768709e-01°)
1.36458313658893e+02	(-4.09663220540953e-05dB,-1.75972021390029e-01°)
1.38038426460289e+02	(-4.19205456729130e-05dB,-1.78009668325404e-01°)
1.39636836105594e+02	(-4.28969957982712e-05dB,-1.80070909642108e-01°)
1.41253754462276e+02	(-4.38961901394827e-05dB,-1.82156018534101e-01°)
1.42889395851111e+02	(-4.49186584700732e-05dB,-1.84265271358212e-01°)
1.44543977074593e+02	(-4.59649428978159e-05dB,-1.86398947670748e-01°)
1.46217717445672e+02	(-4.70355981588749e-05dB,-1.88557330264517e-01°)
1.47910838816821e+02	(-4.81311919148422e-05dB,-1.90740705206287e-01°)
1.49623565609444e+02	(-4.92523050382048e-05dB,-1.92949361874674e-01°)
1.51356124843621e+02	(-5.03995319431362e-05dB,-1.95183592998466e-01°)
1.53108746168203e+02	(-5.15734808815725e-05dB,-1.97443694695397e-01°)
1.54881661891249e+02	(-5.27747742749714e-05dB,-1.99729966511360e-01°)
1.56675107010815e+02	(-5.40040490412500e-05dB,-2.02042711460082e-01°)
1.58489319246112e+02	(-5.52619569352245e-05dB,-2.04382236063249e-01°)
1.60324539069005e+02	(-5.65491648909810e-05dB,-2.06748850391106e-01°)
1.62181009735893e+02	(-5.78663553787117e-05dB,-2.09142868103511e-01°)
1.64058977319954e+02	(-5.92142267576965e-05dB,-2.11564606491476e-01°)
1.65958690743757e+02	(-6.05934936620729e-05dB,-2.14014386519185e-01°)
1.67880401812257e+02	(-6.20048873673208e-05dB,-2.16492532866494e-01°)
1.69824365246175e+02	(-6.34491561789303e-05dB,-2.18999373971924e-01°)
1.71790838715759e+02	(-6.49270658374629e-05dB,-2.21535242076152e-01°)
1.73780082874938e+02	(-6.64393999139734e-05dB,-2.24100473266003e-01°)
1.75792361395870e+02	(-6.79869602266485e-05dB,-2.26695407518952e-01°)
1.77827941003893e+02	(-6.95705672834841e-05dB,-2.29320388748134e-01°)
1.79887091512879e+02	(-7.11910606892858e-05dB,-2.31975764847883e-01°)
1.81970085860999e+02	(-7.28492996086023e-05dB,-2.34661887739792e-01°)
1.84077200146896e+02	(-7.45461632190183e-05dB,-2.37379113419304e-01°)
1.86208713666287e+02	(-7.62825511731295e-05dB,-2.40127802002841e-01°)
1.88364908948981e+02	(-7.80593840798064e-05dB,-2.42908317775483e-01°)
1.90546071796325e+02	(-7.98776039912480e-05dB,-2.45721029239189e-01°)
1.92752491319094e+02	(-8.17381748948592e-05dB,-2.48566309161582e-01°)
1.94984459975805e+02	(-8.36420832369553e-05dB,-2.51444534625293e-01°)
1.97242273611486e+02	(-8.55903384387554e-05dB,-2.54356087077874e-01°)
1.99526231496889e+02	(-8.75839734278076e-05dB,-2.57301352382295e-01°)
2.01836636368157e+02	(-8.96240451964208e-05dB,-2.60280720868009e-01°)
2.04173794466954e+02	(-9.17116353465984e-05dB,-2.63294587382625e-01°)
2.06538015581054e+02	(-9.38478506793365e-05dB,-2.66343351344161e-01°)
2.08929613085405e+02	(-9.60338237704253e-05dB,-2.69427416793910e-01°)
2.11348903983666e+02	(-9.82707135790423e-05dB,-2.72547192449910e-01°)
2.13796208950224e+02	(-1.00559706052493e-04dB,-2.75703091761039e-01°)
2.16271852372703e+02	(-1.02902014759887e-04dB,-2.78895532961723e-01°)
2.18776162394956e+02	(-1.05298881536426e-04dB,-2.82124939127285e-01°)
2.21309470960565e+02	(-1.07751577145057e-04dB,-2.85391738229927e-01°)
2.23872113856835e+02	(-1.10261401938128e-04dB,-2.88696363195359e-01°)
2.26464430759307e+02	(-1.12829686560521e-04dB,-2.92039251960085e-01°)
2.29086765276778e+02	(-1.15457792644106e-04dB,-2.95420847529340e-01°)
2.31739464996849e+02	(-1.18147113536925e-04dB,-2.98841598035706e-01°)
2.34422881531993e+02	(-1.20899075036232e-04dB,-3.02301956798398e-01°)
2.37137370566167e+02	(-1.23715136146621e-04dB,-3.05802382383233e-01°)
2.39883291901950e+02	(-1.26596789858404e-04dB,-3.09343338663295e-01°)
2.42661009508243e+02	(-1.29545563927936e-04dB,-3.12925294880292e-01°)
2.45470891568504e+02	(-1.32563021695547e-04dB,-3.16548725706628e-01°)
2.48313310529558e+02	(-1.35650762916024e-04dB,-3.20214111308186e-01°)
2.51188643150959e+02	(-1.38810424592963e-04dB,-3.23921937407833e-01°)
2.54097270554932e+02	(-1.42043681866158e-04dB,-3.27672695349662e-01°)
2.57039578276888e+02	(-1.45352248884549e-04dB,-3.31466882163968e-01°)
2.60015956316529e+02	(-1.48737879719670e-04dB,-3.35305000632978e-01°)
2.63026799189540e+02	(-1.52202369294545e-04dB,-3.39187559357333e-01°)
2.66072505979882e+02	(-1.55747554339594e-04dB,-3.43115072823341e-01°)
2.69153480392693e+02	(-1.59375314356265e-04dB,-3.47088061470997e-01°)
2.72270130807793e+02	(-1.63087572619254e-04dB,-3.51107051762797e-01°)
2.75422870333818e+02	(-1.66886297203812e-04dB,-3.55172576253331e-01°)
2.78612116862979e+02	(-1.70773502008236e-04dB,-3.59285173659688e-01°)
2.81838293126447e+02	(-1.74751247842926e-04dB,-3.63445388932667e-01°)
2.85101826750393e+02	(-1.78821643510766e-04dB,-3.67653773328805e-01°)
2.88403150312662e+02	(-1.82986846921281e-04dB,-3.71910884483238e-01°)
2.91742701400119e+02	(-1.87249066251098e-04dB,-3.76217286483397e-01°)
2.95120922666640e+02	(-1.91610561090915e-04dB,-3.80573549943554e-01°)
2.98538261891798e+02	(-1.96073643660003e-04dB,-3.84980252080225e-01°)
3.01995172040204e+02	(-2.00640680031329e-04dB,-3.89437976788436e-01°)
3.05492111321553e+02	(-2.05314091373093e-04dB,-3.93947314718873e-01°)
3.09029543251361e+02	(-2.10096355243322e-04dB,-3.98508863355909e-01°)
3.12607936712398e+02	(-2.14990006897029e-04dB,-4.03123227096539e-01°)
3.16227766016840e+02	(-2.19997640631962e-04dB,-4.07791017330214e-01°)
3.19889510969142e+02	(-2.25121911166202e-04dB,-4.12512852519593e-01°)
3.23593656929630e+02	(-2.30365535032182e-04dB,-4.17289358282227e-01°)
3.27340694878840e+02	(-2.35731292037266e-04dB,-4.22121167473174e-01°)
3.31131121482593e+02	(-2.41222026713756e-04dB,-4.27008920268570e-01°)
3.34965439157830e+02	(-2.46840649844135e-04dB,-4.31953264250155e-01°)
3.38844156139205e+02	(-2.52590139995034e-04dB,-4.36954854490766e-01°)
3.42767786546453e+02	(-2.58473545097501e-04dB,-4.42014353640820e-01°)
3.46736850452534e+02	(-2.64493984059145e-04dB,-4.47132432015784e-01°)
3.50751873952571e+02	(-2.70654648418727e-04dB,-4.52309767684641e-01°)
3.54813389233578e+02	(-2.76958804036484e-04dB,-4.57547046559388e-01°)
3.58921934645008e+02	(-2.83409792831732e-04dB,-4.62844962485538e-01°)
3.63078054770104e+02	(-2.90011034537873e-04dB,-4.68204217333683e-01°)
3.67282300498087e+02	(-2.96766028529767e-04dB,-4.73625521092082e-01°)
3.71535229097175e+02	(-3.03678355668505e-04dB,-4.79109591960333e-01°)
3.75837404288447e+02	(-3.10751680200233e-04dB,-4.84657156444098e-01°)
3.80189396320564e+02	(-3.17989751699382e-04dB,-4.90268949450924e-01°)
3.84591782045357e+02	(-3.25396407054375e-04dB,-4.95945714387159e-01°)
3.89045144994284e+02	(-3.32975572499685e-04dB,-5.01688203255975e-01°)
3.93550075455781e+02	(-3.40731265694226e-04dB,-5.07497176756513e-01°)
3.98107170553500e+02	(-3.48667597852843e-04dB,-5.13373404384164e-01°)
4.02717034325462e+02	(-3.56788775921264e-04dB,-5.19317664531993e-01°)
4.07380277804116e+02	(-3.65099104807032e-04dB,-5.25330744593327e-01°)
4.12097519097334e+02	(-3.73602989656813e-04dB,-5.31413441065508e-01°)
4.16869383470339e+02	(-3.82304938193537e-04dB,-5.37566559654843e-01°)
4.21696503428586e+02	(-3.91209563100888e-04dB,-5.43790915382738e-01°)
4.26579518801596e+02	(-4.00321584465713e-04dB,-5.50087332693057e-01°)
4.31519076827769e+02	(-4.09645832283200e-04dB,-5.56456645560695e-01°)
4.36515832240170e+02	(-4.19187249009394e-04dB,-5.62899697601402e-01°)
4.41570447353316e+02	(-4.28950892181295e-04dB,-5.69417342182844e-01°)
4.46683592150967e+02	(-4.38941937094918e-04dB,-5.76010442536945e-01°)
4.51855944374926e+02	(-4.49165679546127e-04dB,-5.82679871873499e-01°)
4.57088189614879e+02	(-4.59627538638103e-04dB,-5.89426513495083e-01°)
4.62381021399264e+02	(-4.70333059641965e-04dB,-5.96251260913275e-01°)
4.67735141287202e+02	(-4.81287916945246e-04dB,-6.03155017966192e-01°)
4.73151258961485e+02	(-4.92497917049678e-04dB,-6.10138698937375e-01°)
4.78630092322643e+02	(-5.03969001647195e-04dB,-6.17203228676014e-01°)
4.84172367584104e+02	(-5.15707250763573e-04dB,-6.24349542718550e-01°)
4.89778819368451e+02	(-5.27718885980317e-04dB,-6.31578587411656e-01°)
4.95450190804795e+02	(-5.40010273734791e-04dB,-6.38891320036605e-01°)
5.01187233627277e+02	(-5.52587928678356e-04dB,-6.46288708935071e-01°)
5.06990708274709e+02	(-5.65458517129167e-04dB,-6.53771733636337e-01°)
5.12861383991370e+02	(-5.78628860612881e-04dB,-6.61341384985956e-01°)
5.18800038928966e+02	(-5.92105939461394e-04dB,-6.68998665275871e-01°)
5.24807460249778e+02	(-6.05896896508184e-04dB,-6.76744588376002e-01°)
5.30884444230993e+02	(-6.20009040873523e-04dB,-6.84580179867339e-01°)
5.37031796370258e+02	(-6.34449851841490e-04dB,-6.92506477176518e-01°)
5.43250331492438e+02	(-6.49226982798900e-04dB,-7.00524529711945e-01°)
5.49540873857630e+02	(-6.64348265300782e-04dB,-7.08635399001439e-01°)
5.55904257270409e+02	(-6.79821713217065e-04dB,-7.16840158831443e-01°)
5.62341325190355e+02	(-6.95655526965330e-04dB,-7.25139895387799e-01°)
5.68852930843847e+02	(-7.11858097856631e-04dB,-7.33535707398122e-01°)
5.75439937337163e+02	(-7.28438012527392e-04dB,-7.42028706275767e-01°)
5.82103217770877e+02	(-7.45404057498858e-04dB,-7.50620016265432e-01°)
5.88843655355595e+02	(-7.62765223812047e-04dB,-7.59310774590393e-01°)
5.95662143529017e+02	(-7.80530711793171e-04dB,-7.68102131601399e-01°)
6.02559586074364e+02	(-7.98709935916766e-04dB,-7.76995250927245e-01°)
6.09536897240176e+02	(-8.17312529791603e-04dB,-7.85991309627033e-01°)
6.16595001861489e+02	(-8.36348351253979e-04dB,-7.95091498344150e-01°)
6.23734835482426e+02	(-8.55827487584787e-04dB,-8.04297021461968e-01°)
6.30957344480200e+02	(-8.75760260844603e-04dB,-8.13609097261297e-01°)
6.38263486190556e+02	(-8.96157233330664e-04dB,-8.23028958079601e-01°)
6.45654229034662e+02	(-9.17029213171174e-04dB,-8.32557850471997e-01°)
6.53130552647479e+02	(-9.38387260035759e-04dB,-8.42197035374055e-01°)
6.60693448007603e+02	(-9.60242690987145e-04dB,-8.51947788266422e-01°)
6.68343917568622e+02	(-9.82607086465419e-04dB,-8.61811399341286e-01°)
6.76082975391989e+02	(-1.00549229641163e-03dB,-8.71789173670692e-01°)
6.83911647281437e+02	(-1.02891044653846e-03dB,-8.81882431376749e-01°)
6.91830970918944e+02	(-1.05287394473453e-03dB,-8.92092507803715e-01°)
6.99841996002281e+02	(-1.07739548762645e-03dB,-9.02420753692018e-01°)
7.07945784384146e+02	(-1.10248806729855e-03dB,-9.12868535354202e-01°)
7.16143410212910e+02	(-1.12816497815319e-03dB,-9.23437234852828e-01°)
7.24435960074998e+02	(-1.15443982393741e-03dB,-9.34128250180358e-01°)
7.32824533138912e+02	(-1.18132652494302e-03dB,-9.44942995441023e-01°)
7.41310241300926e+02	(-1.20883932535574e-03dB,-9.55882901034720e-01°)
7.49894209332465e+02	(-1.23699280078361e-03dB,-9.66949413842931e-01°)
7.58577575029193e+02	(-1.26580186596733e-03dB,-9.78143997416707e-01°)
7.67361489361828e+02	(-1.29528178264869e-03dB,-9.89468132166727e-01°)
7.76247116628701e+02	(-1.32544816764808e-03dB,-1.00092331555545e+00°)
7.85235634610081e+02	(-1.35631700110681e-03dB,-1.01251106229137e+00°)
7.94328234724291e+02	(-1.38790463493096e-03dB,-1.02423290452548e+00°)
8.03526122185627e+02	(-1.42022780142804e-03dB,-1.03609039204975e+00°)
8.12830516164109e+02	(-1.45330362215593e-03dB,-1.04808509249796e+00°)
8.22242649947081e+02	(-1.48714961694827e-03dB,-1.06021859154861e+00°)
8.31763771102681e+02	(-1.52178371317733e-03dB,-1.07249249313008e+00°)
8.41395141645205e+02	(-1.55722425521947e-03dB,-1.08490841962807e+00°)
8.51138038202387e+02	(-1.59349001414081e-03dB,-1.09746801209527e+00°)
8.60993752184611e+02	(-1.63060019760685e-03dB,-1.11017293046333e+00°)
8.70963589956091e+02	(-1.66857446002395e-03dB,-1.12302485375710e+00°)
8.81048873008025e+02	(-1.70743291290972e-03dB,-1.13602548031127e+00°)
8.91250938133757e+02	(-1.74719613551469e-03dB,-1.14917652798933e+00°)
9.01571137605968e+02	(-1.78788518567688e-03dB,-1.16247973440483e+00°)
9.12010839355921e+02	(-1.82952161093261e-03dB,-1.17593685714518e+00°)
9.22571427154775e+02	(-1.87212745989891e-03dB,-1.18954967399773e+00°)
9.33254300797003e+02	(-1.91572529388244e-03dB,-1.20331998317838e+00°)
9.44060876285936e+02	(-1.96033819880168e-03dB,-1.21724960356257e+00°)
9.54992586021448e+02	(-2.00598979735405e-03dB,-1.23134037491883e+00°)
9.66050878989826e+02	(-2.05270426147338e-03dB,-1.24559415814478e+00°)
9.77237220955823e+02	(-2.10050632507683e-03dB,-1.26001283550572e+00°)
9.88553094656952e+02	(-2.14942129711010e-03dB,-1.27459831087563e+00°)
1.00000000000001e+03	(-2.19947507488317e-03dB,-1.28935250998092e+00°)
1.01157945425991e+03	(-2.25069415772491e-03dB,-1.30427738064666e+00°)
1.02329299228077e+03	(-2.30310566094769e-03dB,-1.31937489304540e+00°)
1.03514216667936e+03	(-2.35673733013486e-03dB,-1.33464703994876e+00°)
1.04712854805091e+03	(-2.41161755576079e-03dB,-1.35009583698151e+00°)
1.05925372517730e+03	(-2.46777538814644e-03dB,-1.36572332287846e+00°)
1.07151930523762e+03	(-2.52524055276427e-03dB,-1.38153155974397e+00°)
1.08392691402122e+03	(-2.58404346588660e-03dB,-1.39752263331427e+00°)
1.09647819614320e+03	(-2.64421525060094e-03dB,-1.41369865322238e+00°)
1.10917481526242e+03	(-2.70578775320485e-03dB,-1.43006175326599e+00°)
1.12201845430198e+03	(-2.76879355996508e-03dB,-1.44661409167793e+00°)
1.13501081567233e+03	(-2.83326601426051e-03dB,-1.46335785139961e+00°)
1.14815362149690e+03	(-2.89923923413407e-03dB,-1.48029524035720e+00°)
1.16144861384036e+03	(-2.96674813024326e-03dB,-1.49742849174069e+00°)
1.17489755493955e+03	(-3.03582842422583e-03dB,-1.51475986428578e+00°)
1.18850222743704e+03	(-3.10651666747797e-03dB,-1.53229164255879e+00°)
1.20226443461743e+03	(-3.17885026037995e-03dB,-1.55002613724429e+00°)
1.21618600064639e+03	(-3.25286747195581e-03dB,-1.56796568543585e+00°)
1.23026877081240e+03	(-3.32860745999261e-03dB,-1.58611265092961e+00°)
1.24451461177140e+03	(-3.40611029161162e-03dB,-1.60446942452091e+00°)
1.25892541179419e+03	(-3.48541696432740e-03dB,-1.62303842430387e+00°)
1.27350308101668e+03	(-3.56656942756717e-03dB,-1.64182209597399e+00°)
1.28824955169315e+03	(-3.64961060472586e-03dB,-1.66082291313378e+00°)
1.30316677845232e+03	(-3.73458441568202e-03dB,-1.68004337760146e+00°)
1.31825673855643e+03	(-3.82153579986058e-03dB,-1.69948601972271e+00°)
1.33352143216334e+03	(-3.91051073981984e-03dB,-1.71915339868550e+00°)
1.34896288259167e+03	(-4.00155628537153e-03dB,-1.73904810283805e+00°)
1.36458313658895e+03	(-4.09472057826908e-03dB,-1.75917275000989e+00°)
1.38038426460291e+03	(-4.19005287744909e-03dB,-1.77952998783605e+00°)
1.39636836105596e+03	(-4.28760358485426e-03dB,-1.80012249408447e+00°)
1.41253754462278e+03	(-4.38742427186335e-03dB,-1.82095297698645e+00°)
1.42889395851112e+03	(-4.48956770629861e-03dB,-1.84202417557045e+00°)
1.44543977074595e+03	(-4.59408788008354e-03dB,-1.86333885999891e+00°)
1.46217717445674e+03	(-4.70104003750994e-03dB,-1.88489983190847e+00°)
1.47910838816823e+03	(-4.81048070416775e-03dB,-1.90670992475326e+00°)
1.49623565609446e+03	(-4.92246771653151e-03dB,-1.92877200415151e+00°)
1.51356124843623e+03	(-5.03706025221739e-03dB,-1.95108896823538e+00°)
1.53108746168205e+03	(-5.15431886094228e-03dB,-1.97366374800411e+00°)
1.54881661891251e+03	(-5.27430549619131e-03dB,-1.99649930768035e+00°)
1.56675107010817e+03	(-5.39708354759819e-03dB,-2.01959864506982e+00°)
1.58489319246114e+03	(-5.52271787407481e-03dB,-2.04296479192433e+00°)
1.60324539069007e+03	(-5.65127483769356e-03dB,-2.06660081430792e+00°)
1.62181009735896e+03	(-5.78282233833955e-03dB,-2.09050981296653e+00°)
1.64058977319957e+03	(-5.91742984916619e-03dB,-2.11469492370078e+00°)
1.65958690743759e+03	(-6.05516845283949e-03dB,-2.13915931774219e+00°)
1.67880401812259e+03	(-6.19611087862788e-03dB,-2.16390620213270e+00°)
1.69824365246177e+03	(-6.34033154032092e-03dB,-2.18893882010745e+00°)
1.71790838715762e+03	(-6.48790657502222e-03dB,-2.21426045148100e+00°)
1.73780082874940e+03	(-6.63891388281749e-03dB,-2.23987441303670e+00°)
1.75792361395872e+03	(-6.79343316734764e-03dB,-2.26578405891962e+00°)
1.77827941003895e+03	(-6.95154597730609e-03dB,-2.29199278103252e+00°)
1.79887091512882e+03	(-7.11333574887617e-03dB,-2.31850400943543e+00°)
1.81970085861001e+03	(-7.27888784912858e-03dB,-2.34532121274827e+00°)
1.84077200146899e+03	(-7.44828962040835e-03dB,-2.37244789855697e+00°)
1.86208713666290e+03	(-7.62163042572783e-03dB,-2.39988761382279e+00°)
1.88364908948983e+03	(-7.79900169518238e-03dB,-2.42764394529493e+00°)
1.90546071796328e+03	(-7.98049697342874e-03dB,-2.45572051992648e+00°)
1.92752491319097e+03	(-8.16621196821479e-03dB,-2.48412100529351e+00°)
1.94984459975808e+03	(-8.35624460003761e-03dB,-2.51284911001750e+00°)
1.97242273611489e+03	(-8.55069505289639e-03dB,-2.54190858419099e+00°)
1.99526231496891e+03	(-8.74966582620945e-03dB,-2.57130321980635e+00°)
2.01836636368160e+03	(-8.95326178788250e-03dB,-2.60103685118782e+00°)
2.04173794466956e+03	(-9.16159022860514e-03dB,-2.63111335542668e+00°)
2.06538015581057e+03	(-9.37476091732723e-03dB,-2.66153665281954e+00°)
2.08929613085408e+03	(-9.59288615802606e-03dB,-2.69231070730973e+00°)
2.11348903983668e+03	(-9.81608084771995e-03dB,-2.72343952693176e+00°)
2.13796208950227e+03	(-1.00444625358038e-02dB,-2.75492716425883e+00°)
2.16271852372706e+03	(-1.02781514847056e-02dB,-2.78677771685332e+00°)
2.18776162394959e+03	(-1.05172707319033e-02dB,-2.81899532772027e+00°)
2.21309470960568e+03	(-1.07619461533432e-02dB,-2.85158418576368e+00°)
2.23872113856838e+03	(-1.10123065282637e-02dB,-2.88454852624582e+00°)
2.26464430759310e+03	(-1.12684836054751e-02dB,-2.91789263124922e+00°)
2.29086765276781e+03	(-1.15306121711283e-02dB,-2.95162083014153e+00°)
2.31739464996852e+03	(-1.17988301179799e-02dB,-2.98573750004301e+00°)
2.34422881531996e+03	(-1.20732785162047e-02dB,-3.02024706629670e+00°)
2.37137370566170e+03	(-1.23541016858147e-02dB,-3.05515400294121e+00°)
2.39883291901953e+03	(-1.26414472706374e-02dB,-3.09046283318594e+00°)
2.42661009508246e+03	(-1.29354663139806e-02dB,-3.12617812988885e+00°)
2.45470891568508e+03	(-1.32363133359662e-02dB,-3.16230451603649e+00°)
2.48313310529562e+03	(-1.35441464125732e-02dB,-3.19884666522641e+00°)
2.51188643150963e+03	(-1.38591272564256e-02dB,-3.23580930215170e+00°)
2.54097270554935e+03	(-1.41814212993845e-02dB,-3.27319720308773e+00°)
2.57039578276891e+03	(-1.45111977769553e-02dB,-3.31101519638080e+00°)
2.60015956316532e+03	(-1.48486298145596e-02dB,-3.34926816293881e+00°)
2.63026799189543e+03	(-1.51938945156949e-02dB,-3.38796103672368e+00°)
2.66072505979886e+03	(-1.55471730520698e-02dB,-3.42709880524551e+00°)
2.69153480392697e+03	(-1.59086507556693e-02dB,-3.46668651005831e+00°)
2.72270130807796e+03	(-1.62785172128868e-02dB,-3.50672924725722e+00°)
2.75422870333822e+03	(-1.66569663606908e-02dB,-3.54723216797701e+00°)
2.78612116862982e+03	(-1.70441965849063e-02dB,-3.58820047889190e+00°)
2.81838293126451e+03	(-1.74404108206436e-02dB,-3.62963944271634e+00°)
2.85101826750396e+03	(-1.78458166549092e-02dB,-3.67155437870676e+00°)
2.88403150312666e+03	(-1.82606264314627e-02dB,-3.71395066316404e+00°)
2.91742701400122e+03	(-1.86850573579439e-02dB,-3.75683372993669e+00°)
2.95120922666644e+03	(-1.91193316153305e-02dB,-3.80020907092433e+00°)
2.98538261891802e+03	(-1.95636764697578e-02dB,-3.84408223658153e+00°)
3.01995172040208e+03	(-2.00183243867799e-02dB,-3.88845883642171e+00°)
3.05492111321557e+03	(-2.04835131480657e-02dB,-3.93334453952086e+00°)
3.09029543251365e+03	(-2.09594859706248e-02dB,-3.97874507502106e+00°)
3.12607936712402e+03	(-2.14464916286085e-02dB,-4.02466623263334e+00°)
3.16227766016844e+03	(-2.19447845776990e-02dB,-4.07111386313994e+00°)
3.19889510969146e+03	(-2.24546250821901e-02dB,-4.11809387889545e+00°)
3.23593656929635e+03	(-2.29762793447537e-02dB,-4.16561225432689e+00°)
3.27340694878845e+03	(-2.35100196390047e-02dB,-4.21367502643222e+00°)
3.31131121482598e+03	(-2.40561244448609e-02dB,-4.26228829527721e+00°)
3.34965439157834e+03	(-2.46148785867944e-02dB,-4.31145822449026e+00°)
3.38844156139209e+03	(-2.51865733749950e-02dB,-4.36119104175506e+00°)
3.42767786546457e+03	(-2.57715067495324e-02dB,-4.41149303930059e+00°)
3.46736850452539e+03	(-2.63699834275484e-02dB,-4.46237057438835e+00°)
3.50751873952575e+03	(-2.69823150535326e-02dB,-4.51383006979637e+00°)
3.54813389233583e+03	(-2.76088203527836e-02dB,-4.56587801429979e+00°)
3.58921934645013e+03	(-2.82498252880283e-02dB,-4.61852096314750e+00°)
3.63078054770109e+03	(-2.89056632193543e-02dB,-4.67176553853473e+00°)
3.67282300498092e+03	(-2.95766750674439e-02dB,-4.72561843007099e+00°)
3.71535229097180e+03	(-3.02632094801891e-02dB,-4.78008639524311e+00°)
3.75837404288452e+03	(-3.09656230027743e-02dB,-4.83517625987292e+00°)
3.80189396320569e+03	(-3.16842802512386e-02dB,-4.89089491856928e+00°)
3.84591782045362e+03	(-3.24195540896151e-02dB,-4.94724933517385e+00°)
3.89045144994289e+03	(-3.31718258106936e-02dB,-5.00424654320030e+00°)
3.93550075455786e+03	(-3.39414853204810e-02dB,-5.06189364626646e+00°)
3.98107170553506e+03	(-3.47289313264032e-02dB,-5.12019781851890e+00°)
4.02717034325468e+03	(-3.55345715293247e-02dB,-5.17916630504955e+00°)
4.07380277804121e+03	(-3.63588228194378e-02dB,-5.23880642230371e+00°)
4.12097519097339e+03	(-3.72021114761152e-02dB,-5.29912555847901e+00°)
4.16869383470344e+03	(-3.80648733717331e-02dB,-5.36013117391480e+00°)
4.21696503428591e+03	(-3.89475541795846e-02dB,-5.42183080147131e+00°)
4.26579518801602e+03	(-3.98506095859299e-02dB,-5.48423204689805e+00°)
4.31519076827775e+03	(-4.07745055062158e-02dB,-5.54734258919086e+00°)
4.36515832240175e+03	(-4.17197183055832e-02dB,-5.61117018093694e+00°)
4.41570447353322e+03	(-4.26867350236952e-02dB,-5.67572264864724e+00°)
4.46683592150973e+03	(-4.36760536039330e-02dB,-5.74100789307550e+00°)
4.51855944374932e+03	(-4.46881831270734e-02dB,-5.80703388952330e+00°)
4.57088189614885e+03	(-4.57236440494641e-02dB,-5.87380868813035e+00°)
4.62381021399271e+03	(-4.67829684458037e-02dB,-5.94134041414934e+00°)
4.67735141287209e+03	(-4.78667002565288e-02dB,-6.00963726820447e+00°)
4.73151258961491e+03	(-4.89753955399561e-02dB,-6.07870752653298e+00°)
4.78630092322649e+03	(-5.01096227291571e-02dB,-6.14855954120887e+00°)
4.84172367584110e+03	(-5.12699628936921e-02dB,-6.21920174034780e+00°)
4.89778819368457e+03	(-5.24570100062233e-02dB,-6.29064262829250e+00°)
4.95450190804801e+03	(-5.36713712140973e-02dB,-6.36289078577767e+00°)
5.01187233627284e+03	(-5.49136671159274e-02dB,-6.43595487007350e+00°)
5.06990708274716e+03	(-5.61845320432633e-02dB,-6.50984361510672e+00°)
5.12861383991376e+03	(-5.74846143474005e-02dB,-6.58456583155846e+00°)
5.18800038928973e+03	(-5.88145766913523e-02dB,-6.66013040693755e+00°)
5.24807460249785e+03	(-6.01750963470919e-02dB,-6.73654630562853e+00°)
5.30884444231001e+03	(-6.15668654980877e-02dB,-6.81382256891308e+00°)
5.37031796370265e+03	(-6.29905915471750e-02dB,-6.89196831496381e+00°)
5.43250331492446e+03	(-6.44469974298538e-02dB,-6.97099273880934e+00°)
5.49540873857637e+03	(-6.59368219330171e-02dB,-7.05090511226931e+00°)
5.55904257270416e+03	(-6.74608200191722e-02dB,-7.13171478385832e+00°)
5.62341325190362e+03	(-6.90197631562327e-02dB,-7.21343117865736e+00°)
5.68852930843855e+03	(-7.06144396528570e-02dB,-7.29606379815154e+00°)
5.75439937337170e+03	(-7.22456549994214e-02dB,-7.37962222003270e+00°)
5.82103217770885e+03	(-7.39142322146598e-02dB,-7.46411609796577e+00°)
5.88843655355603e+03	(-7.56210121979941e-02dB,-7.54955516131708e+00°)
5.95662143529025e+03	(-7.73668540875607e-02dB,-7.63594921484357e+00°)
6.02559586074372e+03	(-7.91526356240126e-02dB,-7.72330813834121e+00°)
6.09536897240184e+03	(-8.09792535200901e-02dB,-7.81164188625108e+00°)
6.16595001861497e+03	(-8.28476238359580e-02dB,-7.90096048722174e+00°)
6.23734835482434e+03	(-8.47586823603657e-02dB,-7.99127404362606e+00°)
6.30957344480208e+03	(-8.67133849976207e-02dB,-8.08259273103100e+00°)
6.38263486190564e+03	(-8.87127081603739e-02dB,-8.17492679761866e+00°)
6.45654229034671e+03	(-9.07576491682250e-02dB,-8.26828656355679e+00°)
6.53130552647488e+03	(-9.28492266521533e-02dB,-8.36268242031698e+00°)
6.60693448007612e+03	(-9.49884809647423e-02dB,-8.45812482993892e+00°)
6.68343917568631e+03	(-9.71764745961873e-02dB,-8.55462432423847e+00°)
6.76082975391998e+03	(-9.94142925960911e-02dB,-8.65219150395812e+00°)
6.83911647281446e+03	(-1.01703043000966e-01dB,-8.75083703785747e+00°)
6.91830970918953e+03	(-1.04043857267455e-01dB,-8.85057166174196e+00°)
6.99841996002291e+03	(-1.06437890711203e-01dB,-8.95140617742780e+00°)
7.07945784384155e+03	(-1.08886322951324e-01dB,-9.05335145164090e+00°)
7.16143410212920e+03	(-1.11390358360427e-01dB,-9.15641841484781e+00°)
7.24435960075008e+03	(-1.13951226520099e-01dB,-9.26061806001639e+00°)
7.32824533138922e+03	(-1.16570182681813e-01dB,-9.36596144130404e+00°)
7.41310241300936e+03	(-1.19248508233112e-01dB,-9.47245967267125e+00°)
7.49894209332474e+03	(-1.21987511169044e-01dB,-9.58012392641805e+00°)
7.58577575029203e+03	(-1.24788526568675e-01dB,-9.68896543164120e+00°)
7.67361489361838e+03	(-1.27652917076629e-01dB,-9.79899547260947e+00°)
7.76247116628711e+03	(-1.30582073389442e-01dB,-9.91022538705488e+00°)
7.85235634610092e+03	(-1.33577414746693e-01dB,-1.00226665643771e+01°)
7.94328234724302e+03	(-1.36640389426652e-01dB,-1.01363304437586e+01°)
8.03526122185638e+03	(-1.39772475246365e-01dB,-1.02512285121886e+01°)
8.12830516164120e+03	(-1.42975180065957e-01dB,-1.03673723023913e+01°)
8.22242649947092e+03	(-1.46250042296953e-01dB,-1.04847733906589e+01°)
8.31763771102692e+03	(-1.49598631414439e-01dB,-1.06034433945835e+01°)
8.41395141645217e+03	(-1.53022548472815e-01dB,-1.07233939706872e+01°)
8.51138038202398e+03	(-1.56523426624902e-01dB,-1.08446368119468e+01°)
8.60993752184623e+03	(-1.60102931644191e-01dB,-1.09671836452113e+01°)
8.70963589956103e+03	(-1.63762762449883e-01dB,-1.10910462285072e+01°)
8.81048873008037e+03	(-1.67504651634527e-01dB,-1.12162363482322e+01°)
8.91250938133769e+03	(-1.71330365993848e-01dB,-1.13427658162305e+01°)
9.01571137605980e+03	(-1.75241707058544e-01dB,-1.14706464667507e+01°)
9.12010839355933e+03	(-1.79240511627616e-01dB,-1.15998901532795e+01°)
9.22571427154787e+03	(-1.83328652302919e-01dB,-1.17305087452525e+01°)
9.33254300797015e+03	(-1.87508038024543e-01dB,-1.18625141246348e+01°)
9.44060876285948e+03	(-1.91780614606586e-01dB,-1.19959181823727e+01°)
9.54992586021461e+03	(-1.96148365272939e-01dB,-1.21307328147097e+01°)
9.66050878989839e+03	(-2.00613311192586e-01dB,-1.22669699193670e+01°)
9.77237220955837e+03	(-2.05177512013961e-01dB,-1.24046413915833e+01°)
9.88553094656965e+03	(-2.09843066397880e-01dB,-1.25437591200128e+01°)
1.00000000000003e+04	(-2.14612112548502e-01dB,-1.26843349824768e+01°)
1.01157945425993e+04	(-2.19486828741767e-01dB,-1.28263808415672e+01°)
1.02329299228078e+04	(-2.24469433850759e-01dB,-1.29699085400988e+01°)
1.03514216667937e+04	(-2.29562187867368e-01dB,-1.31149298964070e+01°)
1.04712854805093e+04	(-2.34767392419648e-01dB,-1.32614566994890e+01°)
1.05925372517732e+04	(-2.40087391284186e-01dB,-1.34095007039846e+01°)
1.07151930523764e+04	(-2.45524570892805e-01dB,-1.35590736249955e+01°)
1.08392691402123e+04	(-2.51081360832916e-01dB,-1.37101871327388e+01°)
1.09647819614321e+04	(-2.56760234340719e-01dB,-1.38628528470332e+01°)
1.10917481526243e+04	(-2.62563708786536e-01dB,-1.40170823316149e+01°)
1.12201845430199e+04	(-2.68494346151437e-01dB,-1.41728870882811e+01°)
1.13501081567235e+04	(-2.74554753494321e-01dB,-1.43302785508587e+01°)
1.14815362149691e+04	(-2.80747583408619e-01dB,-1.44892680789959e+01°)
1.16144861384037e+04	(-2.87075534467673e-01dB,-1.46498669517746e+01°)
1.17489755493956e+04	(-2.93541351657890e-01dB,-1.48120863611415e+01°)
1.18850222743705e+04	(-3.00147826798724e-01dB,-1.49759374051570e+01°)
1.20226443461745e+04	(-3.06897798948422e-01dB,-1.51414310810582e+01°)
1.21618600064640e+04	(-3.13794154794580e-01dB,-1.53085782781371e+01°)
1.23026877081242e+04	(-3.20839829028411e-01dB,-1.54773897704301e+01°)
1.24451461177142e+04	(-3.28037804701620e-01dB,-1.56478762092197e+01°)
1.25892541179420e+04	(-3.35391113564774e-01dB,-1.58200481153458e+01°)
1.27350308101670e+04	(-3.42902836386016e-01dB,-1.59939158713269e+01°)
1.28824955169317e+04	(-3.50576103248894e-01dB,-1.61694897132900e+01°)
1.30316677845234e+04	(-3.58414093828104e-01dB,-1.63467797227100e+01°)
1.31825673855644e+04	(-3.66420037641893e-01dB,-1.65257958179562e+01°)
1.33352143216336e+04	(-3.74597214279801e-01dB,-1.67065477456491e+01°)
1.34896288259169e+04	(-3.82948953604473e-01dB,-1.68890450718258e+01°)
1.36458313658896e+04	(-3.91478635926105e-01dB,-1.70732971729153e+01°)
1.38038426460292e+04	(-4.00189692148263e-01dB,-1.72593132265256e+01°)
1.39636836105598e+04	(-4.09085603883538e-01dB,-1.74471022020429e+01°)
1.41253754462279e+04	(-4.18169903537691e-01dB,-1.76366728510455e+01°)
1.42889395851114e+04	(-4.27446174360792e-01dB,-1.78280336975339e+01°)
1.44543977074597e+04	(-4.36918050463874e-01dB,-1.80211930279806e+01°)
1.46217717445676e+04	(-4.46589216799561e-01dB,-1.82161588812010e+01°)
1.47910838816825e+04	(-4.56463409105201e-01dB,-1.84129390380502e+01°)
1.49623565609448e+04	(-4.66544413806896e-01dB,-1.86115410109490e+01°)
1.51356124843625e+04	(-4.76836067882875e-01dB,-1.88119720332422e+01°)
1.53108746168207e+04	(-4.87342258684647e-01dB,-1.90142390483962e+01°)
1.54881661891253e+04	(-4.98066923714328e-01dB,-1.92183486990384e+01°)
1.56675107010819e+04	(-5.09014050356492e-01dB,-1.94243073158461e+01°)
1.58489319246116e+04	(-5.20187675563033e-01dB,-1.96321209062900e+01°)
1.60324539069009e+04	(-5.31591885489304e-01dB,-1.98417951432395e+01°)
1.62181009735898e+04	(-5.43230815079984e-01dB,-2.00533353534361e+01°)
1.64058977319959e+04	(-5.55108647603052e-01dB,-2.02667465058444e+01°)
1.65958690743761e+04	(-5.67229614130231e-01dB,-2.04820331998874e+01°)
1.67880401812261e+04	(-5.79597992962313e-01dB,-2.06991996535755e+01°)
1.69824365246179e+04	(-5.92218108997775e-01dB,-2.09182496915396e+01°)
1.71790838715764e+04	(-6.05094333043132e-01dB,-2.11391867329773e+01°)
1.73780082874943e+04	(-6.18231081063450e-01dB,-2.13620137795237e+01°)
1.75792361395875e+04	(-6.31632813371526e-01dB,-2.15867334030579e+01°)
1.77827941003898e+04	(-6.45304033754219e-01dB,-2.18133477334572e+01°)
1.79887091512884e+04	(-6.59249288534516e-01dB,-2.20418584463121e+01°)
1.81970085861004e+04	(-6.73473165567879e-01dB,-2.22722667506151e+01°)
1.84077200146901e+04	(-6.87980293171563e-01dB,-2.25045733764372e+01°)
1.86208713666292e+04	(-7.02775338985550e-01dB,-2.27387785626072e+01°)
1.88364908948986e+04	(-7.17863008763864e-01dB,-2.29748820444085e+01°)
1.90546071796331e+04	(-7.33248045095102e-01dB,-2.32128830413105e+01°)
1.92752491319099e+04	(-7.48935226051059e-01dB,-2.34527802447492e+01°)
1.94984459975810e+04	(-7.64929363762372e-01dB,-2.36945718059770e+01°)
1.97242273611491e+04	(-7.81235302920299e-01dB,-2.39382553239969e+01°)
1.99526231496894e+04	(-7.97857919203728e-01dB,-2.41838278336019e+01°)
2.01836636368162e+04	(-8.14802117630648e-01dB,-2.44312857935372e+01°)
2.04173794466959e+04	(-8.32072830833458e-01dB,-2.46806250748054e+01°)
2.06538015581059e+04	(-8.49675017257508e-01dB,-2.49318409491362e+01°)
2.08929613085410e+04	(-8.67613659282508e-01dB,-2.51849280776389e+01°)
2.11348903983671e+04	(-8.85893761266421e-01dB,-2.54398804996623e+01°)
2.13796208950230e+04	(-9.04520347511726e-01dB,-2.56966916218814e+01°)
2.16271852372709e+04	(-9.23498460153970e-01dB,-2.59553542076349e+01°)
2.18776162394962e+04	(-9.42833156972696e-01dB,-2.62158603665352e+01°)
2.21309470960571e+04	(-9.62529509125086e-01dB,-2.64782015443756e+01°)
2.23872113856841e+04	(-9.82592598802587e-01dB,-2.67423685133567e+01°)
2.26464430759313e+04	(-1.00302751681123e+00dB,-2.70083513626578e+01°)
2.29086765276784e+04	(-1.02383936007628e+00dB,-2.72761394893758e+01°)
2.31739464996855e+04	(-1.04503322907221e+00dB,-2.75457215898571e+01°)
2.34422881532000e+04	(-1.06661422517896e+00dB,-2.78170856514478e+01°)
2.37137370566173e+04	(-1.08858744796600e+00dB,-2.80902189446848e+01°)
2.39883291901957e+04	(-1.11095799240536e+00dB,-2.83651080159553e+01°)
2.42661009508249e+04	(-1.13373094601551e+00dB,-2.86417386806478e+01°)
2.45470891568511e+04	(-1.15691138593787e+00dB,-2.89200960168198e+01°)
2.48313310529565e+04	(-1.18050437594800e+00dB,-2.92001643594074e+01°)
2.51188643150966e+04	(-1.20451496340373e+00dB,-2.94819272950007e+01°)
2.54097270554939e+04	(-1.22894817613274e+00dB,-2.97653676572088e+01°)
2.57039578276895e+04	(-1.25380901926213e+00dB,-3.00504675226401e+01°)
2.60015956316536e+04	(-1.27910247199312e+00dB,-3.03372082075185e+01°)
2.63026799189547e+04	(-1.30483348432359e+00dB,-3.06255702649608e+01°)
2.66072505979890e+04	(-1.33100697372217e+00dB,-3.09155334829363e+01°)
2.69153480392700e+04	(-1.35762782175703e+00dB,-3.12070768829309e+01°)
2.72270130807800e+04	(-1.38470087068329e+00dB,-3.15001787193362e+01°)
2.75422870333826e+04	(-1.41223091999287e+00dB,-3.17948164795832e+01°)
2.78612116862986e+04	(-1.44022272293091e+00dB,-3.20909668850408e+01°)
2.81838293126455e+04	(-1.46868098298307e+00dB,-3.23886058926966e+01°)
2.85101826750400e+04	(-1.49761035033813e+00dB,-3.26877086976363e+01°)
2.88403150312670e+04	(-1.52701541833063e+00dB,-3.29882497363391e+01°)
2.91742701400126e+04	(-1.55690071986843e+00dB,-3.32902026908015e+01°)
2.95120922666648e+04	(-1.58727072385003e+00dB,-3.35935404935055e+01°)
2.98538261891806e+04	(-1.61812983157703e+00dB,-3.38982353332395e+01°)
3.01995172040212e+04	(-1.64948237316686e+00dB,-3.42042586617856e+01°)
3.05492111321561e+04	(-1.68133260397141e+00dB,-3.45115812014792e+01°)
3.09029543251369e+04	(-1.71368470100696e+00dB,-3.48201729536502e+01°)
3.12607936712406e+04	(-1.74654275940125e+00dB,-3.51300032079488e+01°)
3.16227766016848e+04	(-1.77991078886341e+00dB,-3.54410405525618e+01°)
3.19889510969150e+04	(-1.81379271018265e+00dB,-3.57532528853192e+01°)
3.23593656929639e+04	(-1.84819235176164e+00dB,-3.60666074256918e+01°)
3.27340694878849e+04	(-1.88311344619064e+00dB,-3.63810707276778e+01°)
3.31131121482602e+04	(-1.91855962686839e+00dB,-3.66966086935738e+01°)
3.34965439157839e+04	(-1.95453442467581e+00dB,-3.70131865886239e+01°)
3.38844156139214e+04	(-1.99104126470870e+00dB,-3.73307690565400e+01°)
3.42767786546462e+04	(-2.02808346307531e+00dB,-3.76493201358809e+01°)
3.46736850452543e+04	(-2.06566422376509e+00dB,-3.79688032772800e+01°)
3.50751873952580e+04	(-2.10378663559435e+00dB,-3.82891813615058e+01°)
3.54813389233588e+04	(-2.14245366923491e+00dB,-3.86104167183397e+01°)
3.58921934645017e+04	(-2.18166817433157e+00dB,-3.89324711462509e+01°)
3.63078054770114e+04	(-2.22143287671411e+00dB,-3.92553059328495e+01°)
3.67282300498097e+04	(-2.26175037570940e+00dB,-3.95788818760944e+01°)
3.71535229097185e+04	(-2.30262314155915e+00dB,-3.99031593062309e+01°)
3.75837404288457e+04	(-2.34405351294871e+00dB,-4.02280981084315e+01°)
3.80189396320574e+04	(-2.38604369465176e+00dB,-4.05536577461119e+01°)
3.84591782045367e+04	(-2.42859575529621e+00dB,-4.08797972848906e+01°)
3.89045144994294e+04	(-2.47171162525574e+00dB,-4.12064754171611e+01°)
3.93550075455791e+04	(-2.51539309467165e+00dB,-4.15336504872420e+01°)
3.98107170553511e+04	(-2.55964181160920e+00dB,-4.18612805170686e+01°)
4.02717034325473e+04	(-2.60445928035244e+00dB,-4.21893232323907e+01°)
4.07380277804127e+04	(-2.64984685984128e+00dB,-4.25177360894367e+01°)
4.12097519097345e+04	(-2.69580576225419e+00dB,-4.28464763020035e+01°)
4.16869383470350e+04	(-2.74233705173965e+00dB,-4.31755008689323e+01°)
4.21696503428597e+04	(-2.78944164329915e+00dB,-4.35047666019276e+01°)
4.26579518801608e+04	(-2.83712030182432e+00dB,-4.38342301536745e+01°)
4.31519076827780e+04	(-2.88537364129017e+00dB,-4.41638480462124e+01°)
4.36515832240181e+04	(-2.93420212410637e+00dB,-4.44935766995184e+01°)
4.41570447353328e+04	(-2.98360606062798e+00dB,-4.48233724602547e+01°)
4.46683592150979e+04	(-3.03358560882673e+00dB,-4.51531916306355e+01°)
4.51855944374938e+04	(-3.08414077412366e+00dB,-4.54829904973641e+01°)
4.57088189614891e+04	(-3.13527140938327e+00dB,-4.58127253605970e+01°)
4.62381021399277e+04	(-3.18697721506956e+00dB,-4.61423525628841e+01°)
4.67735141287215e+04	(-3.23925773956323e+00dB,-4.64718285180426e+01°)
4.73151258961497e+04	(-3.29211237963960e+00dB,-4.68011097399138e+01°)
4.78630092322655e+04	(-3.34554038110606e+00dB,-4.71301528709605e+01°)
4.84172367584117e+04	(-3.39954083959760e+00dB,-4.74589147106562e+01°)
4.89778819368464e+04	(-3.45411270152871e+00dB,-4.77873522436229e+01°)
4.95450190804808e+04	(-3.50925476519950e+00dB,-4.81154226674720e+01°)
5.01187233627290e+04	(-3.56496568205353e+00dB,-4.84430834203065e+01°)
5.06990708274723e+04	(-3.62124395808466e+00dB,-4.87702922078392e+01°)
5.12861383991383e+04	(-3.67808795538977e+00dB,-4.90970070300891e+01°)
5.18800038928980e+04	(-3.73549589386391e+00dB,-4.94231862076127e+01°)
5.24807460249792e+04	(-3.79346585303425e+00dB,-4.97487884072334e+01°)
5.30884444231008e+04	(-3.85199577402882e+00dB,-5.00737726672315e+01°)
5.37031796370272e+04	(-3.91108346167585e+00dB,-5.03980984219578e+01°)
5.43250331492453e+04	(-3.97072658672911e+00dB,-5.07217255258386e+01°)
5.49540873857645e+04	(-4.03092268821474e+00dB,-5.10446142767379e+01°)
5.55904257270424e+04	(-4.09166917589440e+00dB,-5.13667254386474e+01°)
5.62341325190370e+04	(-4.15296333283983e+00dB,-5.16880202636754e+01°)
5.68852930843862e+04	(-4.21480231811336e+00dB,-5.20084605133064e+01°)
5.75439937337178e+04	(-4.27718316954900e+00dB,-5.23280084789094e+01°)
5.82103217770893e+04	(-4.34010280662844e+00dB,-5.26466270014684e+01°)
5.88843655355611e+04	(-4.40355803344634e+00dB,-5.29642794905178e+01°)
5.95662143529032e+04	(-4.46754554175882e+00dB,-5.32809299422616e+01°)
6.02559586074380e+04	(-4.53206191410963e+00dB,-5.35965429568599e+01°)
6.09536897240192e+04	(-4.59710362702756e+00dB,-5.39110837548701e+01°)
6.16595001861505e+04	(-4.66266705428944e+00dB,-5.42245181928273e+01°)
6.23734835482442e+04	(-4.72874847024237e+00dB,-5.45368127779566e+01°)
6.30957344480217e+04	(-4.79534405317933e+00dB,-5.48479346820061e+01°)
6.38263486190573e+04	(-4.86244988876193e+00dB,-5.51578517541969e+01°)
6.45654229034680e+04	(-4.93006197348428e+00dB,-5.54665325332833e+01°)
6.53130552647497e+04	(-4.99817621817208e+00dB,-5.57739462587238e+01°)
6.60693448007621e+04	(-5.06678845151083e+00dB,-5.60800628809596e+01°)
6.68343917568640e+04	(-5.13589442359734e+00dB,-5.63848530708042e+01°)
6.76082975392007e+04	(-5.20548980950872e+00dB,-5.66882882279471e+01°)
6.83911647281455e+04	(-5.27557021288321e+00dB,-5.69903404885760e+01°)
6.91830970918963e+04	(-5.34613116950714e+00dB,-5.72909827321252e+01°)
6.99841996002300e+04	(-5.41716815090268e+00dB,-5.75901885871588e+01°)
7.07945784384165e+04	(-5.48867656791101e+00dB,-5.78879324363981e+01°)
7.16143410212929e+04	(-5.56065177426566e+00dB,-5.81841894209058e+01°)
7.24435960075018e+04	(-5.63308907015112e+00dB,-5.84789354434390e+01°)
7.32824533138932e+04	(-5.70598370574178e+00dB,-5.87721471709867e+01°)
7.41310241300946e+04	(-5.77933088471656e+00dB,-5.90638020365068e+01°)
7.49894209332484e+04	(-5.85312576774471e+00dB,-5.93538782398789e+01°)
7.58577575029213e+04	(-5.92736347593846e+00dB,-5.96423547480926e+01°)
7.67361489361848e+04	(-6.00203909426842e+00dB,-5.99292112946884e+01°)
7.76247116628722e+04	(-6.07714767493780e+00dB,-6.02144283784727e+01°)
7.85235634610102e+04	(-6.15268424071178e+00dB,-6.04979872615269e+01°)
7.94328234724312e+04	(-6.22864378819839e+00dB,-6.07798699665320e+01°)
8.03526122185648e+04	(-6.30502129107770e+00dB,-6.10600592734319e+01°)
8.12830516164131e+04	(-6.38181170327623e+00dB,-6.13385387154576e+01°)
8.22242649947103e+04	(-6.45900996208357e+00dB,-6.16152925745350e+01°)
8.31763771102703e+04	(-6.53661099120864e+00dB,-6.18903058761018e+01°)
8.41395141645228e+04	(-6.61460970377308e+00dB,-6.21635643833562e+01°)
8.51138038202410e+04	(-6.69300100523940e+00dB,-6.24350545909625e+01°)
8.60993752184634e+04	(-6.77177979627205e+00dB,-6.27047637182379e+01°)
8.70963589956115e+04	(-6.85094097552921e+00dB,-6.29726797018460e+01°)
8.81048873008049e+04	(-6.93047944238398e+00dB,-6.32387911880207e+01°)
8.91250938133780e+04	(-7.01039009957319e+00dB,-6.35030875243465e+01°)
9.01571137605992e+04	(-7.09066785577275e+00dB,-6.37655587511193e+01°)
9.12010839355946e+04	(-7.17130762809833e+00dB,-6.40261955923131e+01°)
9.22571427154799e+04	(-7.25230434453043e+00dB,-6.42849894461758e+01°)
9.33254300797028e+04	(-7.33365294626322e+00dB,-6.45419323754799e+01°)
9.44060876285961e+04	(-7.41534838997635e+00dB,-6.47970170974514e+01°)
9.54992586021474e+04	(-7.49738565002958e+00dB,-6.50502369734002e+01°)
9.66050878989852e+04	(-7.57975972057970e+00dB,-6.53015859980761e+01°)
9.77237220955849e+04	(-7.66246561761979e+00dB,-6.55510587887729e+01°)
9.88553094656978e+04	(-7.74549838094088e+00dB,-6.57986505742030e+01°)
1.00000000000004e+05	(-7.82885307601601e+00dB,-6.60443571831648e+01°)
1.01157945425994e+05	(-7.91252479580713e+00dB,-6.62881750330239e+01°)
1.02329299228080e+05	(-7.99650866249529e+00dB,-6.65301011180299e+01°)
1.03514216667939e+05	(-8.08079982913453e+00dB,-6.67701329974880e+01°)
1.04712854805094e+05	(-8.16539348123020e+00dB,-6.70082687838058e+01°)
1.05925372517733e+05	(-8.25028483824251e+00dB,-6.72445071304355e+01°)
1.07151930523765e+05	(-8.33546915501603e+00dB,-6.74788472197282e+01°)
1.08392691402125e+05	(-8.42094172313631e+00dB,-6.77112887507191e+01°)
1.09647819614323e+05	(-8.50669787221433e+00dB,-6.79418319268622e+01°)
1.10917481526245e+05	(-8.59273297110028e+00dB,-6.81704774437285e+01°)
1.12201845430201e+05	(-8.67904242902742e+00dB,-6.83972264766861e+01°)
1.13501081567236e+05	(-8.76562169668767e+00dB,-6.86220806685768e+01°)
1.14815362149693e+05	(-8.85246626723993e+00dB,-6.88450421174032e+01°)
1.16144861384039e+05	(-8.93957167725265e+00dB,-6.90661133640416e+01°)
1.17489755493958e+05	(-9.02693350758203e+00dB,-6.92852973799925e+01°)
1.18850222743707e+05	(-9.11454738418725e+00dB,-6.95025975551839e+01°)
1.20226443461746e+05	(-9.20240897888425e+00dB,-6.97180176858362e+01°)
1.21618600064642e+05	(-9.29051401003960e+00dB,-6.99315619624034e+01°)
1.23026877081243e+05	(-9.37885824320598e+00dB,-7.01432349575991e+01°)
1.24451461177144e+05	(-9.46743749170080e+00dB,-7.03530416145186e+01°)
1.25892541179422e+05	(-9.55624761712963e+00dB,-7.05609872348668e+01°)
1.27350308101671e+05	(-9.64528452985599e+00dB,-7.07670774672998e+01°)
1.28824955169319e+05	(-9.73454418941913e+00dB,-7.09713182958900e+01°)
1.30316677845235e+05	(-9.82402260490136e+00dB,-7.11737160287216e+01°)
1.31825673855646e+05	(-9.91371583524664e+00dB,-7.13742772866241e+01°)
1.33352143216338e+05	(-1.00036199895320e+01dB,-7.15730089920504e+01°)
1.34896288259171e+05	(-1.00937312271934e+01dB,-7.17699183581058e+01°)
1.36458313658898e+05	(-1.01840457582077e+01dB,-7.19650128777337e+01°)
1.38038426460294e+05	(-1.02745598432319e+01dB,-7.21583003130626e+01°)
1.39636836105600e+05	(-1.03652697937026e+01dB,-7.23497886849199e+01°)
1.41253754462281e+05	(-1.04561719718949e+01dB,-7.25394862625166e+01°)
1.42889395851116e+05	(-1.05472627909449e+01dB,-7.27274015533055e+01°)
1.44543977074599e+05	(-1.06385387148352e+01dB,-7.29135432930184e+01°)
1.46217717445678e+05	(-1.07299962583463e+01dB,-7.30979204358831e+01°)
1.47910838816827e+05	(-1.08216319869749e+01dB,-7.32805421450244e+01°)
1.49623565609450e+05	(-1.09134425168202e+01dB,-7.34614177830497e+01°)
1.51356124843627e+05	(-1.10054245144403e+01dB,-7.36405569028232e+01°)
1.53108746168210e+05	(-1.10975746966798e+01dB,-7.38179692384273e+01°)
1.54881661891255e+05	(-1.11898898304696e+01dB,-7.39936646963149e+01°)
1.56675107010822e+05	(-1.12823667326013e+01dB,-7.41676533466520e+01°)
1.58489319246118e+05	(-1.13750022694765e+01dB,-7.43399454148516e+01°)
1.60324539069011e+05	(-1.14677933568322e+01dB,-7.45105512732984e+01°)
1.62181009735900e+05	(-1.15607369594452e+01dB,-7.46794814332658e+01°)
1.64058977319961e+05	(-1.16538300908142e+01dB,-7.48467465370233e+01°)
1.65958690743763e+05	(-1.17470698128232e+01dB,-7.50123573501345e+01°)
1.67880401812263e+05	(-1.18404532353858e+01dB,-7.51763247539449e+01°)
1.69824365246182e+05	(-1.19339775160719e+01dB,-7.53386597382590e+01°)
1.71790838715766e+05	(-1.20276398597188e+01dB,-7.54993733942035e+01°)
1.73780082874945e+05	(-1.21214375180257e+01dB,-7.56584769072792e+01°)
1.75792361395877e+05	(-1.22153677891356e+01dB,-7.58159815505951e+01°)
1.77827941003900e+05	(-1.23094280172023e+01dB,-7.59718986782875e+01°)
1.79887091512887e+05	(-1.24036155919462e+01dB,-7.61262397191194e+01°)
1.81970085861006e+05	(-1.24979279481986e+01dB,-7.62790161702593e+01°)
1.84077200146904e+05	(-1.25923625654348e+01dB,-7.64302395912375e+01°)
1.86208713666295e+05	(-1.26869169672983e+01dB,-7.65799215980772e+01°)
1.88364908948988e+05	(-1.27815887211165e+01dB,-7.67280738575984e+01°)
1.90546071796333e+05	(-1.28763754374074e+01dB,-7.68747080818916e+01°)
1.92752491319102e+05	(-1.29712747693801e+01dB,-7.70198360229602e+01°)
1.94984459975813e+05	(-1.30662844124283e+01dB,-7.71634694675276e+01°)
1.97242273611494e+05	(-1.31614021036187e+01dB,-7.73056202320067e+01°)
1.99526231496897e+05	(-1.32566256211736e+01dB,-7.74463001576298e+01°)
2.01836636368165e+05	(-1.33519527839496e+01dB,-7.75855211057354e+01°)
2.04173794466962e+05	(-1.34473814509124e+01dB,-7.77232949532097e+01°)
2.06538015581062e+05	(-1.35429095206090e+01dB,-7.78596335880788e+01°)
2.08929613085413e+05	(-1.36385349306364e+01dB,-7.79945489052508e+01°)
2.11348903983674e+05	(-1.37342556571088e+01dB,-7.81280528024028e+01°)
2.13796208950233e+05	(-1.38300697141239e+01dB,-7.82601571760111e+01°)
2.16271852372712e+05	(-1.39259751532269e+01dB,-7.83908739175214e+01°)
2.18776162394965e+05	(-1.40219700628753e+01dB,-7.85202149096558e+01°)
2.21309470960574e+05	(-1.41180525679027e+01dB,-7.86481920228544e+01°)
2.23872113856844e+05	(-1.42142208289838e+01dB,-7.87748171118476e+01°)
2.26464430759316e+05	(-1.43104730420994e+01dB,-7.89001020123566e+01°)
2.29086765276788e+05	(-1.44068074380031e+01dB,-7.90240585379196e+01°)
2.31739464996858e+05	(-1.45032222816895e+01dB,-7.91466984768403e+01°)
2.34422881532003e+05	(-1.45997158718642e+01dB,-7.92680335892554e+01°)
2.37137370566176e+05	(-1.46962865404157e+01dB,-7.93880756043193e+01°)
2.39883291901960e+05	(-1.47929326518905e+01dB,-7.95068362175023e+01°)
2.42661009508252e+05	(-1.48896526029705e+01dB,-7.96243270879998e+01°)
2.45470891568514e+05	(-1.49864448219539e+01dB,-7.97405598362497e+01°)
2.48313310529568e+05	(-1.50833077682387e+01dB,-7.98555460415548e+01°)
2.51188643150969e+05	(-1.51802399318106e+01dB,-7.99692972398079e+01°)
2.54097270554942e+05	(-1.52772398327347e+01dB,-8.00818249213175e+01°)
2.57039578276898e+05	(-1.53743060206501e+01dB,-8.01931405287295e+01°)
2.60015956316539e+05	(-1.54714370742703e+01dB,-8.03032554550442e+01°)
2.63026799189550e+05	(-1.55686316008868e+01dB,-8.04121810417253e+01°)
2.66072505979893e+05	(-1.56658882358778e+01dB,-8.05199285768981e+01°)
2.69153480392704e+05	(-1.57632056422215e+01dB,-8.06265092936341e+01°)
2.72270130807804e+05	(-1.58605825100140e+01dB,-8.07319343683212e+01°)
2.75422870333829e+05	(-1.59580175559928e+01dB,-8.08362149191146e+01°)
2.78612116862990e+05	(-1.60555095230647e+01dB,-8.09393620044677e+01°)
2.81838293126458e+05	(-1.61530571798393e+01dB,-8.10413866217407e+01°)
2.85101826750404e+05	(-1.62506593201679e+01dB,-8.11422997058828e+01°)
2.88403150312674e+05	(-1.63483147626872e+01dB,-8.12421121281889e+01°)
2.91742701400130e+05	(-1.64460223503695e+01dB,-8.13408346951244e+01°)
2.95120922666652e+05	(-1.65437809500773e+01dB,-8.14384781472204e+01°)
2.98538261891810e+05	(-1.66415894521242e+01dB,-8.15350531580333e+01°)
3.01995172040216e+05	(-1.67394467698415e+01dB,-8.16305703331695e+01°)
3.05492111321565e+05	(-1.68373518391499e+01dB,-8.17250402093714e+01°)
3.09029543251373e+05	(-1.69353036181376e+01dB,-8.18184732536636e+01°)
3.12607936712410e+05	(-1.70333010866437e+01dB,-8.19108798625570e+01°)
3.16227766016853e+05	(-1.71313432458477e+01dB,-8.20022703613091e+01°)
3.19889510969155e+05	(-1.72294291178646e+01dB,-8.20926550032387e+01°)
3.23593656929643e+05	(-1.73275577453458e+01dB,-8.21820439690922e+01°)
3.27340694878854e+05	(-1.74257281910861e+01dB,-8.22704473664615e+01°)
3.31131121482607e+05	(-1.75239395376361e+01dB,-8.23578752292503e+01°)
3.34965439157843e+05	(-1.76221908869207e+01dB,-8.24443375171878e+01°)
3.38844156139218e+05	(-1.77204813598634e+01dB,-8.25298441153874e+01°)
3.42767786546466e+05	(-1.78188100960163e+01dB,-8.26144048339504e+01°)
3.46736850452548e+05	(-1.79171762531959e+01dB,-8.26980294076109e+01°)
3.50751873952585e+05	(-1.80155790071246e+01dB,-8.27807274954223e+01°)
3.54813389233592e+05	(-1.81140175510779e+01dB,-8.28625086804832e+01°)
3.58921934645022e+05	(-1.82124910955377e+01dB,-8.29433824697006e+01°)
3.63078054770118e+05	(-1.83109988678504e+01dB,-8.30233582935904e+01°)
3.67282300498102e+05	(-1.84095401118918e+01dB,-8.31024455061125e+01°)
3.71535229097190e+05	(-1.85081140877362e+01dB,-8.31806533845397e+01°)
3.75837404288462e+05	(-1.86067200713325e+01dB,-8.32579911293599e+01°)
3.80189396320579e+05	(-1.87053573541844e+01dB,-8.33344678642083e+01°)
3.84591782045372e+05	(-1.88040252430373e+01dB,-8.34100926358308e+01°)
3.89045144994299e+05	(-1.89027230595696e+01dB,-8.34848744140757e+01°)
3.93550075455796e+05	(-1.90014501400902e+01dB,-8.35588220919133e+01°)
3.98107170553516e+05	(-1.91002058352405e+01dB,-8.36319444854815e+01°)
4.02717034325478e+05	(-1.91989895097022e+01dB,-8.37042503341583e+01°)
4.07380277804132e+05	(-1.92978005419103e+01dB,-8.37757483006572e+01°)
4.12097519097350e+05	(-1.93966383237708e+01dB,-8.38464469711467e+01°)
4.16869383470355e+05	(-1.94955022603838e+01dB,-8.39163548553926e+01°)
4.21696503428603e+05	(-1.95943917697719e+01dB,-8.39854803869213e+01°)
4.26579518801613e+05	(-1.96933062826127e+01dB,-8.40538319232036e+01°)
4.31519076827786e+05	(-1.97922452419772e+01dB,-8.41214177458582e+01°)
4.36515832240187e+05	(-1.98912081030722e+01dB,-8.41882460608745e+01°)
4.41570447353334e+05	(-1.99901943329880e+01dB,-8.42543249988527e+01°)
4.46683592150985e+05	(-2.00892034104508e+01dB,-8.43196626152607e+01°)
4.51855944374944e+05	(-2.01882348255795e+01dB,-8.43842668907088e+01°)
4.57088189614897e+05	(-2.02872880796470e+01dB,-8.44481457312378e+01°)
4.62381021399283e+05	(-2.03863626848465e+01dB,-8.45113069686239e+01°)
4.67735141287221e+05	(-2.04854581640618e+01dB,-8.45737583606964e+01°)
4.73151258961504e+05	(-2.05845740506422e+01dB,-8.46355075916690e+01°)
4.78630092322662e+05	(-2.06837098881819e+01dB,-8.46965622724843e+01°)
4.84172367584123e+05	(-2.07828652303030e+01dB,-8.47569299411698e+01°)
4.89778819368470e+05	(-2.08820396404438e+01dB,-8.48166180632057e+01°)
4.95450190804815e+05	(-2.09812326916498e+01dB,-8.48756340319031e+01°)
5.01187233627297e+05	(-2.10804439663705e+01dB,-8.49339851687929e+01°)
5.06990708274729e+05	(-2.11796730562585e+01dB,-8.49916787240236e+01°)
5.12861383991390e+05	(-2.12789195619736e+01dB,-8.50487218767696e+01°)
5.18800038928987e+05	(-2.13781830929908e+01dB,-8.51051217356462e+01°)
5.24807460249798e+05	(-2.14774632674113e+01dB,-8.51608853391345e+01°)
5.30884444231015e+05	(-2.15767597117782e+01dB,-8.52160196560123e+01°)
5.37031796370279e+05	(-2.16760720608952e+01dB,-8.52705315857935e+01°)
5.43250331492460e+05	(-2.17753999576495e+01dB,-8.53244279591729e+01°)
5.49540873857652e+05	(-2.18747430528376e+01dB,-8.53777155384779e+01°)
5.55904257270431e+05	(-2.19741010049953e+01dB,-8.54304010181261e+01°)
5.62341325190377e+05	(-2.20734734802308e+01dB,-8.54824910250876e+01°)
5.68852930843870e+05	(-2.21728601520609e+01dB,-8.55339921193527e+01°)
5.75439937337186e+05	(-2.22722607012514e+01dB,-8.55849107944045e+01°)
5.82103217770901e+05	(-2.23716748156596e+01dB,-8.56352534776948e+01°)
5.88843655355618e+05	(-2.24711021900812e+01dB,-8.56850265311244e+01°)
5.95662143529040e+05	(-2.25705425260994e+01dB,-8.57342362515275e+01°)
6.02559586074388e+05	(-2.26699955319378e+01dB,-8.57828888711581e+01°)
6.09536897240200e+05	(-2.27694609223157e+01dB,-8.58309905581798e+01°)
6.16595001861513e+05	(-2.28689384183070e+01dB,-8.58785474171588e+01°)
6.23734835482451e+05	(-2.29684277472015e+01dB,-8.59255654895581e+01°)
6.30957344480225e+05	(-2.30679286423696e+01dB,-8.59720507542344e+01°)
6.38263486190581e+05	(-2.31674408431294e+01dB,-8.60180091279366e+01°)
6.45654229034688e+05	(-2.32669640946166e+01dB,-8.60634464658055e+01°)
6.53130552647505e+05	(-2.33664981476575e+01dB,-8.61083685618753e+01°)
6.60693448007630e+05	(-2.34660427586443e+01dB,-8.61527811495752e+01°)
6.68343917568649e+05	(-2.35655976894130e+01dB,-8.61966899022328e+01°)
6.76082975392016e+05	(-2.36651627071243e+01dB,-8.62401004335773e+01°)
6.83911647281464e+05	(-2.37647375841463e+01dB,-8.62830182982431e+01°)
6.91830970918972e+05	(-2.38643220979404e+01dB,-8.63254489922742e+01°)
6.99841996002309e+05	(-2.39639160309493e+01dB,-8.63673979536272e+01°)
7.07945784384174e+05	(-2.40635191704871e+01dB,-8.64088705626758e+01°)
7.16143410212939e+05	(-2.41631313086323e+01dB,-8.64498721427131e+01°)
7.24435960075027e+05	(-2.42627522421226e+01dB,-8.64904079604547e+01°)
7.32824533138942e+05	(-2.43623817722524e+01dB,-8.65304832265406e+01°)
7.41310241300956e+05	(-2.44620197047718e+01dB,-8.65701030960353e+01°)
7.49894209332495e+05	(-2.45616658497884e+01dB,-8.66092726689287e+01°)
7.58577575029223e+05	(-2.46613200216711e+01dB,-8.66479969906337e+01°)
7.67361489361859e+05	(-2.47609820389556e+01dB,-8.66862810524844e+01°)
7.76247116628732e+05	(-2.48606517242524e+01dB,-8.67241297922314e+01°)
7.85235634610112e+05	(-2.49603289041562e+01dB,-8.67615480945362e+01°)
7.94328234724323e+05	(-2.50600134091581e+01dB,-8.67985407914637e+01°)
8.03526122185659e+05	(-2.51597050735587e+01dB,-8.68351126629733e+01°)
8.12830516164141e+05	(-2.52594037353838e+01dB,-8.68712684374072e+01°)
8.22242649947114e+05	(-2.53591092363018e+01dB,-8.69070127919777e+01°)
8.31763771102714e+05	(-2.54588214215424e+01dB,-8.69423503532517e+01°)
8.41395141645239e+05	(-2.55585401398180e+01dB,-8.69772856976334e+01°)
8.51138038202421e+05	(-2.56582652432456e+01dB,-8.70118233518441e+01°)
8.60993752184646e+05	(-2.57579965872714e+01dB,-8.70459677934009e+01°)
8.70963589956126e+05	(-2.58577340305969e+01dB,-8.70797234510912e+01°)
8.81048873008060e+05	(-2.59574774351058e+01dB,-8.71130947054464e+01°)
8.91250938133792e+05	(-2.60572266657935e+01dB,-8.71460858892119e+01°)
9.01571137606004e+05	(-2.61569815906976e+01dB,-8.71787012878147e+01°)
9.12010839355958e+05	(-2.62567420808302e+01dB,-8.72109451398289e+01°)
9.22571427154812e+05	(-2.63565080101110e+01dB,-8.72428216374373e+01°)
9.33254300797040e+05	(-2.64562792553031e+01dB,-8.72743349268913e+01°)
9.44060876285973e+05	(-2.65560556959489e+01dB,-8.73054891089674e+01°)
9.54992586021486e+05	(-2.66558372143082e+01dB,-8.73362882394208e+01°)
9.66050878989865e+05	(-2.67556236952975e+01dB,-8.73667363294358e+01°)
9.77237220955863e+05	(-2.68554150264305e+01dB,-8.73968373460742e+01°)
9.88553094656991e+05	(-2.69552110977600e+01dB,-8.74265952127193e+01°)
1.00000000000000e+06	(-2.70550118018207e+01dB,-8.74560138095180e+01°)
Step Information: N=5  (Step: 5/10)
1.00000000000000e+02	(-4.10497636101667e-05dB,-1.76151142750381e-01°)
1.01157945425990e+02	(-4.20059308109860e-05dB,-1.78190863773502e-01°)
1.02329299228075e+02	(-4.29843697915025e-05dB,-1.80254203193357e-01°)
1.03514216667934e+02	(-4.39855993150798e-05dB,-1.82341434481940e-01°)
1.04712854805090e+02	(-4.50101502314765e-05dB,-1.84452834277335e-01°)
1.05925372517729e+02	(-4.60585657545947e-05dB,-1.86588682420357e-01°)
1.07151930523761e+02	(-4.71314017489087e-05dB,-1.88749261991616e-01°)
1.08392691402120e+02	(-4.82292270313245e-05dB,-1.90934859349012e-01°)
1.09647819614319e+02	(-4.93526236595396e-05dB,-1.93145764165662e-01°)
1.10917481526240e+02	(-5.05021872589769e-05dB,-1.95382269468264e-01°)
1.12201845430196e+02	(-5.16785273178974e-05dB,-1.97644671675907e-01°)
1.13501081567232e+02	(-5.28822675268734e-05dB,-1.99933270639331e-01°)
1.14815362149688e+02	(-5.41140461018690e-05dB,-2.02248369680632e-01°)
1.16144861384034e+02	(-5.53745161237162e-05dB,-2.04590275633439e-01°)
1.17489755493953e+02	(-5.66643458862711e-05dB,-2.06959298883545e-01°)
1.18850222743702e+02	(-5.79842192465006e-05dB,-2.09355753410009e-01°)
1.20226443461741e+02	(-5.93348359919285e-05dB,-2.11779956826739e-01°)
1.21618600064637e+02	(-6.07169122061550e-05dB,-2.14232230424550e-01°)
1.23026877081238e+02	(-6.21311806594502e-05dB,-2.16712899213708e-01°)
1.24451461177139e+02	(-6.35783911762056e-05dB,-2.19222291966968e-01°)
1.25892541179417e+02	(-6.50593110583194e-05dB,-2.21760741263108e-01°)
1.27350308101666e+02	(-6.65747254738672e-05dB,-2.24328583530965e-01°)
1.28824955169314e+02	(-6.81254378766338e-05dB,-2.26926159093983e-01°)
1.30316677845230e+02	(-6.97122704401123e-05dB,-2.29553812215272e-01°)
1.31825673855641e+02	(-7.13360644808980e-05dB,-2.32211891143186e-01°)
1.33352143216333e+02	(-7.29976809168005e-05dB,-2.34900748157436e-01°)
1.34896288259166e+02	(-7.46980007124222e-05dB,-2.37620739615724e-01°)
1.36458313658893e+02	(-7.64379253546342e-05dB,-2.40372226000926e-01°)
1.38038426460289e+02	(-7.82183773270900e-05dB,-2.43155571968811e-01°)
1.39636836105594e+02	(-8.00403005972794e-05dB,-2.45971146396319e-01°)
1.41253754462276e+02	(-8.19046611209427e-05dB,-2.48819322430388e-01°)
1.42889395851111e+02	(-8.38124473503461e-05dB,-2.51700477537355e-01°)
1.44543977074593e+02	(-8.57646707657044e-05dB,-2.54614993552916e-01°)
1.46217717445672e+02	(-8.77623663911779e-05dB,-2.57563256732671e-01°)
1.47910838816821e+02	(-8.98065933803053e-05dB,-2.60545657803252e-01°)
1.49623565609444e+02	(-9.18984355339365e-05dB,-2.63562592014035e-01°)
1.51356124843621e+02	(-9.40390019068894e-05dB,-2.66614459189453e-01°)
1.53108746168203e+02	(-9.62294273866445e-05dB,-2.69701663781915e-01°)
1.54881661891249e+02	(-9.84708732845806e-05dB,-2.72824614925334e-01°)
1.56675107010815e+02	(-1.00764527966753e-04dB,-2.75983726489265e-01°)
1.58489319246112e+02	(-1.03111607475033e-04dB,-2.79179417133683e-01°)
1.60324539069005e+02	(-1.05513356179114e-04dB,-2.82412110364379e-01°)
1.62181009735893e+02	(-1.07971047416943e-04dB,-2.85682234588999e-01°)
1.64058977319954e+02	(-1.10485984201709e-04dB,-2.88990223173737e-01°)
1.65958690743757e+02	(-1.13059499879648e-04dB,-2.92336514500670e-01°)
1.67880401812257e+02	(-1.15692958861142e-04dB,-2.95721552025762e-01°)
1.69824365246175e+02	(-1.18387757327727e-04dB,-2.99145784337535e-01°)
1.71790838715759e+02	(-1.21145323986344e-04dB,-3.02609665216413e-01°)
1.73780082874938e+02	(-1.23967120808186e-04dB,-3.06113653694759e-01°)
1.75792361395870e+02	(-1.26854643825399e-04dB,-3.09658214117595e-01°)
1.77827941003893e+02	(-1.29809423904651e-04dB,-3.13243816204022e-01°)
1.79887091512879e+02	(-1.32833027574714e-04dB,-3.16870935109360e-01°)
1.81970085860999e+02	(-1.35927057841520e-04dB,-3.20540051487986e-01°)
1.84077200146896e+02	(-1.39093155048540e-04dB,-3.24251651556913e-01°)
1.86208713666287e+02	(-1.42332997743934e-04dB,-3.28006227160087e-01°)
1.88364908948981e+02	(-1.45648303570853e-04dB,-3.31804275833440e-01°)
1.90546071796325e+02	(-1.49040830168352e-04dB,-3.35646300870674e-01°)
1.92752491319094e+02	(-1.52512376120536e-04dB,-3.39532811389823e-01°)
1.94984459975805e+02	(-1.56064781889328e-04dB,-3.43464322400563e-01°)
1.97242273611486e+02	(-1.59699930813780e-04dB,-3.47441354872309e-01°)
1.99526231496889e+02	(-1.63419750082396e-04dB,-3.51464435803094e-01°)
2.01836636368157e+02	(-1.67226211774911e-04dB,-3.55534098289235e-01°)
2.04173794466954e+02	(-1.71121333896353e-04dB,-3.59650881595806e-01°)
2.06538015581054e+02	(-1.75107181449706e-04dB,-3.63815331227925e-01°)
2.08929613085405e+02	(-1.79185867534617e-04dB,-3.68027999002851e-01°)
2.11348903983666e+02	(-1.83359554455769e-04dB,-3.72289443122924e-01°)
2.13796208950224e+02	(-1.87630454882376e-04dB,-3.76600228249329e-01°)
2.16271852372703e+02	(-1.92000833014442e-04dB,-3.80960925576723e-01°)
2.18776162394956e+02	(-1.96473005773158e-04dB,-3.85372112908709e-01°)
2.21309470960565e+02	(-2.01049344052060e-04dB,-3.89834374734184e-01°)
2.23872113856835e+02	(-2.05732273952785e-04dB,-3.94348302304562e-01°)
2.26464430759307e+02	(-2.10524278073880e-04dB,-3.98914493711887e-01°)
2.29086765276778e+02	(-2.15427896836285e-04dB,-4.03533553967842e-01°)
2.31739464996849e+02	(-2.20445729821370e-04dB,-4.08206095083662e-01°)
2.34422881531993e+02	(-2.25580437151426e-04dB,-4.12932736150973e-01°)
2.37137370566167e+02	(-2.30834740895262e-04dB,-4.17714103423556e-01°)
2.39883291901950e+02	(-2.36211426512389e-04dB,-4.22550830400045e-01°)
2.42661009508243e+02	(-2.41713344337748e-04dB,-4.27443557907583e-01°)
2.45470891568504e+02	(-2.47343411073205e-04dB,-4.32392934186431e-01°)
2.48313310529558e+02	(-2.53104611356231e-04dB,-4.37399614975554e-01°)
2.51188643150959e+02	(-2.58999999321860e-04dB,-4.42464263599183e-01°)
2.54097270554932e+02	(-2.65032700230255e-04dB,-4.47587551054376e-01°)
2.57039578276888e+02	(-2.71205912117458e-04dB,-4.52770156099576e-01°)
2.60015956316529e+02	(-2.77522907499203e-04dB,-4.58012765344196e-01°)
2.63026799189540e+02	(-2.83987035092143e-04dB,-4.63316073339214e-01°)
2.66072505979882e+02	(-2.90601721600673e-04dB,-4.68680782668826e-01°)
2.69153480392693e+02	(-2.97370473520201e-04dB,-4.74107604043133e-01°)
2.72270130807793e+02	(-3.04296879004109e-04dB,-4.79597256391897e-01°)
2.75422870333818e+02	(-3.11384609764502e-04dB,-4.85150466959371e-01°)
2.78612116862979e+02	(-3.18637423005805e-04dB,-4.90767971400213e-01°)
2.81838293126447e+02	(-3.26059163433616e-04dB,-4.96450513876499e-01°)
2.85101826750393e+02	(-3.33653765272305e-04dB,-5.02198847155845e-01°)
2.88403150312662e+02	(-3.41425254365588e-04dB,-5.08013732710652e-01°)
2.91742701400119e+02	(-3.49377750299344e-04dB,-5.13895940818486e-01°)
2.95120922666640e+02	(-3.57515468581394e-04dB,-5.19846250663608e-01°)
2.98538261891798e+02	(-3.65842722888836e-04dB,-5.25865450439659e-01°)
3.01995172040204e+02	(-3.74363927335707e-04dB,-5.31954337453527e-01°)
3.05492111321553e+02	(-3.83083598829429e-04dB,-5.38113718230388e-01°)
3.09029543251361e+02	(-3.92006359435042e-04dB,-5.44344408619962e-01°)
3.12607936712398e+02	(-4.01136938860059e-04dB,-5.50647233903966e-01°)
3.16227766016840e+02	(-4.10480176926864e-04dB,-5.57023028904810e-01°)
3.19889510969142e+02	(-4.20041026158979e-04dB,-5.63472638095514e-01°)
3.23593656929630e+02	(-4.29824554389609e-04dB,-5.69996915710898e-01°)
3.27340694878840e+02	(-4.39835947451276e-04dB,-5.76596725860024e-01°)
3.31131121482593e+02	(-4.50080511923409e-04dB,-5.83272942639928e-01°)
3.34965439157830e+02	(-4.60563677939831e-04dB,-5.90026450250645e-01°)
3.38844156139205e+02	(-4.71291002066736e-04dB,-5.96858143111545e-01°)
3.42767786546453e+02	(-4.82268170240579e-04dB,-6.03768925978988e-01°)
3.46736850452534e+02	(-4.93501000785147e-04dB,-6.10759714065327e-01°)
3.50751873952571e+02	(-5.04995447490473e-04dB,-6.17831433159258e-01°)
3.54813389233578e+02	(-5.16757602761308e-04dB,-6.24985019747535e-01°)
3.58921934645008e+02	(-5.28793700843840e-04dB,-6.32221421138080e-01°)
3.63078054770104e+02	(-5.41110121135480e-04dB,-6.39541595584478e-01°)
3.67282300498087e+02	(-5.53713391551696e-04dB,-6.46946512411892e-01°)
3.71535229097175e+02	(-5.66610191987496e-04dB,-6.54437152144410e-01°)
3.75837404288447e+02	(-5.79807357845621e-04dB,-6.62014506633828e-01°)
3.80189396320564e+02	(-5.93311883674830e-04dB,-6.69679579189900e-01°)
3.84591782045357e+02	(-6.07130926847902e-04dB,-6.77433384712061e-01°)
3.89045144994284e+02	(-6.21271811365190e-04dB,-6.85276949822643e-01°)
3.93550075455781e+02	(-6.35742031734539e-04dB,-6.93211313001597e-01°)
3.98107170553500e+02	(-6.50549256923741e-04dB,-7.01237524722738e-01°)
4.02717034325462e+02	(-6.65701334431807e-04dB,-7.09356647591540e-01°)
4.07380277804116e+02	(-6.81206294439543e-04dB,-7.17569756484473e-01°)
4.12097519097334e+02	(-6.97072354056779e-04dB,-7.25877938689926e-01°)
4.16869383470339e+02	(-7.13307921675932e-04dB,-7.34282294050716e-01°)
4.21696503428586e+02	(-7.29921601411635e-04dB,-7.42783935108204e-01°)
4.26579518801596e+02	(-7.46922197670823e-04dB,-7.51383987248035e-01°)
4.31519076827769e+02	(-7.64318719795427e-04dB,-7.60083588847525e-01°)
4.36515832240170e+02	(-7.82120386837461e-04dB,-7.68883891424701e-01°)
4.41570447353316e+02	(-8.00336632432787e-04dB,-7.77786059789023e-01°)
4.46683592150967e+02	(-8.18977109801523e-04dB,-7.86791272193794e-01°)
4.51855944374926e+02	(-8.38051696839431e-04dB,-7.95900720490293e-01°)
4.57088189614879e+02	(-8.57570501359133e-04dB,-8.05115610283627e-01°)
4.62381021399264e+02	(-8.77543866430047e-04dB,-8.14437161090340e-01°)
4.67735141287202e+02	(-8.97982375846011e-04dB,-8.23866606497783e-01°)
4.73151258961485e+02	(-9.18896859731196e-04dB,-8.33405194325274e-01°)
4.78630092322643e+02	(-9.40298400264098e-04dB,-8.43054186787061e-01°)
4.84172367584104e+02	(-9.62198337538904e-04dB,-8.52814860657102e-01°)
4.89778819368451e+02	(-9.84608275560394e-04dB,-8.62688507435694e-01°)
4.95450190804795e+02	(-1.00754008839074e-03dB,-8.72676433517961e-01°)
5.01187233627277e+02	(-1.03100592640671e-03dB,-8.82779960364214e-01°)
5.06990708274709e+02	(-1.05501822275613e-03dB,-8.93000424672220e-01°)
5.12861383991370e+02	(-1.07958969989868e-03dB,-9.03339178551384e-01°)
5.18800038928966e+02	(-1.10473337635378e-03dB,-9.13797589698866e-01°)
5.24807460249778e+02	(-1.13046257357432e-03dB,-9.24377041577664e-01°)
5.30884444230993e+02	(-1.15679092299275e-03dB,-9.35078933596663e-01°)
5.37031796370258e+02	(-1.18373237322311e-03dB,-9.45904681292691e-01°)
5.43250331492438e+02	(-1.21130119742857e-03dB,-9.56855716514585e-01°)
5.49540873857630e+02	(-1.23951200087689e-03dB,-9.67933487609300e-01°)
5.55904257270409e+02	(-1.26837972864896e-03dB,-9.79139459610068e-01°)
5.62341325190355e+02	(-1.29791967354385e-03dB,-9.90475114426645e-01°)
5.68852930843847e+02	(-1.32814748414493e-03dB,-1.00194195103765e+00°)
5.75439937337163e+02	(-1.35907917310845e-03dB,-1.01354148568501e+00°)
5.82103217770877e+02	(-1.39073112560468e-03dB,-1.02527525207059e+00°)
5.88843655355595e+02	(-1.42312010798256e-03dB,-1.03714480155493e+00°)
5.95662143529017e+02	(-1.45626327661970e-03dB,-1.04915170335818e+00°)
6.02559586074364e+02	(-1.49017818699323e-03dB,-1.06129754476327e+00°)
6.09536897240176e+02	(-1.52488280293981e-03dB,-1.07358393132125e+00°)
6.16595001861489e+02	(-1.56039550615022e-03dB,-1.08601248705892e+00°)
6.23734835482426e+02	(-1.59673510586852e-03dB,-1.09858485468871e+00°)
6.30957344480200e+02	(-1.63392084882890e-03dB,-1.11130269582086e+00°)
6.38263486190556e+02	(-1.67197242940587e-03dB,-1.12416769117784e+00°)
6.45654229034662e+02	(-1.71091000002439e-03dB,-1.13718154081124e+00°)
6.53130552647479e+02	(-1.75075418178353e-03dB,-1.15034596432088e+00°)
6.60693448007603e+02	(-1.79152607534209e-03dB,-1.16366270107634e+00°)
6.68343917568622e+02	(-1.83324727206037e-03dB,-1.17713351044094e+00°)
6.76082975391989e+02	(-1.87593986538084e-03dB,-1.19076017199803e+00°)
6.83911647281437e+02	(-1.91962646249410e-03dB,-1.20454448577983e+00°)
6.91830970918944e+02	(-1.96433019625543e-03dB,-1.21848827249864e+00°)
6.99841996002281e+02	(-2.01007473738780e-03dB,-1.23259337378060e+00°)
7.07945784384146e+02	(-2.05688430697518e-03dB,-1.24686165240194e+00°)
7.16143410212910e+02	(-2.10478368921929e-03dB,-1.26129499252772e+00°)
7.24435960074998e+02	(-2.15379824451296e-03dB,-1.27589529995317e+00°)
7.32824533138912e+02	(-2.20395392281569e-03dB,-1.29066450234757e+00°)
7.41310241300926e+02	(-2.25527727732092e-03dB,-1.30560454950074e+00°)
7.49894209332465e+02	(-2.30779547845755e-03dB,-1.32071741357214e+00°)
7.58577575029193e+02	(-2.36153632820278e-03dB,-1.33600508934261e+00°)
7.67361489361828e+02	(-2.41652827473604e-03dB,-1.35146959446874e+00°)
7.76247116628701e+02	(-2.47280042741811e-03dB,-1.36711296974000e+00°)
7.85235634610081e+02	(-2.53038257212606e-03dB,-1.38293727933848e+00°)
7.94328234724291e+02	(-2.58930518694829e-03dB,-1.39894461110140e+00°)
8.03526122185627e+02	(-2.64959945821843e-03dB,-1.41513707678638e+00°)
8.12830516164109e+02	(-2.71129729693654e-03dB,-1.43151681233948e+00°)
8.22242649947081e+02	(-2.77443135558071e-03dB,-1.44808597816595e+00°)
8.31763771102681e+02	(-2.83903504527537e-03dB,-1.46484675940391e+00°)
8.41395141645205e+02	(-2.90514255337444e-03dB,-1.48180136620077e+00°)
8.51138038202387e+02	(-2.97278886145853e-03dB,-1.49895203399259e+00°)
8.60993752184611e+02	(-3.04200976372318e-03dB,-1.51630102378618e+00°)
8.70963589956091e+02	(-3.11284188580957e-03dB,-1.53385062244426e+00°)
8.81048873008025e+02	(-3.18532270406138e-03dB,-1.55160314297339e+00°)
8.91250938133757e+02	(-3.25949056522360e-03dB,-1.56956092481495e+00°)
9.01571137605968e+02	(-3.33538470660463e-03dB,-1.58772633413898e+00°)
9.12010839355921e+02	(-3.41304527669233e-03dB,-1.60610176414107e+00°)
9.22571427154775e+02	(-3.49251335624063e-03dB,-1.62468963534222e+00°)
9.33254300797003e+02	(-3.57383097985506e-03dB,-1.64349239589169e+00°)
9.44060876285936e+02	(-3.65704115806855e-03dB,-1.66251252187289e+00°)
9.54992586021448e+02	(-3.74218789992355e-03dB,-1.68175251761240e+00°)
9.66050878989826e+02	(-3.82931623606630e-03dB,-1.70121491599192e+00°)
9.77237220955823e+02	(-3.91847224238939e-03dB,-1.72090227876344e+00°)
9.88553094656952e+02	(-4.00970306419498e-03dB,-1.74081719686743e+00°)
1.00000000000001e+03	(-4.10305694093392e-03dB,-1.76096229075420e+00°)
1.01157945425991e+03	(-4.19858323150197e-03dB,-1.78134021070837e+00°)
1.02329299228077e+03	(-4.29633244011270e-03dB,-1.80195363717651e+00°)
1.03514216667936e+03	(-4.39635624276973e-03dB,-1.82280528109798e+00°)
1.04712854805091e+03	(-4.49870751435124e-03dB,-1.84389788423886e+00°)
1.05925372517730e+03	(-4.60344035629947e-03dB,-1.86523421952923e+00°)
1.07151930523762e+03	(-4.71061012496005e-03dB,-1.88681709140351e+00°)
1.08392691402122e+03	(-4.82027346056401e-03dB,-1.90864933614412e+00°)
1.09647819614320e+03	(-4.93248831686920e-03dB,-1.93073382222838e+00°)
1.10917481526242e+03	(-5.04731399148787e-03dB,-1.95307345067862e+00°)
1.12201845430198e+03	(-5.16481115689997e-03dB,-1.97567115541559e+00°)
1.13501081567233e+03	(-5.28504189219025e-03dB,-1.99852990361511e+00°)
1.14815362149690e+03	(-5.40806971547815e-03dB,-2.02165269606801e+00°)
1.16144861384036e+03	(-5.53395961713831e-03dB,-2.04504256754343e+00°)
1.17489755493955e+03	(-5.66277809372768e-03dB,-2.06870258715530e+00°)
1.18850222743704e+03	(-5.79459318272017e-03dB,-2.09263585873221e+00°)
1.20226443461743e+03	(-5.92947449802930e-03dB,-2.11684552119059e+00°)
1.21618600064639e+03	(-6.06749326632447e-03dB,-2.14133474891116e+00°)
1.23026877081240e+03	(-6.20872236419374e-03dB,-2.16610675211873e+00°)
1.24451461177140e+03	(-6.35323635613662e-03dB,-2.19116477726535e+00°)
1.25892541179419e+03	(-6.50111153343879e-03dB,-2.21651210741670e+00°)
1.27350308101668e+03	(-6.65242595391728e-03dB,-2.24215206264192e+00°)
1.28824955169315e+03	(-6.80725948257457e-03dB,-2.26808800040664e+00°)
1.30316677845232e+03	(-6.96569383317708e-03dB,-2.29432331596945e+00°)
1.31825673855643e+03	(-7.12781261077180e-03dB,-2.32086144278156e+00°)
1.33352143216334e+03	(-7.29370135518152e-03dB,-2.34770585288990e+00°)
1.34896288259167e+03	(-7.46344758547904e-03dB,-2.37486005734342e+00°)
1.36458313658895e+03	(-7.63714084544811e-03dB,-2.40232760660272e+00°)
1.38038426460291e+03	(-7.81487275012521e-03dB,-2.43011209095300e+00°)
1.39636836105596e+03	(-7.99673703334231e-03dB,-2.45821714092020e+00°)
1.41253754462278e+03	(-8.18282959636844e-03dB,-2.48664642769048e+00°)
1.42889395851112e+03	(-8.37324855766811e-03dB,-2.51540366353291e+00°)
1.44543977074595e+03	(-8.56809430374214e-03dB,-2.54449260222531e+00°)
1.46217717445674e+03	(-8.76746954114827e-03dB,-2.57391703948346e+00°)
1.47910838816823e+03	(-8.97147934969526e-03dB,-2.60368081339330e+00°)
1.49623565609446e+03	(-9.18023123681524e-03dB,-2.63378780484642e+00°)
1.51356124843623e+03	(-9.39383519317306e-03dB,-2.66424193797862e+00°)
1.53108746168205e+03	(-9.61240374953758e-03dB,-2.69504718061157e+00°)
1.54881661891251e+03	(-9.83605203490164e-03dB,-2.72620754469755e+00°)
1.56675107010817e+03	(-1.00648978359481e-02dB,-2.75772708676722e+00°)
1.58489319246114e+03	(-1.02990616578111e-02dB,-2.78960990838039e+00°)
1.60324539069007e+03	(-1.05386667862309e-02dB,-2.82186015657969e+00°)
1.62181009735896e+03	(-1.07838393510772e-02dB,-2.85448202434724e+00°)
1.64058977319957e+03	(-1.10347083913214e-02dB,-2.88747975106410e+00°)
1.65958690743759e+03	(-1.12914059214266e-02dB,-2.92085762297259e+00°)
1.67880401812259e+03	(-1.15540669992555e-02dB,-2.95461997364133e+00°)
1.69824365246177e+03	(-1.18228297954782e-02dB,-2.98877118443299e+00°)
1.71790838715762e+03	(-1.20978356645164e-02dB,-3.02331568497473e+00°)
1.73780082874940e+03	(-1.23792292170940e-02dB,-3.05825795363114e+00°)
1.75792361395872e+03	(-1.26671583943785e-02dB,-3.09360251797974e+00°)
1.77827941003895e+03	(-1.29617745437819e-02dB,-3.12935395528893e+00°)
1.79887091512882e+03	(-1.32632324964473e-02dB,-3.16551689299823e+00°)
1.81970085861001e+03	(-1.35716906464302e-02dB,-3.20209600920091e+00°)
1.84077200146899e+03	(-1.38873110316733e-02dB,-3.23909603312871e+00°)
1.86208713666290e+03	(-1.42102594167356e-02dB,-3.27652174563872e+00°)
1.88364908948983e+03	(-1.45407053773672e-02dB,-3.31437797970228e+00°)
1.90546071796328e+03	(-1.48788223869449e-02dB,-3.35266962089575e+00°)
1.92752491319097e+03	(-1.52247879048200e-02dB,-3.39140160789313e+00°)
1.94984459975808e+03	(-1.55787834665922e-02dB,-3.43057893296033e+00°)
1.97242273611489e+03	(-1.59409947763899e-02dB,-3.47020664245105e+00°)
1.99526231496891e+03	(-1.63116118011548e-02dB,-3.51028983730412e+00°)
2.01836636368160e+03	(-1.66908288670060e-02dB,-3.55083367354216e+00°)
2.04173794466956e+03	(-1.70788447577114e-02dB,-3.59184336277139e+00°)
2.06538015581057e+03	(-1.74758628152976e-02dB,-3.63332417268261e+00°)
2.08929613085408e+03	(-1.78820910428617e-02dB,-3.67528142755294e+00°)
2.11348903983668e+03	(-1.82977422096305e-02dB,-3.71772050874844e+00°)
2.13796208950227e+03	(-1.87230339582928e-02dB,-3.76064685522723e+00°)
2.16271852372706e+03	(-1.91581889146530e-02dB,-3.80406596404308e+00°)
2.18776162394959e+03	(-1.96034347996814e-02dB,-3.84798339084925e+00°)
2.21309470960568e+03	(-2.00590045439683e-02dB,-3.89240475040233e+00°)
2.23872113856838e+03	(-2.05251364046614e-02dB,-3.93733571706603e+00°)
2.26464430759310e+03	(-2.10020740849087e-02dB,-3.98278202531459e+00°)
2.29086765276781e+03	(-2.14900668558792e-02dB,-4.02874947023564e+00°)
2.31739464996852e+03	(-2.19893696813994e-02dB,-4.07524390803232e+00°)
2.34422881531996e+03	(-2.25002433452637e-02dB,-4.12227125652438e+00°)
2.37137370566170e+03	(-2.30229545812480e-02dB,-4.16983749564811e+00°)
2.39883291901953e+03	(-2.35577762059176e-02dB,-4.21794866795473e+00°)
2.42661009508246e+03	(-2.41049872542400e-02dB,-4.26661087910706e+00°)
2.45470891568508e+03	(-2.46648731180962e-02dB,-4.31583029837421e+00°)
2.48313310529562e+03	(-2.52377256876979e-02dB,-4.36561315912396e+00°)
2.51188643150963e+03	(-2.58238434960291e-02dB,-4.41596575931257e+00°)
2.54097270554935e+03	(-2.64235318662877e-02dB,-4.46689446197172e+00°)
2.57039578276891e+03	(-2.70371030624677e-02dB,-4.51840569569224e+00°)
2.60015956316532e+03	(-2.76648764430703e-02dB,-4.57050595510433e+00°)
2.63026799189543e+03	(-2.83071786180321e-02dB,-4.62320180135392e+00°)
2.66072505979886e+03	(-2.89643436089357e-02dB,-4.67649986257477e+00°)
2.69153480392697e+03	(-2.96367130125483e-02dB,-4.73040683435607e+00°)
2.72270130807796e+03	(-3.03246361677422e-02dB,-4.78492948020497e+00°)
2.75422870333822e+03	(-3.10284703258670e-02dB,-4.84007463200385e+00°)
2.78612116862982e+03	(-3.17485808246397e-02dB,-4.89584919046172e+00°)
2.81838293126451e+03	(-3.24853412655988e-02dB,-4.95226012555951e+00°)
2.85101826750396e+03	(-3.32391336951976e-02dB,-5.00931447698860e+00°)
2.88403150312666e+03	(-3.40103487895751e-02dB,-5.06701935458239e+00°)
2.91742701400122e+03	(-3.47993860431048e-02dB,-5.12538193874018e+00°)
2.95120922666644e+03	(-3.56066539607589e-02dB,-5.18440948084300e+00°)
2.98538261891802e+03	(-3.64325702543333e-02dB,-5.24410930366090e+00°)
3.01995172040208e+03	(-3.72775620426560e-02dB,-5.30448880175107e+00°)
3.05492111321557e+03	(-3.81420660557639e-02dB,-5.36555544184634e+00°)
3.09029543251365e+03	(-3.90265288431861e-02dB,-5.42731676323339e+00°)
3.12607936712402e+03	(-3.99314069863488e-02dB,-5.48978037812023e+00°)
3.16227766016844e+03	(-4.08571673151896e-02dB,-5.55295397199219e+00°)
3.19889510969146e+03	(-4.18042871290261e-02dB,-5.61684530395583e+00°)
3.23593656929635e+03	(-4.27732544217696e-02dB,-5.68146220707021e+00°)
3.27340694878845e+03	(-4.37645681115262e-02dB,-5.74681258866471e+00°)
3.31131121482598e+03	(-4.47787382746622e-02dB,-5.81290443064280e+00°)
3.34965439157834e+03	(-4.58162863843813e-02dB,-5.87974578977103e+00°)
3.38844156139209e+03	(-4.68777455539055e-02dB,-5.94734479795240e+00°)
3.42767786546457e+03	(-4.79636607843001e-02dB,-6.01570966248349e+00°)
3.46736850452539e+03	(-4.90745892169996e-02dB,-6.08484866629443e+00°)
3.50751873952575e+03	(-5.02111003911431e-02dB,-6.15477016817094e+00°)
3.54813389233583e+03	(-5.13737765057091e-02dB,-6.22548260295764e+00°)
3.58921934645013e+03	(-5.25632126865836e-02dB,-6.29699448174159e+00°)
3.63078054770109e+03	(-5.37800172585709e-02dB,-6.36931439201541e+00°)
3.67282300498092e+03	(-5.50248120224287e-02dB,-6.44245099781877e+00°)
3.71535229097180e+03	(-5.62982325369978e-02dB,-6.51641303985757e+00°)
3.75837404288452e+03	(-5.76009284064398e-02dB,-6.59120933559950e+00°)
3.80189396320569e+03	(-5.89335635727002e-02dB,-6.66684877934527e+00°)
3.84591782045362e+03	(-6.02968166132014e-02dB,-6.74334034227428e+00°)
3.89045144994289e+03	(-6.16913810438518e-02dB,-6.82069307246364e+00°)
3.93550075455786e+03	(-6.31179656273933e-02dB,-6.89891609487950e+00°)
3.98107170553506e+03	(-6.45772946871820e-02dB,-6.97801861133946e+00°)
4.02717034325468e+03	(-6.60701084263886e-02dB,-7.05800990044498e+00°)
4.07380277804121e+03	(-6.75971632527282e-02dB,-7.13889931748240e+00°)
4.12097519097339e+03	(-6.91592321087172e-02dB,-7.22069629429151e+00°)
4.16869383470344e+03	(-7.07571048075286e-02dB,-7.30341033910019e+00°)
4.21696503428591e+03	(-7.23915883744590e-02dB,-7.38705103632393e+00°)
4.26579518801602e+03	(-7.40635073940695e-02dB,-7.47162804632879e+00°)
4.31519076827775e+03	(-7.57737043630015e-02dB,-7.55715110515640e+00°)
4.36515832240175e+03	(-7.75230400485505e-02dB,-7.64363002420962e+00°)
4.41570447353322e+03	(-7.93123938529409e-02dB,-7.73107468989719e+00°)
4.46683592150973e+03	(-8.11426641834157e-02dB,-7.81949506323614e+00°)
4.51855944374932e+03	(-8.30147688280998e-02dB,-7.90890117941010e+00°)
4.57088189614885e+03	(-8.49296453376644e-02dB,-7.99930314728208e+00°)
4.62381021399271e+03	(-8.68882514128097e-02dB,-8.09071114886002e+00°)
4.67735141287209e+03	(-8.88915652975686e-02dB,-8.18313543871343e+00°)
4.73151258961491e+03	(-9.09405861784360e-02dB,-8.27658634333932e+00°)
4.78630092322649e+03	(-9.30363345892971e-02dB,-8.37107426047580e+00°)
4.84172367584110e+03	(-9.51798528221705e-02dB,-8.46660965836128e+00°)
4.89778819368457e+03	(-9.73722053437309e-02dB,-8.56320307493773e+00°)
4.95450190804801e+03	(-9.96144792176078e-02dB,-8.66086511699575e+00°)
5.01187233627284e+03	(-1.01907784532392e-01dB,-8.75960645925974e+00°)
5.06990708274716e+03	(-1.04253254835363e-01dB,-8.85943784341110e+00°)
5.12861383991376e+03	(-1.06652047571855e-01dB,-8.96037007704736e+00°)
5.18800038928973e+03	(-1.09105344530215e-01dB,-9.06241403257525e+00°)
5.24807460249785e+03	(-1.11614352292317e-01dB,-9.16558064603544e+00°)
5.30884444231001e+03	(-1.14180302689528e-01dB,-9.26988091585697e+00°)
5.37031796370265e+03	(-1.16804453264079e-01dB,-9.37532590153893e+00°)
5.43250331492446e+03	(-1.19488087735732e-01dB,-9.48192672225731e+00°)
5.49540873857637e+03	(-1.22232516473653e-01dB,-9.58969455539455e+00°)
5.55904257270416e+03	(-1.25039076973382e-01dB,-9.69864063498953e+00°)
5.62341325190362e+03	(-1.27909134338793e-01dB,-9.80877625010561e+00°)
5.68852930843855e+03	(-1.30844081768902e-01dB,-9.92011274311424e+00°)
5.75439937337170e+03	(-1.33845341049367e-01dB,-1.00326615078916e+01°)
5.82103217770885e+03	(-1.36914363048573e-01dB,-1.01464339879258e+01°)
5.88843655355603e+03	(-1.40052628218060e-01dB,-1.02614416743322e+01°)
5.95662143529025e+03	(-1.43261647097225e-01dB,-1.03776961037742e+01°)
6.02559586074372e+03	(-1.46542960821962e-01dB,-1.04952088562861e+01°)
6.09536897240184e+03	(-1.49898141637158e-01dB,-1.06139915529974e+01°)
6.16595001861497e+03	(-1.53328793412763e-01dB,-1.07340558537529e+01°)
6.23734835482434e+03	(-1.56836552163178e-01dB,-1.08554134546282e+01°)
6.30957344480208e+03	(-1.60423086569755e-01dB,-1.09780760853375e+01°)
6.38263486190564e+03	(-1.64090098506090e-01dB,-1.11020555065295e+01°)
6.45654229034671e+03	(-1.67839323565855e-01dB,-1.12273635069698e+01°)
6.53130552647488e+03	(-1.71672531592827e-01dB,-1.13540119006069e+01°)
6.60693448007612e+03	(-1.75591527212824e-01dB,-1.14820125235187e+01°)
6.68343917568631e+03	(-1.79598150367163e-01dB,-1.16113772307358e+01°)
6.76082975391998e+03	(-1.83694276847297e-01dB,-1.17421178929403e+01°)
6.83911647281446e+03	(-1.87881818830247e-01dB,-1.18742463930363e+01°)
6.91830970918953e+03	(-1.92162725414408e-01dB,-1.20077746225882e+01°)
6.99841996002291e+03	(-1.96538983155283e-01dB,-1.21427144781262e+01°)
7.07945784384155e+03	(-2.01012616600736e-01dB,-1.22790778573134e+01°)
7.16143410212920e+03	(-2.05585688825250e-01dB,-1.24168766549743e+01°)
7.24435960075008e+03	(-2.10260301962692e-01dB,-1.25561227589788e+01°)
7.32824533138922e+03	(-2.15038597737074e-01dB,-1.26968280459819e+01°)
7.41310241300936e+03	(-2.19922757990756e-01dB,-1.28390043770132e+01°)
7.49894209332474e+03	(-2.24915005209491e-01dB,-1.29826635929158e+01°)
7.58577575029203e+03	(-2.30017603043752e-01dB,-1.31278175096308e+01°)
7.67361489361838e+03	(-2.35232856825647e-01dB,-1.32744779133235e+01°)
7.76247116628711e+03	(-2.40563114080844e-01dB,-1.34226565553510e+01°)
7.85235634610092e+03	(-2.46010765034728e-01dB,-1.35723651470665e+01°)
7.94328234724302e+03	(-2.51578243112150e-01dB,-1.37236153544578e+01°)
8.03526122185638e+03	(-2.57268025429972e-01dB,-1.38764187926191e+01°)
8.12830516164120e+03	(-2.63082633281654e-01dB,-1.40307870200517e+01°)
8.22242649947092e+03	(-2.69024632613084e-01dB,-1.41867315327918e+01°)
8.31763771102692e+03	(-2.75096634488763e-01dB,-1.43442637583638e+01°)
8.41395141645217e+03	(-2.81301295547549e-01dB,-1.45033950495564e+01°)
8.51138038202398e+03	(-2.87641318446999e-01dB,-1.46641366780185e+01°)
8.60993752184623e+03	(-2.94119452295399e-01dB,-1.48264998276750e+01°)
8.70963589956103e+03	(-3.00738493070508e-01dB,-1.49904955879587e+01°)
8.81048873008037e+03	(-3.07501284024033e-01dB,-1.51561349468573e+01°)
8.91250938133769e+03	(-3.14410716070778e-01dB,-1.53234287837749e+01°)
9.01571137605980e+03	(-3.21469728161403e-01dB,-1.54923878622053e+01°)
9.12010839355933e+03	(-3.28681307637731e-01dB,-1.56630228222162e+01°)
9.22571427154787e+03	(-3.36048490569431e-01dB,-1.58353441727443e+01°)
9.33254300797015e+03	(-3.43574362070908e-01dB,-1.60093622836995e+01°)
9.44060876285948e+03	(-3.51262056597253e-01dB,-1.61850873778781e+01°)
9.54992586021461e+03	(-3.59114758217976e-01dB,-1.63625295226846e+01°)
9.66050878989839e+03	(-3.67135700867264e-01dB,-1.65416986216620e+01°)
9.77237220955837e+03	(-3.75328168569508e-01dB,-1.67226044058317e+01°)
9.88553094656965e+03	(-3.83695495638724e-01dB,-1.69052564248412e+01°)
1.00000000000003e+04	(-3.92241066850563e-01dB,-1.70896640379241e+01°)
1.01157945425993e+04	(-4.00968317585479e-01dB,-1.72758364046693e+01°)
1.02329299228078e+04	(-4.09880733941685e-01dB,-1.74637824756043e+01°)
1.03514216667937e+04	(-4.18981852816441e-01dB,-1.76535109825928e+01°)
1.04712854805093e+04	(-4.28275261954192e-01dB,-1.78450304290487e+01°)
1.05925372517732e+04	(-4.37764599960104e-01dB,-1.80383490799698e+01°)
1.07151930523764e+04	(-4.47453556277453e-01dB,-1.82334749517933e+01°)
1.08392691402123e+04	(-4.57345871127347e-01dB,-1.84304158020776e+01°)
1.09647819614321e+04	(-4.67445335409235e-01dB,-1.86291791190126e+01°)
1.10917481526243e+04	(-4.77755790560618e-01dB,-1.88297721107645e+01°)
1.12201845430199e+04	(-4.88281128374384e-01dB,-1.90322016946585e+01°)
1.13501081567235e+04	(-4.99025290772183e-01dB,-1.92364744862050e+01°)
1.14815362149691e+04	(-5.09992269532208e-01dB,-1.94425967879755e+01°)
1.16144861384037e+04	(-5.21186105969784e-01dB,-1.96505745783332e+01°)
1.17489755493956e+04	(-5.32610890569155e-01dB,-1.98604135000265e+01°)
1.18850222743705e+04	(-5.44270762564827e-01dB,-2.00721188486517e+01°)
1.20226443461745e+04	(-5.56169909470868e-01dB,-2.02856955609928e+01°)
1.21618600064640e+04	(-5.68312566556553e-01dB,-2.05011482032474e+01°)
1.23026877081242e+04	(-5.80703016266730e-01dB,-2.07184809591467e+01°)
1.24451461177142e+04	(-5.93345587585375e-01dB,-2.09376976179806e+01°)
1.25892541179420e+04	(-6.06244655340688e-01dB,-2.11588015625368e+01°)
1.27350308101670e+04	(-6.19404639450267e-01dB,-2.13817957569652e+01°)
1.28824955169317e+04	(-6.32830004104789e-01dB,-2.16066827345795e+01°)
1.30316677845234e+04	(-6.46525256888716e-01dB,-2.18334645856075e+01°)
1.31825673855644e+04	(-6.60494947836616e-01dB,-2.20621429449033e+01°)
1.33352143216336e+04	(-6.74743668423636e-01dB,-2.22927189796337e+01°)
1.34896288259169e+04	(-6.89276050488835e-01dB,-2.25251933769555e+01°)
1.36458313658896e+04	(-7.04096765089995e-01dB,-2.27595663316948e+01°)
1.38038426460292e+04	(-7.19210521288764e-01dB,-2.29958375340468e+01°)
1.39636836105598e+04	(-7.34622064864848e-01dB,-2.32340061573101e+01°)
1.41253754462279e+04	(-7.50336176958220e-01dB,-2.34740708456737e+01°)
1.42889395851114e+04	(-7.66357672638311e-01dB,-2.37160297020729e+01°)
1.44543977074597e+04	(-7.82691399399183e-01dB,-2.39598802761321e+01°)
1.46217717445676e+04	(-7.99342235579900e-01dB,-2.42056195522145e+01°)
1.47910838816825e+04	(-8.16315088709299e-01dB,-2.44532439375958e+01°)
1.49623565609448e+04	(-8.33614893774526e-01dB,-2.47027492507835e+01°)
1.51356124843625e+04	(-8.51246611412790e-01dB,-2.49541307100014e+01°)
1.53108746168207e+04	(-8.69215226025921e-01dB,-2.52073829218601e+01°)
1.54881661891253e+04	(-8.87525743817416e-01dB,-2.54624998702359e+01°)
1.56675107010819e+04	(-9.06183190751826e-01dB,-2.57194749053783e+01°)
1.58489319246116e+04	(-9.25192610436445e-01dB,-2.59783007332713e+01°)
1.60324539069009e+04	(-9.44559061925412e-01dB,-2.62389694052683e+01°)
1.62181009735898e+04	(-9.64287617446500e-01dB,-2.65014723080266e+01°)
1.64058977319959e+04	(-9.84383360050992e-01dB,-2.67658001537637e+01°)
1.65958690743761e+04	(-1.00485138118729e+00dB,-2.70319429708595e+01°)
1.67880401812261e+04	(-1.02569677819889e+00dB,-2.72998900948295e+01°)
1.69824365246179e+04	(-1.04692465174784e+00dB,-2.75696301596927e+01°)
1.71790838715764e+04	(-1.06854010316455e+00dB,-2.78411510897591e+01°)
1.73780082874943e+04	(-1.09054823172549e+00dB,-2.81144400918621e+01°)
1.75792361395875e+04	(-1.11295413186006e+00dB,-2.83894836480597e+01°)
1.77827941003898e+04	(-1.13576289028846e+00dB,-2.86662675088305e+01°)
1.79887091512884e+04	(-1.15897958309231e+00dB,-2.89447766867883e+01°)
1.81970085861004e+04	(-1.18260927272017e+00dB,-2.92249954509407e+01°)
1.84077200146901e+04	(-1.20665700493027e+00dB,-2.95069073215154e+01°)
1.86208713666292e+04	(-1.23112780567277e+00dB,-2.97904950653790e+01°)
1.88364908948986e+04	(-1.25602667791444e+00dB,-3.00757406920721e+01°)
1.90546071796331e+04	(-1.28135859840855e+00dB,-3.03626254504837e+01°)
1.92752491319099e+04	(-1.30712851441310e+00dB,-3.06511298261870e+01°)
1.94984459975810e+04	(-1.33334134036062e+00dB,-3.09412335394617e+01°)
1.97242273611491e+04	(-1.36000195448328e+00dB,-3.12329155440201e+01°)
1.99526231496894e+04	(-1.38711519539674e+00dB,-3.15261540264616e+01°)
2.01836636368162e+04	(-1.41468585864693e+00dB,-3.18209264064737e+01°)
2.04173794466959e+04	(-1.44271869322366e+00dB,-3.21172093377986e+01°)
2.06538015581059e+04	(-1.47121839804562e+00dB,-3.24149787099836e+01°)
2.08929613085410e+04	(-1.50018961842097e+00dB,-3.27142096509323e+01°)
2.11348903983671e+04	(-1.52963694248852e+00dB,-3.30148765302728e+01°)
2.13796208950230e+04	(-1.55956489764408e+00dB,-3.33169529635553e+01°)
2.16271852372709e+04	(-1.58997794695722e+00dB,-3.36204118172950e+01°)
2.18776162394962e+04	(-1.62088048558352e+00dB,-3.39252252148701e+01°)
2.21309470960571e+04	(-1.65227683717759e+00dB,-3.42313645432846e+01°)
2.23872113856841e+04	(-1.68417125031247e+00dB,-3.45388004608068e+01°)
2.26464430759313e+04	(-1.71656789491085e+00dB,-3.48475029054872e+01°)
2.29086765276784e+04	(-1.74947085869393e+00dB,-3.51574411045642e+01°)
2.31739464996855e+04	(-1.78288414365364e+00dB,-3.54685835847578e+01°)
2.34422881532000e+04	(-1.81681166255418e+00dB,-3.57808981834560e+01°)
2.37137370566173e+04	(-1.85125723546871e+00dB,-3.60943520607903e+01°)
2.39883291901957e+04	(-1.88622458635744e+00dB,-3.64089117126012e+01°)
2.42661009508249e+04	(-1.92171733969285e+00dB,-3.67245429842868e+01°)
2.45470891568511e+04	(-1.95773901713846e+00dB,-3.70412110855292e+01°)
2.48313310529565e+04	(-1.99429303428693e+00dB,-3.73588806058913e+01°)
2.51188643150966e+04	(-2.03138269746374e+00dB,-3.76775155312711e+01°)
2.54097270554939e+04	(-2.06901120060247e+00dB,-3.79970792612044e+01°)
2.57039578276895e+04	(-2.10718162219753e+00dB,-3.83175346269974e+01°)
2.60015956316536e+04	(-2.14589692234049e+00dB,-3.86388439106756e+01°)
2.63026799189547e+04	(-2.18515993984562e+00dB,-3.89609688647292e+01°)
2.66072505979890e+04	(-2.22497338947051e+00dB,-3.92838707326334e+01°)
2.69153480392700e+04	(-2.26533985923735e+00dB,-3.96075102701214e+01°)
2.72270130807800e+04	(-2.30626180786023e+00dB,-3.99318477671860e+01°)
2.75422870333826e+04	(-2.34774156228398e+00dB,-4.02568430707805e+01°)
2.78612116862986e+04	(-2.38978131533941e+00dB,-4.05824556081934e+01°)
2.81838293126455e+04	(-2.43238312352011e+00dB,-4.09086444110634e+01°)
2.85101826750400e+04	(-2.47554890488530e+00dB,-4.12353681400038e+01°)
2.88403150312670e+04	(-2.51928043709343e+00dB,-4.15625851098018e+01°)
2.91742701400126e+04	(-2.56357935557060e+00dB,-4.18902533151568e+01°)
2.95120922666648e+04	(-2.60844715181779e+00dB,-4.22183304569209e+01°)
2.98538261891806e+04	(-2.65388517186069e+00dB,-4.25467739688017e+01°)
3.01995172040212e+04	(-2.69989461484541e+00dB,-4.28755410444888e+01°)
3.05492111321561e+04	(-2.74647653178321e+00dB,-4.32045886651611e+01°)
3.09029543251369e+04	(-2.79363182444706e+00dB,-4.35338736273341e+01°)
3.12607936712406e+04	(-2.84136124442243e+00dB,-4.38633525710015e+01°)
3.16227766016848e+04	(-2.88966539231445e+00dB,-4.41929820080297e+01°)
3.19889510969150e+04	(-2.93854471711327e+00dB,-4.45227183507568e+01°)
3.23593656929639e+04	(-2.98799951571886e+00dB,-4.48525179407533e+01°)
3.27340694878849e+04	(-3.03802993262661e+00dB,-4.51823370776961e+01°)
3.31131121482602e+04	(-3.08863595977413e+00dB,-4.55121320483111e+01°)
3.34965439157839e+04	(-3.13981743654983e+00dB,-4.58418591553356e+01°)
3.38844156139214e+04	(-3.19157404996309e+00dB,-4.61714747464560e+01°)
3.42767786546462e+04	(-3.24390533497584e+00dB,-4.65009352431719e+01°)
3.46736850452543e+04	(-3.29681067499452e+00dB,-4.68301971695419e+01°)
3.50751873952580e+04	(-3.35028930252158e+00dB,-4.71592171807632e+01°)
3.54813389233588e+04	(-3.40434029996494e+00dB,-4.74879520915416e+01°)
3.58921934645017e+04	(-3.45896260060359e+00dB,-4.78163589042037e+01°)
3.63078054770114e+04	(-3.51415498970720e+00dB,-4.81443948365107e+01°)
3.67282300498097e+04	(-3.56991610580728e+00dB,-4.84720173491273e+01°)
3.71535229097185e+04	(-3.62624444211700e+00dB,-4.87991841727053e+01°)
3.75837404288457e+04	(-3.68313834809668e+00dB,-4.91258533345396e+01°)
3.80189396320574e+04	(-3.74059603116133e+00dB,-4.94519831847572e+01°)
3.84591782045367e+04	(-3.79861555852669e+00dB,-4.97775324220004e+01°)
3.89045144994294e+04	(-3.85719485918968e+00dB,-5.01024601185669e+01°)
3.93550075455791e+04	(-3.91633172603905e+00dB,-5.04267257449715e+01°)
3.98107170553511e+04	(-3.97602381809169e+00dB,-5.07502891938953e+01°)
4.02717034325473e+04	(-4.03626866284988e+00dB,-5.10731108034894e+01°)
4.07380277804127e+04	(-4.09706365877453e+00dB,-5.13951513800050e+01°)
4.12097519097345e+04	(-4.15840607786932e+00dB,-5.17163722197175e+01°)
4.16869383470350e+04	(-4.22029306837029e+00dB,-5.20367351301221e+01°)
4.21696503428597e+04	(-4.28272165753561e+00dB,-5.23562024503735e+01°)
4.26579518801608e+04	(-4.34568875452963e+00dB,-5.26747370709469e+01°)
4.31519076827780e+04	(-4.40919115339578e+00dB,-5.29923024525025e+01°)
4.36515832240181e+04	(-4.47322553611222e+00dB,-5.33088626439310e+01°)
4.41570447353328e+04	(-4.53778847572444e+00dB,-5.36243822995668e+01°)
4.46683592150979e+04	(-4.60287643954883e+00dB,-5.39388266955529e+01°)
4.51855944374938e+04	(-4.66848579244106e+00dB,-5.42521617453456e+01°)
4.57088189614891e+04	(-4.73461280012333e+00dB,-5.45643540143487e+01°)
4.62381021399277e+04	(-4.80125363256436e+00dB,-5.48753707336694e+01°)
4.67735141287215e+04	(-4.86840436740604e+00dB,-5.51851798129892e+01°)
4.73151258961497e+04	(-4.93606099343066e+00dB,-5.54937498525462e+01°)
4.78630092322655e+04	(-5.00421941406275e+00dB,-5.58010501542265e+01°)
4.84172367584117e+04	(-5.07287545089967e+00dB,-5.61070507317646e+01°)
4.89778819368464e+04	(-5.14202484726484e+00dB,-5.64117223200547e+01°)
4.95450190804808e+04	(-5.21166327177802e+00dB,-5.67150363835754e+01°)
5.01187233627290e+04	(-5.28178632193693e+00dB,-5.70169651239354e+01°)
5.06990708274723e+04	(-5.35238952770444e+00dB,-5.73174814865445e+01°)
5.12861383991383e+04	(-5.42346835509620e+00dB,-5.76165591664207e+01°)
5.18800038928980e+04	(-5.49501820976307e+00dB,-5.79141726131429e+01°)
5.24807460249792e+04	(-5.56703444056343e+00dB,-5.82102970349608e+01°)
5.30884444231008e+04	(-5.63951234312021e+00dB,-5.85049084020756e+01°)
5.37031796370272e+04	(-5.71244716335785e+00dB,-5.87979834491059e+01°)
5.43250331492453e+04	(-5.78583410101461e+00dB,-5.90894996767544e+01°)
5.49540873857645e+04	(-5.85966831312556e+00dB,-5.93794353526931e+01°)
5.55904257270424e+04	(-5.93394491747213e+00dB,-5.96677695116841e+01°)
5.62341325190370e+04	(-6.00865899599403e+00dB,-5.99544819549559e+01°)
5.68852930843862e+04	(-6.08380559815966e+00dB,-6.02395532488551e+01°)
5.75439937337178e+04	(-6.15937974429127e+00dB,-6.05229647227941e+01°)
5.82103217770893e+04	(-6.23537642884148e+00dB,-6.08046984665162e+01°)
5.88843655355611e+04	(-6.31179062361773e+00dB,-6.10847373267022e+01°)
5.95662143529032e+04	(-6.38861728095167e+00dB,-6.13630649029379e+01°)
6.02559586074380e+04	(-6.46585133681058e+00dB,-6.16396655430701e+01°)
6.09536897240192e+04	(-6.54348771384816e+00dB,-6.19145243379712e+01°)
6.16595001861505e+04	(-6.62152132439223e+00dB,-6.21876271157398e+01°)
6.23734835482442e+04	(-6.69994707336708e+00dB,-6.24589604353587e+01°)
6.30957344480217e+04	(-6.77875986114841e+00dB,-6.27285115798378e+01°)
6.38263486190573e+04	(-6.85795458634903e+00dB,-6.29962685488644e+01°)
6.45654229034680e+04	(-6.93752614853365e+00dB,-6.32622200509874e+01°)
6.53130552647497e+04	(-7.01746945086129e+00dB,-6.35263554953595e+01°)
6.60693448007621e+04	(-7.09777940265404e+00dB,-6.37886649830622e+01°)
6.68343917568640e+04	(-7.17845092189110e+00dB,-6.40491392980381e+01°)
6.76082975392007e+04	(-7.25947893762718e+00dB,-6.43077698976561e+01°)
6.83911647281455e+04	(-7.34085839233449e+00dB,-6.45645489029325e+01°)
6.91830970918963e+04	(-7.42258424416780e+00dB,-6.48194690884319e+01°)
6.99841996002300e+04	(-7.50465146915216e+00dB,-6.50725238718734e+01°)
7.07945784384165e+04	(-7.58705506329302e+00dB,-6.53237073034627e+01°)
7.16143410212929e+04	(-7.66979004460857e+00dB,-6.55730140549753e+01°)
7.24435960075018e+04	(-7.75285145508458e+00dB,-6.58204394086121e+01°)
7.32824533138932e+04	(-7.83623436255159e+00dB,-6.60659792456489e+01°)
7.41310241300946e+04	(-7.91993386248506e+00dB,-6.63096300349031e+01°)
7.49894209332484e+04	(-8.00394507972873e+00dB,-6.65513888210359e+01°)
7.58577575029213e+04	(-8.08826317014185e+00dB,-6.67912532127126e+01°)
7.67361489361848e+04	(-8.17288332217086e+00dB,-6.70292213706398e+01°)
7.76247116628722e+04	(-8.25780075834633e+00dB,-6.72652919954981e+01°)
7.85235634610102e+04	(-8.34301073670603e+00dB,-6.74994643157903e+01°)
7.94328234724312e+04	(-8.42850855214506e+00dB,-6.77317380756215e+01°)
8.03526122185648e+04	(-8.51428953769410e+00dB,-6.79621135224291e+01°)
8.12830516164131e+04	(-8.60034906572684e+00dB,-6.81905913946799e+01°)
8.22242649947103e+04	(-8.68668254909790e+00dB,-6.84171729095486e+01°)
8.31763771102703e+04	(-8.77328544221231e+00dB,-6.86418597505946e+01°)
8.41395141645228e+04	(-8.86015324202799e+00dB,-6.88646540554514e+01°)
8.51138038202410e+04	(-8.94728148899265e+00dB,-6.90855584035417e+01°)
8.60993752184634e+04	(-9.03466576791624e+00dB,-6.93045758038326e+01°)
8.70963589956115e+04	(-9.12230170878078e+00dB,-6.95217096826434e+01°)
8.81048873008049e+04	(-9.21018498748876e+00dB,-6.97369638715173e+01°)
8.91250938133780e+04	(-9.29831132655180e+00dB,-6.99503425951689e+01°)
9.01571137605992e+04	(-9.38667649572098e+00dB,-7.01618504595191e+01°)
9.12010839355946e+04	(-9.47527631256061e+00dB,-7.03714924398259e+01°)
9.22571427154799e+04	(-9.56410664296681e+00dB,-7.05792738689216e+01°)
9.33254300797028e+04	(-9.65316340163263e+00dB,-7.07852004255655e+01°)
9.44060876285961e+04	(-9.74244255246129e+00dB,-7.09892781229201e+01°)
9.54992586021474e+04	(-9.83194010892922e+00dB,-7.11915132971582e+01°)
9.66050878989852e+04	(-9.92165213440032e+00dB,-7.13919125962094e+01°)
9.77237220955849e+04	(-1.00115747423934e+01dB,-7.15904829686508e+01°)
9.88553094656978e+04	(-1.01017040968038e+01dB,-7.17872316527501e+01°)
1.00000000000004e+05	(-1.01920364120821e+01dB,-7.19821661656649e+01°)
1.01157945425994e+05	(-1.02825679533692e+01dB,-7.21752942928046e+01°)
1.02329299228080e+05	(-1.03732950365924e+01dB,-7.23666240773591e+01°)
1.03514216667939e+05	(-1.04642140285209e+01dB,-7.25561638099984e+01°)
1.04712854805094e+05	(-1.05553213467852e+01dB,-7.27439220187468e+01°)
1.05925372517733e+05	(-1.06466134598594e+01dB,-7.29299074590357e+01°)
1.07151930523765e+05	(-1.07380868870094e+01dB,-7.31141291039370e+01°)
1.08392691402125e+05	(-1.08297381982087e+01dB,-7.32965961345799e+01°)
1.09647819614323e+05	(-1.09215640140216e+01dB,-7.34773179307537e+01°)
1.10917481526245e+05	(-1.10135610054575e+01dB,-7.36563040616977e+01°)
1.12201845430201e+05	(-1.11057258937953e+01dB,-7.38335642770802e+01°)
1.13501081567236e+05	(-1.11980554503817e+01dB,-7.40091084981674e+01°)
1.14815362149693e+05	(-1.12905464964026e+01dB,-7.41829468091822e+01°)
1.16144861384039e+05	(-1.13831959026308e+01dB,-7.43550894488561e+01°)
1.17489755493958e+05	(-1.14760005891491e+01dB,-7.45255468021699e+01°)
1.18850222743707e+05	(-1.15689575250528e+01dB,-7.46943293922883e+01°)
1.20226443461746e+05	(-1.16620637281304e+01dB,-7.48614478726835e+01°)
1.21618600064642e+05	(-1.17553162645246e+01dB,-7.50269130194505e+01°)
1.23026877081243e+05	(-1.18487122483758e+01dB,-7.51907357238114e+01°)
1.24451461177144e+05	(-1.19422488414468e+01dB,-7.53529269848091e+01°)
1.25892541179422e+05	(-1.20359232527323e+01dB,-7.55134979021874e+01°)
1.27350308101671e+05	(-1.21297327380530e+01dB,-7.56724596694586e+01°)
1.28824955169319e+05	(-1.22236745996353e+01dB,-7.58298235671545e+01°)
1.30316677845235e+05	(-1.23177461856779e+01dB,-7.59856009562613e+01°)
1.31825673855646e+05	(-1.24119448899060e+01dB,-7.61398032718348e+01°)
1.33352143216338e+05	(-1.25062681511150e+01dB,-7.62924420167954e+01°)
1.34896288259171e+05	(-1.26007134527027e+01dB,-7.64435287558993e+01°)
1.36458313658898e+05	(-1.26952783221924e+01dB,-7.65930751098856e+01°)
1.38038426460294e+05	(-1.27899603307483e+01dB,-7.67410927497948e+01°)
1.39636836105600e+05	(-1.28847570926811e+01dB,-7.68875933914579e+01°)
1.41253754462281e+05	(-1.29796662649482e+01dB,-7.70325887901534e+01°)
1.42889395851116e+05	(-1.30746855466467e+01dB,-7.71760907354284e+01°)
1.44543977074599e+05	(-1.31698126785010e+01dB,-7.73181110460830e+01°)
1.46217717445678e+05	(-1.32650454423452e+01dB,-7.74586615653139e+01°)
1.47910838816827e+05	(-1.33603816606016e+01dB,-7.75977541560149e+01°)
1.49623565609450e+05	(-1.34558191957550e+01dB,-7.77354006962317e+01°)
1.51356124843627e+05	(-1.35513559498245e+01dB,-7.78716130747683e+01°)
1.53108746168210e+05	(-1.36469898638324e+01dB,-7.80064031869409e+01°)
1.54881661891255e+05	(-1.37427189172711e+01dB,-7.81397829304783e+01°)
1.56675107010822e+05	(-1.38385411275689e+01dB,-7.82717642015644e+01°)
1.58489319246118e+05	(-1.39344545495545e+01dB,-7.84023588910210e+01°)
1.60324539069011e+05	(-1.40304572749216e+01dB,-7.85315788806261e+01°)
1.62181009735900e+05	(-1.41265474316925e+01dB,-7.86594360395677e+01°)
1.64058977319961e+05	(-1.42227231836835e+01dB,-7.87859422210275e+01°)
1.65958690743763e+05	(-1.43189827299695e+01dB,-7.89111092588925e+01°)
1.67880401812263e+05	(-1.44153243043516e+01dB,-7.90349489645921e+01°)
1.69824365246182e+05	(-1.45117461748246e+01dB,-7.91574731240571e+01°)
1.71790838715766e+05	(-1.46082466430476e+01dB,-7.92786934947982e+01°)
1.73780082874945e+05	(-1.47048240438162e+01dB,-7.93986218031003e+01°)
1.75792361395877e+05	(-1.48014767445378e+01dB,-7.95172697413310e+01°)
1.77827941003900e+05	(-1.48982031447090e+01dB,-7.96346489653591e+01°)
1.79887091512887e+05	(-1.49950016753969e+01dB,-7.97507710920816e+01°)
1.81970085861006e+05	(-1.50918707987232e+01dB,-7.98656476970555e+01°)
1.84077200146904e+05	(-1.51888090073521e+01dB,-7.99792903122315e+01°)
1.86208713666295e+05	(-1.52858148239822e+01dB,-8.00917104237884e+01°)
1.88364908948988e+05	(-1.53828868008423e+01dB,-8.02029194700635e+01°)
1.90546071796333e+05	(-1.54800235191910e+01dB,-8.03129288395778e+01°)
1.92752491319102e+05	(-1.55772235888216e+01dB,-8.04217498691527e+01°)
1.94984459975813e+05	(-1.56744856475708e+01dB,-8.05293938421164e+01°)
1.97242273611494e+05	(-1.57718083608325e+01dB,-8.06358719865958e+01°)
1.99526231496897e+05	(-1.58691904210763e+01dB,-8.07411954738940e+01°)
2.01836636368165e+05	(-1.59666305473710e+01dB,-8.08453754169484e+01°)
2.04173794466962e+05	(-1.60641274849136e+01dB,-8.09484228688687e+01°)
2.06538015581062e+05	(-1.61616800045627e+01dB,-8.10503488215517e+01°)
2.08929613085413e+05	(-1.62592869023781e+01dB,-8.11511642043709e+01°)
2.11348903983674e+05	(-1.63569469991653e+01dB,-8.12508798829382e+01°)
2.13796208950233e+05	(-1.64546591400254e+01dB,-8.13495066579364e+01°)
2.16271852372712e+05	(-1.65524221939108e+01dB,-8.14470552640187e+01°)
2.18776162394965e+05	(-1.66502350531868e+01dB,-8.15435363687754e+01°)
2.21309470960574e+05	(-1.67480966331978e+01dB,-8.16389605717634e+01°)
2.23872113856844e+05	(-1.68460058718405e+01dB,-8.17333384035976e+01°)
2.26464430759316e+05	(-1.69439617291418e+01dB,-8.18266803251027e+01°)
2.29086765276788e+05	(-1.70419631868431e+01dB,-8.19189967265220e+01°)
2.31739464996858e+05	(-1.71400092479903e+01dB,-8.20102979267828e+01°)
2.34422881532003e+05	(-1.72380989365289e+01dB,-8.21005941728151e+01°)
2.37137370566176e+05	(-1.73362312969064e+01dB,-8.21898956389239e+01°)
2.39883291901960e+05	(-1.74344053936787e+01dB,-8.22782124262098e+01°)
2.42661009508252e+05	(-1.75326203111239e+01dB,-8.23655545620410e+01°)
2.45470891568514e+05	(-1.76308751528607e+01dB,-8.24519319995699e+01°)
2.48313310529568e+05	(-1.77291690414738e+01dB,-8.25373546172966e+01°)
2.51188643150969e+05	(-1.78275011181437e+01dB,-8.26218322186758e+01°)
2.54097270554942e+05	(-1.79258705422837e+01dB,-8.27053745317659e+01°)
2.57039578276898e+05	(-1.80242764911814e+01dB,-8.27879912089188e+01°)
2.60015956316539e+05	(-1.81227181596468e+01dB,-8.28696918265090e+01°)
2.63026799189550e+05	(-1.82211947596657e+01dB,-8.29504858847006e+01°)
2.66072505979893e+05	(-1.83197055200588e+01dB,-8.30303828072502e+01°)
2.69153480392704e+05	(-1.84182496861462e+01dB,-8.31093919413459e+01°)
2.72270130807804e+05	(-1.85168265194184e+01dB,-8.31875225574787e+01°)
2.75422870333829e+05	(-1.86154352972113e+01dB,-8.32647838493471e+01°)
2.78612116862990e+05	(-1.87140753123883e+01dB,-8.33411849337929e+01°)
2.81838293126458e+05	(-1.88127458730267e+01dB,-8.34167348507665e+01°)
2.85101826750404e+05	(-1.89114463021098e+01dB,-8.34914425633214e+01°)
2.88403150312674e+05	(-1.90101759372251e+01dB,-8.35653169576360e+01°)
2.91742701400130e+05	(-1.91089341302662e+01dB,-8.36383668430619e+01°)
2.95120922666652e+05	(-1.92077202471420e+01dB,-8.37106009521980e+01°)
2.98538261891810e+05	(-1.93065336674889e+01dB,-8.37820279409884e+01°)
3.01995172040216e+05	(-1.94053737843901e+01dB,-8.38526563888441e+01°)
3.05492111321565e+05	(-1.95042400040986e+01dB,-8.39224947987868e+01°)
3.09029543251373e+05	(-1.96031317457657e+01dB,-8.39915515976141e+01°)
3.12607936712410e+05	(-1.97020484411749e+01dB,-8.40598351360853e+01°)
3.16227766016853e+05	(-1.98009895344798e+01dB,-8.41273536891269e+01°)
3.19889510969155e+05	(-1.98999544819475e+01dB,-8.41941154560560e+01°)
3.23593656929643e+05	(-1.99989427517066e+01dB,-8.42601285608229e+01°)
3.27340694878854e+05	(-2.00979538234996e+01dB,-8.43254010522692e+01°)
3.31131121482607e+05	(-2.01969871884406e+01dB,-8.43899409044037e+01°)
3.34965439157843e+05	(-2.02960423487769e+01dB,-8.44537560166920e+01°)
3.38844156139218e+05	(-2.03951188176556e+01dB,-8.45168542143628e+01°)
3.42767786546466e+05	(-2.04942161188945e+01dB,-8.45792432487263e+01°)
3.46736850452548e+05	(-2.05933337867569e+01dB,-8.46409307975074e+01°)
3.50751873952585e+05	(-2.06924713657317e+01dB,-8.47019244651908e+01°)
3.54813389233592e+05	(-2.07916284103172e+01dB,-8.47622317833781e+01°)
3.58921934645022e+05	(-2.08908044848088e+01dB,-8.48218602111566e+01°)
3.63078054770118e+05	(-2.09899991630914e+01dB,-8.48808171354783e+01°)
3.67282300498102e+05	(-2.10892120284355e+01dB,-8.49391098715499e+01°)
3.71535229097190e+05	(-2.11884426732976e+01dB,-8.49967456632317e+01°)
3.75837404288462e+05	(-2.12876906991244e+01dB,-8.50537316834458e+01°)
3.80189396320579e+05	(-2.13869557161604e+01dB,-8.51100750345927e+01°)
3.84591782045372e+05	(-2.14862373432604e+01dB,-8.51657827489764e+01°)
3.89045144994299e+05	(-2.15855352077046e+01dB,-8.52208617892362e+01°)
3.93550075455796e+05	(-2.16848489450182e+01dB,-8.52753190487863e+01°)
3.98107170553516e+05	(-2.17841781987943e+01dB,-8.53291613522618e+01°)
4.02717034325478e+05	(-2.18835226205200e+01dB,-8.53823954559705e+01°)
4.07380277804132e+05	(-2.19828818694071e+01dB,-8.54350280483509e+01°)
4.12097519097350e+05	(-2.20822556122249e+01dB,-8.54870657504354e+01°)
4.16869383470355e+05	(-2.21816435231373e+01dB,-8.55385151163181e+01°)
4.21696503428603e+05	(-2.22810452835428e+01dB,-8.55893826336275e+01°)
4.26579518801613e+05	(-2.23804605819183e+01dB,-8.56396747240034e+01°)
4.31519076827786e+05	(-2.24798891136652e+01dB,-8.56893977435774e+01°)
4.36515832240187e+05	(-2.25793305809594e+01dB,-8.57385579834568e+01°)
4.41570447353334e+05	(-2.26787846926042e+01dB,-8.57871616702124e+01°)
4.46683592150985e+05	(-2.27782511638862e+01dB,-8.58352149663681e+01°)
4.51855944374944e+05	(-2.28777297164341e+01dB,-8.58827239708934e+01°)
4.57088189614897e+05	(-2.29772200780804e+01dB,-8.59296947196991e+01°)
4.62381021399283e+05	(-2.30767219827265e+01dB,-8.59761331861333e+01°)
4.67735141287221e+05	(-2.31762351702097e+01dB,-8.60220452814805e+01°)
4.73151258961504e+05	(-2.32757593861737e+01dB,-8.60674368554613e+01°)
4.78630092322662e+05	(-2.33752943819417e+01dB,-8.61123136967341e+01°)
4.84172367584123e+05	(-2.34748399143917e+01dB,-8.61566815333968e+01°)
4.89778819368470e+05	(-2.35743957458351e+01dB,-8.62005460334899e+01°)
4.95450190804815e+05	(-2.36739616438974e+01dB,-8.62439128055003e+01°)
5.01187233627297e+05	(-2.37735373814015e+01dB,-8.62867873988646e+01°)
5.06990708274729e+05	(-2.38731227362533e+01dB,-8.63291753044731e+01°)
5.12861383991390e+05	(-2.39727174913304e+01dB,-8.63710819551739e+01°)
5.18800038928987e+05	(-2.40723214343722e+01dB,-8.64125127262760e+01°)
5.24807460249798e+05	(-2.41719343578732e+01dB,-8.64534729360528e+01°)
5.30884444231015e+05	(-2.42715560589779e+01dB,-8.64939678462443e+01°)
5.37031796370279e+05	(-2.43711863393783e+01dB,-8.65340026625591e+01°)
5.43250331492460e+05	(-2.44708250052136e+01dB,-8.65735825351748e+01°)
5.49540873857652e+05	(-2.45704718669719e+01dB,-8.66127125592381e+01°)
5.55904257270431e+05	(-2.46701267393940e+01dB,-8.66513977753633e+01°)
5.62341325190377e+05	(-2.47697894413793e+01dB,-8.66896431701293e+01°)
5.68852930843870e+05	(-2.48694597958941e+01dB,-8.67274536765754e+01°)
5.75439937337186e+05	(-2.49691376298810e+01dB,-8.67648341746953e+01°)
5.82103217770901e+05	(-2.50688227741710e+01dB,-8.68017894919298e+01°)
5.88843655355618e+05	(-2.51685150633974e+01dB,-8.68383244036571e+01°)
5.95662143529040e+05	(-2.52682143359111e+01dB,-8.68744436336816e+01°)
6.02559586074388e+05	(-2.53679204336986e+01dB,-8.69101518547207e+01°)
6.09536897240200e+05	(-2.54676332023005e+01dB,-8.69454536888891e+01°)
6.16595001861513e+05	(-2.55673524907330e+01dB,-8.69803537081810e+01°)
6.23734835482451e+05	(-2.56670781514104e+01dB,-8.70148564349506e+01°)
6.30957344480225e+05	(-2.57668100400697e+01dB,-8.70489663423896e+01°)
6.38263486190581e+05	(-2.58665480156962e+01dB,-8.70826878550021e+01°)
6.45654229034688e+05	(-2.59662919404516e+01dB,-8.71160253490777e+01°)
6.53130552647505e+05	(-2.60660416796030e+01dB,-8.71489831531617e+01°)
6.60693448007630e+05	(-2.61657971014534e+01dB,-8.71815655485219e+01°)
6.68343917568649e+05	(-2.62655580772744e+01dB,-8.72137767696143e+01°)
6.76082975392016e+05	(-2.63653244812398e+01dB,-8.72456210045444e+01°)
6.83911647281464e+05	(-2.64650961903608e+01dB,-8.72771023955266e+01°)
6.91830970918972e+05	(-2.65648730844222e+01dB,-8.73082250393407e+01°)
6.99841996002309e+05	(-2.66646550459213e+01dB,-8.73389929877850e+01°)
7.07945784384174e+05	(-2.67644419600063e+01dB,-8.73694102481271e+01°)
7.16143410212939e+05	(-2.68642337144177e+01dB,-8.73994807835507e+01°)
7.24435960075027e+05	(-2.69640301994298e+01dB,-8.74292085136009e+01°)
7.32824533138942e+05	(-2.70638313077945e+01dB,-8.74585973146248e+01°)
7.41310241300956e+05	(-2.71636369346852e+01dB,-8.74876510202103e+01°)
7.49894209332495e+05	(-2.72634469776431e+01dB,-8.75163734216206e+01°)
7.58577575029223e+05	(-2.73632613365238e+01dB,-8.75447682682267e+01°)
7.67361489361859e+05	(-2.74630799134455e+01dB,-8.75728392679360e+01°)
7.76247116628732e+05	(-2.75629026127384e+01dB,-8.76005900876176e+01°)
7.85235634610112e+05	(-2.76627293408947e+01dB,-8.76280243535252e+01°)
7.94328234724323e+05	(-2.77625600065207e+01dB,-8.76551456517157e+01°)
8.03526122185659e+05	(-2.78623945202887e+01dB,-8.76819575284651e+01°)
8.12830516164141e+05	(-2.79622327948908e+01dB,-8.77084634906813e+01°)
8.22242649947114e+05	(-2.80620747449938e+01dB,-8.77346670063134e+01°)
8.31763771102714e+05	(-2.81619202871946e+01dB,-8.77605715047573e+01°)
8.41395141645239e+05	(-2.82617693399768e+01dB,-8.77861803772589e+01°)
8.51138038202421e+05	(-2.83616218236683e+01dB,-8.78114969773130e+01°)
8.60993752184646e+05	(-2.84614776604000e+01dB,-8.78365246210596e+01°)
8.70963589956126e+05	(-2.85613367740647e+01dB,-8.78612665876768e+01°)
8.81048873008060e+05	(-2.86611990902783e+01dB,-8.78857261197699e+01°)
8.91250938133792e+05	(-2.87610645363404e+01dB,-8.79099064237577e+01°)
9.01571137606004e+05	(-2.88609330411963e+01dB,-8.79338106702551e+01°)
9.12010839355958e+05	(-2.89608045354006e+01dB,-8.79574419944527e+01°)
9.22571427154812e+05	(-2.90606789510802e+01dB,-8.79808034964929e+01°)
9.33254300797040e+05	(-2.91605562218994e+01dB,-8.80038982418426e+01°)
9.44060876285973e+05	(-2.92604362830250e+01dB,-8.80267292616628e+01°)
9.54992586021486e+05	(-2.93603190710925e+01dB,-8.80492995531748e+01°)
9.66050878989865e+05	(-2.94602045241730e+01dB,-8.80716120800231e+01°)
9.77237220955863e+05	(-2.95600925817407e+01dB,-8.80936697726350e+01°)
9.88553094656991e+05	(-2.96599831846417e+01dB,-8.81154755285767e+01°)
1.00000000000000e+06	(-2.97598762750618e+01dB,-8.81370322129065e+01°)
Step Information: N=6  (Step: 6/10)
1.00000000000000e+02	(-3.40570058833057e-05dB,-1.60447673851389e-01°)
1.01157945425990e+02	(-3.48502922757150e-05dB,-1.62305560469552e-01°)
1.02329299228075e+02	(-3.56620565322321e-05dB,-1.64184960053547e-01°)
1.03514216667934e+02	(-3.64927290488374e-05dB,-1.66086121699573e-01°)
1.04712854805090e+02	(-3.73427502498822e-05dB,-1.68009297387799e-01°)
1.05925372517729e+02	(-3.82125708166495e-05dB,-1.69954742015743e-01°)
1.07151930523761e+02	(-3.91026519265236e-05dB,-1.71922713432038e-01°)
1.08392691402120e+02	(-4.00134654998751e-05dB,-1.73913472470586e-01°)
1.09647819614319e+02	(-4.09454944517679e-05dB,-1.75927282985113e-01°)
1.10917481526240e+02	(-4.18992329369170e-05dB,-1.77964411884116e-01°)
1.12201845430196e+02	(-4.28751866274350e-05dB,-1.80025129166219e-01°)
1.13501081567232e+02	(-4.38738729741845e-05dB,-1.82109707955937e-01°)
1.14815362149688e+02	(-4.48958214777758e-05dB,-1.84218424539853e-01°)
1.16144861384034e+02	(-4.59415739682447e-05dB,-1.86351558403213e-01°)
1.17489755493953e+02	(-4.70116849040169e-05dB,-1.88509392266941e-01°)
1.18850222743702e+02	(-4.81067216525522e-05dB,-1.90692212125091e-01°)
1.20226443461741e+02	(-4.92272647989554e-05dB,-1.92900307282722e-01°)
1.21618600064637e+02	(-5.03739084468725e-05dB,-1.95133970394216e-01°)
1.23026877081238e+02	(-5.15472605444627e-05dB,-1.97393497502036e-01°)
1.24451461177139e+02	(-5.27479431949406e-05dB,-1.99679188075936e-01°)
1.25892541179417e+02	(-5.39765929921936e-05dB,-2.01991345052623e-01°)
1.27350308101666e+02	(-5.52338613612219e-05dB,-2.04330274875872e-01°)
1.28824955169314e+02	(-5.65204148976153e-05dB,-2.06696287537111e-01°)
1.30316677845230e+02	(-5.78369357186044e-05dB,-2.09089696616475e-01°)
1.31825673855641e+02	(-5.91841218372570e-05dB,-2.11510819324327e-01°)
1.33352143216333e+02	(-6.05626875173889e-05dB,-2.13959976543270e-01°)
1.34896288259166e+02	(-6.19733636651225e-05dB,-2.16437492870634e-01°)
1.36458313658893e+02	(-6.34168982069453e-05dB,-2.18943696661460e-01°)
1.38038426460289e+02	(-6.48940564918797e-05dB,-2.21478920071980e-01°)
1.39636836105594e+02	(-6.64056216926897e-05dB,-2.24043499103596e-01°)
1.41253754462276e+02	(-6.79523952234838e-05dB,-2.26637773647369e-01°)
1.42889395851111e+02	(-6.95351971717857e-05dB,-2.29262087529024e-01°)
1.44543977074593e+02	(-7.11548667122836e-05dB,-2.31916788554474e-01°)
1.46217717445672e+02	(-7.28122625813366e-05dB,-2.34602228555865e-01°)
1.47910838816821e+02	(-7.45082635023017e-05dB,-2.37318763438158e-01°)
1.49623565609444e+02	(-7.62437686754737e-05dB,-2.40066753226252e-01°)
1.51356124843621e+02	(-7.80196982381347e-05dB,-2.42846562112637e-01°)
1.53108746168203e+02	(-7.98369937622143e-05dB,-2.45658558505617e-01°)
1.54881661891249e+02	(-8.16966187519539e-05dB,-2.48503115078075e-01°)
1.56675107010815e+02	(-8.35995591454310e-05dB,-2.51380608816803e-01°)
1.58489319246112e+02	(-8.55468238517675e-05dB,-2.54291421072411e-01°)
1.60324539069005e+02	(-8.75394452786983e-05dB,-2.57235937609800e-01°)
1.62181009735893e+02	(-8.95784798736442e-05dB,-2.60214548659225e-01°)
1.64058977319954e+02	(-9.16650086927545e-05dB,-2.63227648967944e-01°)
1.65958690743757e+02	(-9.38001379747754e-05dB,-2.66275637852468e-01°)
1.67880401812257e+02	(-9.59849997207088e-05dB,-2.69358919251405e-01°)
1.69824365246175e+02	(-9.82207522975834e-05dB,-2.72477901778925e-01°)
1.71790838715759e+02	(-1.00508581046089e-04dB,-2.75632998778833e-01°)
1.73780082874938e+02	(-1.02849698927752e-04dB,-2.78824628379267e-01°)
1.75792361395870e+02	(-1.05245347143189e-04dB,-2.82053213548035e-01°)
1.77827941003893e+02	(-1.07696795807255e-04dB,-2.85319182148578e-01°)
1.79887091512879e+02	(-1.10205344612634e-04dB,-2.88622966996591e-01°)
1.81970085860999e+02	(-1.12772323524289e-04dB,-2.91965005917286e-01°)
1.84077200146896e+02	(-1.15399093486454e-04dB,-2.95345741803323e-01°)
1.86208713666287e+02	(-1.18087047138315e-04dB,-2.98765622673405e-01°)
1.88364908948981e+02	(-1.20837609549946e-04dB,-3.02225101731552e-01°)
1.90546071796325e+02	(-1.23652238986219e-04dB,-3.05724637427054e-01°)
1.92752491319094e+02	(-1.26532427677473e-04dB,-3.09264693515122e-01°)
1.94984459975805e+02	(-1.29479702604651e-04dB,-3.12845739118226e-01°)
1.97242273611486e+02	(-1.32495626312420e-04dB,-3.16468248788155e-01°)
1.99526231496889e+02	(-1.35581797736757e-04dB,-3.20132702568782e-01°)
2.01836636368157e+02	(-1.38739853061474e-04dB,-3.23839586059553e-01°)
2.04173794466954e+02	(-1.41971466568008e-04dB,-3.27589390479715e-01°)
2.06538015581054e+02	(-1.45278351532469e-04dB,-3.31382612733272e-01°)
2.08929613085405e+02	(-1.48662261135234e-04dB,-3.35219755474702e-01°)
2.11348903983666e+02	(-1.52124989389843e-04dB,-3.39101327175418e-01°)
2.13796208950224e+02	(-1.55668372088296e-04dB,-3.43027842191009e-01°)
2.16271852372703e+02	(-1.59294287780115e-04dB,-3.46999820829239e-01°)
2.18776162394956e+02	(-1.63004658764920e-04dB,-3.51017789418843e-01°)
2.21309470960565e+02	(-1.66801452109123e-04dB,-3.55082280379109e-01°)
2.23872113856835e+02	(-1.70686680696396e-04dB,-3.59193832290256e-01°)
2.26464430759307e+02	(-1.74662404286823e-04dB,-3.63352989964634e-01°)
2.29086765276778e+02	(-1.78730730604999e-04dB,-3.67560304518728e-01°)
2.31739464996849e+02	(-1.82893816474438e-04dB,-3.71816333446008e-01°)
2.34422881531993e+02	(-1.87153868936566e-04dB,-3.76121640690600e-01°)
2.37137370566167e+02	(-1.91513146443980e-04dB,-3.80476796721817e-01°)
2.39883291901950e+02	(-1.95973960039265e-04dB,-3.84882378609538e-01°)
2.42661009508243e+02	(-2.00538674587836e-04dB,-3.89338970100461e-01°)
2.45470891568504e+02	(-2.05209710028150e-04dB,-3.93847161695229e-01°)
2.48313310529558e+02	(-2.09989542663409e-04dB,-3.98407550726442e-01°)
2.51188643150959e+02	(-2.14880706454253e-04dB,-4.03020741437565e-01°)
2.54097270554932e+02	(-2.19885794384756e-04dB,-4.07687345062748e-01°)
2.57039578276888e+02	(-2.25007459818814e-04dB,-4.12407979907557e-01°)
2.60015956316529e+02	(-2.30248417914410e-04dB,-4.17183271430632e-01°)
2.63026799189540e+02	(-2.35611447058158e-04dB,-4.22013852326289e-01°)
2.66072505979882e+02	(-2.41099390341342e-04dB,-4.26900362608064e-01°)
2.69153480392693e+02	(-2.46715157065881e-04dB,-4.31843449693219e-01°)
2.72270130807793e+02	(-2.52461724285997e-04dB,-4.36843768488217e-01°)
2.75422870333818e+02	(-2.58342138379817e-04dB,-4.41901981475179e-01°)
2.78612116862979e+02	(-2.64359516669220e-04dB,-4.47018758799331e-01°)
2.81838293126447e+02	(-2.70517049077330e-04dB,-4.52194778357454e-01°)
2.85101826750393e+02	(-2.76817999799544e-04dB,-4.57430725887352e-01°)
2.88403150312662e+02	(-2.83265709055606e-04dB,-4.62727295058340e-01°)
2.91742701400119e+02	(-2.89863594845572e-04dB,-4.68085187562771e-01°)
2.95120922666640e+02	(-2.96615154759827e-04dB,-4.73505113208618e-01°)
2.98538261891798e+02	(-3.03523967842177e-04dB,-4.78987790013103e-01°)
3.01995172040204e+02	(-3.10593696477101e-04dB,-4.84533944297415e-01°)
3.05492111321553e+02	(-3.17828088332015e-04dB,-4.90144310782498e-01°)
3.09029543251361e+02	(-3.25230978344908e-04dB,-4.95819632685944e-01°)
3.12607936712398e+02	(-3.32806290758325e-04dB,-5.01560661819992e-01°)
3.16227766016840e+02	(-3.40558041183293e-04dB,-5.07368158690650e-01°)
3.19889510969142e+02	(-3.48490338746242e-04dB,-5.13242892597947e-01°)
3.23593656929630e+02	(-3.56607388260089e-04dB,-5.19185641737333e-01°)
3.27340694878840e+02	(-3.64913492438790e-04dB,-5.25197193302243e-01°)
3.31131121482593e+02	(-3.73413054193916e-04dB,-5.31278343587825e-01°)
3.34965439157830e+02	(-3.82110578955414e-04dB,-5.37429898095855e-01°)
3.38844156139205e+02	(-3.91010677060906e-04dB,-5.43652671640857e-01°)
3.42767786546453e+02	(-4.00118066200995e-04dB,-5.49947488457426e-01°)
3.46736850452534e+02	(-4.09437573915762e-04dB,-5.56315182308777e-01°)
3.50751873952571e+02	(-4.18974140149204e-04dB,-5.62756596596541e-01°)
3.54813389233578e+02	(-4.28732819869337e-04dB,-5.69272584471799e-01°)
3.58921934645008e+02	(-4.38718785738536e-04dB,-5.75864008947395e-01°)
3.63078054770104e+02	(-4.48937330865935e-04dB,-5.82531743011519e-01°)
3.67282300498087e+02	(-4.59393871595613e-04dB,-5.89276669742594e-01°)
3.71535229097175e+02	(-4.70093950385529e-04dB,-5.96099682425460e-01°)
3.75837404288447e+02	(-4.81043238734787e-04dB,-6.03001684668888e-01°)
3.80189396320564e+02	(-4.92247540197804e-04dB,-6.09983590524433e-01°)
3.84591782045357e+02	(-5.03712793444884e-04dB,-6.17046324606627e-01°)
3.89045144994284e+02	(-5.15445075415505e-04dB,-6.24190822214555e-01°)
3.93550075455781e+02	(-5.27450604527656e-04dB,-6.31418029454800e-01°)
3.98107170553500e+02	(-5.39735743979897e-04dB,-6.38728903365787e-01°)
4.02717034325462e+02	(-5.52307005115285e-04dB,-6.46124412043544e-01°)
4.07380277804116e+02	(-5.65171050868371e-04dB,-6.53605534768886e-01°)
4.12097519097334e+02	(-5.78334699297236e-04dB,-6.61173262136039e-01°)
4.16869383470339e+02	(-5.91804927181252e-04dB,-6.68828596182730e-01°)
4.21696503428586e+02	(-6.05588873727033e-04dB,-6.76572550521742e-01°)
4.26579518801596e+02	(-6.19693844346891e-04dB,-6.84406150473970e-01°)
4.31519076827769e+02	(-6.34127314513664e-04dB,-6.92330433202968e-01°)
4.36515832240170e+02	(-6.48896933734363e-04dB,-7.00346447851037e-01°)
4.41570447353316e+02	(-6.64010529581881e-04dB,-7.08455255676834e-01°)
4.46683592150967e+02	(-6.79476111854222e-04dB,-7.16657930194547e-01°)
4.51855944374926e+02	(-6.95301876803387e-04dB,-7.24955557314641e-01°)
4.57088189614879e+02	(-7.11496211471542e-04dB,-7.33349235486187e-01°)
4.62381021399264e+02	(-7.28067698140274e-04dB,-7.41840075840803e-01°)
4.67735141287202e+02	(-7.45025118861100e-04dB,-7.50429202338216e-01°)
4.73151258961485e+02	(-7.62377460110667e-04dB,-7.59117751913459e-01°)
4.78630092322643e+02	(-7.80133917534953e-04dB,-7.67906874625734e-01°)
4.84172367584104e+02	(-7.98303900833601e-04dB,-7.76797733808944e-01°)
4.89778819368451e+02	(-8.16897038714001e-04dB,-7.85791506223918e-01°)
4.95450190804795e+02	(-8.35923184010613e-04dB,-7.94889382212352e-01°)
5.01187233627277e+02	(-8.55392418875025e-04dB,-8.04092565852467e-01°)
5.06990708274709e+02	(-8.75315060125500e-04dB,-8.13402275116428e-01°)
5.12861383991370e+02	(-8.95701664694296e-04dB,-8.22819742029518e-01°)
5.18800038928966e+02	(-9.16563035215220e-04dB,-8.32346212831096e-01°)
5.24807460249778e+02	(-9.37910225745640e-04dB,-8.41982948137360e-01°)
5.30884444230993e+02	(-9.59754547598870e-04dB,-8.51731223105930e-01°)
5.37031796370258e+02	(-9.82107575326488e-04dB,-8.61592327602270e-01°)
5.43250331492438e+02	(-1.00498115285928e-03dB,-8.71567566367964e-01°)
5.49540873857630e+02	(-1.02838739974129e-03dB,-8.81658259190878e-01°)
5.55904257270409e+02	(-1.05233871756588e-03dB,-8.91865741077210e-01°)
5.62341325190355e+02	(-1.07684779650597e-03dB,-9.02191362425461e-01°)
5.68852930843847e+02	(-1.10192762205210e-03dB,-9.12636489202341e-01°)
5.75439937337163e+02	(-1.12759148184858e-03dB,-9.23202503120628e-01°)
5.82103217770877e+02	(-1.15385297273851e-03dB,-9.33890801819005e-01°)
5.88843655355595e+02	(-1.18072600793963e-03dB,-9.44702799043887e-01°)
5.95662143529017e+02	(-1.20822482440614e-03dB,-9.55639924833271e-01°)
6.02559586074364e+02	(-1.23636399034342e-03dB,-9.66703625702612e-01°)
6.09536897240176e+02	(-1.26515841291659e-03dB,-9.77895364832759e-01°)
6.16595001861489e+02	(-1.29462334612073e-03dB,-9.89216622259967e-01°)
6.23734835482426e+02	(-1.32477439884009e-03dB,-1.00066889506800e+00°)
6.30957344480200e+02	(-1.35562754310681e-03dB,-1.01225369758238e+00°)
6.38263486190556e+02	(-1.38719912252154e-03dB,-1.02397256156669e+00°)
6.45654229034662e+02	(-1.41950586089884e-03dB,-1.03582703642116e+00°)
6.53130552647479e+02	(-1.45256487109482e-03dB,-1.04781868938333e+00°)
6.60693448007603e+02	(-1.48639366405277e-03dB,-1.05994910573096e+00°)
6.68343917568622e+02	(-1.52101015804479e-03dB,-1.07221988898715e+00°)
6.76082975391989e+02	(-1.55643268813149e-03dB,-1.08463266112770e+00°)
6.83911647281437e+02	(-1.59268001584849e-03dB,-1.09718906279075e+00°)
6.91830970918944e+02	(-1.62977133911226e-03dB,-1.10989075348867e+00°)
6.99841996002281e+02	(-1.66772630234896e-03dB,-1.12273941182232e+00°)
7.07945784384146e+02	(-1.70656500686775e-03dB,-1.13573673569756e+00°)
7.16143410212910e+02	(-1.74630802147273e-03dB,-1.14888444254418e+00°)
7.24435960074998e+02	(-1.78697639331366e-03dB,-1.16218426953715e+00°)
7.32824533138912e+02	(-1.82859165899187e-03dB,-1.17563797382030e+00°)
7.41310241300926e+02	(-1.87117585592725e-03dB,-1.18924733273241e+00°)
7.49894209332465e+02	(-1.91475153397868e-03dB,-1.20301414403568e+00°)
7.58577575029193e+02	(-1.95934176734978e-03dB,-1.21694022614680e+00°)
7.67361489361828e+02	(-2.00497016674732e-03dB,-1.23102741837030e+00°)
7.76247116628701e+02	(-2.05166089183864e-03dB,-1.24527758113460e+00°)
7.85235634610081e+02	(-2.09943866398886e-03dB,-1.25969259623047e+00°)
7.94328234724291e+02	(-2.14832877930510e-03dB,-1.27427436705204e+00°)
8.03526122185627e+02	(-2.19835712195000e-03dB,-1.28902481884045e+00°)
8.12830516164109e+02	(-2.24955017781071e-03dB,-1.30394589893001e+00°)
8.22242649947081e+02	(-2.30193504844128e-03dB,-1.31903957699704e+00°)
8.31763771102681e+02	(-2.35553946534815e-03dB,-1.33430784531128e+00°)
8.41395141645205e+02	(-2.41039180460623e-03dB,-1.34975271899002e+00°)
8.51138038202387e+02	(-2.46652110179523e-03dB,-1.36537623625488e+00°)
8.60993752184611e+02	(-2.52395706730919e-03dB,-1.38118045869128e+00°)
8.70963589956091e+02	(-2.58273010199231e-03dB,-1.39716747151065e+00°)
8.81048873008025e+02	(-2.64287131314745e-03dB,-1.41333938381538e+00°)
8.91250938133757e+02	(-2.70441253092026e-03dB,-1.42969832886653e+00°)
9.01571137605968e+02	(-2.76738632504865e-03dB,-1.44624646435434e+00°)
9.12010839355921e+02	(-2.83182602200272e-03dB,-1.46298597267155e+00°)
9.22571427154775e+02	(-2.89776572252791e-03dB,-1.47991906118951e+00°)
9.33254300797003e+02	(-2.96524031957517e-03dB,-1.49704796253720e+00°)
9.44060876285936e+02	(-3.03428551667141e-03dB,-1.51437493488310e+00°)
9.54992586021448e+02	(-3.10493784668018e-03dB,-1.53190226221991e+00°)
9.66050878989826e+02	(-3.17723469102235e-03dB,-1.54963225465226e+00°)
9.77237220955823e+02	(-3.25121429932325e-03dB,-1.56756724868728e+00°)
9.88553094656952e+02	(-3.32691580951725e-03dB,-1.58570960752820e+00°)
1.00000000000001e+03	(-3.40437926841886e-03dB,-1.60406172137083e+00°)
1.01157945425991e+03	(-3.48364565276047e-03dB,-1.62262600770313e+00°)
1.02329299228077e+03	(-3.56475689071638e-03dB,-1.64140491160770e+00°)
1.03514216667936e+03	(-3.64775588392302e-03dB,-1.66040090606740e+00°)
1.04712854805091e+03	(-3.73268653000529e-03dB,-1.67961649227394e+00°)
1.05925372517730e+03	(-3.81959374562087e-03dB,-1.69905419993954e+00°)
1.07151930523762e+03	(-3.90852349002775e-03dB,-1.71871658761178e+00°)
1.08392691402122e+03	(-3.99952278920603e-03dB,-1.73860624299137e+00°)
1.09647819614320e+03	(-4.09263976052097e-03dB,-1.75872578325327e+00°)
1.10917481526242e+03	(-4.18792363795749e-03dB,-1.77907785537070e+00°)
1.12201845430198e+03	(-4.28542479793231e-03dB,-1.79966513644253e+00°)
1.13501081567233e+03	(-4.38519478570347e-03dB,-1.82049033402369e+00°)
1.14815362149690e+03	(-4.48728634237944e-03dB,-1.84155618645881e+00°)
1.16144861384036e+03	(-4.59175343254101e-03dB,-1.86286546321909e+00°)
1.17489755493955e+03	(-4.69865127251192e-03dB,-1.88442096524232e+00°)
1.18850222743704e+03	(-4.80803635926729e-03dB,-1.90622552527620e+00°)
1.20226443461743e+03	(-4.91996650000337e-03dB,-1.92828200822483e+00°)
1.21618600064639e+03	(-5.03450084238760e-03dB,-1.95059331149849e+00°)
1.23026877081240e+03	(-5.15169990549424e-03dB,-1.97316236536667e+00°)
1.24451461177140e+03	(-5.27162561145619e-03dB,-1.99599213331441e+00°)
1.25892541179419e+03	(-5.39434131783727e-03dB,-2.01908561240183e+00°)
1.27350308101668e+03	(-5.51991185072971e-03dB,-2.04244583362705e+00°)
1.28824955169315e+03	(-5.64840353864286e-03dB,-2.06607586229234e+00°)
1.30316677845232e+03	(-5.77988424711455e-03dB,-2.08997879837365e+00°)
1.31825673855643e+03	(-5.91442341416535e-03dB,-2.11415777689335e+00°)
1.33352143216334e+03	(-6.05209208651546e-03dB,-2.13861596829636e+00°)
1.34896288259167e+03	(-6.19296295666449e-03dB,-2.16335657882961e+00°)
1.36458313658895e+03	(-6.33711040077694e-03dB,-2.18838285092473e+00°)
1.38038426460291e+03	(-6.48461051747470e-03dB,-2.21369806358419e+00°)
1.39636836105596e+03	(-6.63554116747089e-03dB,-2.23930553277067e+00°)
1.41253754462278e+03	(-6.78998201412887e-03dB,-2.26520861179978e+00°)
1.42889395851112e+03	(-6.94801456493992e-03dB,-2.29141069173612e+00°)
1.44543977074595e+03	(-7.10972221393390e-03dB,-2.31791520179261e+00°)
1.46217717445674e+03	(-7.27519028506081e-03dB,-2.34472560973321e+00°)
1.47910838816823e+03	(-7.44450607655693e-03dB,-2.37184542227884e+00°)
1.49623565609446e+03	(-7.61775890630819e-03dB,-2.39927818551669e+00°)
1.51356124843623e+03	(-7.79504015824695e-03dB,-2.42702748531276e+00°)
1.53108746168205e+03	(-7.97644332981037e-03dB,-2.45509694772768e+00°)
1.54881661891251e+03	(-8.16206408043769e-03dB,-2.48349023943578e+00°)
1.56675107010817e+03	(-8.35200028121787e-03dB,-2.51221106814747e+00°)
1.58489319246114e+03	(-8.54635206559835e-03dB,-2.54126318303473e+00°)
1.60324539069007e+03	(-8.74522188129258e-03dB,-2.57065037515990e+00°)
1.62181009735896e+03	(-8.94871454331753e-03dB,-2.60037647790762e+00°)
1.64058977319957e+03	(-9.15693728825268e-03dB,-2.63044536741992e+00°)
1.65958690743759e+03	(-9.36999982971159e-03dB,-2.66086096303441e+00°)
1.67880401812259e+03	(-9.58801441506278e-03dB,-2.69162722772569e+00°)
1.69824365246177e+03	(-9.81109588341821e-03dB,-2.72274816854965e+00°)
1.71790838715762e+03	(-1.00393617249408e-02dB,-2.75422783709100e+00°)
1.73780082874940e+03	(-1.02729321414785e-02dB,-2.78607032991360e+00°)
1.75792361395872e+03	(-1.05119301085386e-02dB,-2.81827978901394e+00°)
1.77827941003895e+03	(-1.07564814386859e-02dB,-2.85086040227739e+00°)
1.79887091512882e+03	(-1.10067148463221e-02dB,-2.88381640393737e+00°)
1.81970085861001e+03	(-1.12627620139553e-02dB,-2.91715207503735e+00°)
1.84077200146899e+03	(-1.15247576599051e-02dB,-2.95087174389563e+00°)
1.86208713666290e+03	(-1.17928396075589e-02dB,-2.98497978657274e+00°)
1.88364908948983e+03	(-1.20671488561441e-02dB,-3.01948062734161e+00°)
1.90546071796328e+03	(-1.23478296531000e-02dB,-3.05437873916026e+00°)
1.92752491319097e+03	(-1.26350295680385e-02dB,-3.08967864414697e+00°)
1.94984459975808e+03	(-1.29288995683587e-02dB,-3.12538491405799e+00°)
1.97242273611489e+03	(-1.32295940965477e-02dB,-3.16150217076757e+00°)
1.99526231496891e+03	(-1.35372711491829e-02dB,-3.19803508675025e+00°)
2.01836636368160e+03	(-1.38520923576861e-02dB,-3.23498838556540e+00°)
2.04173794466956e+03	(-1.41742230708748e-02dB,-3.27236684234389e+00°)
2.06538015581057e+03	(-1.45038324393235e-02dB,-3.31017528427672e+00°)
2.08929613085408e+03	(-1.48410935015944e-02dB,-3.34841859110562e+00°)
2.11348903983668e+03	(-1.51861832723664e-02dB,-3.38710169561545e+00°)
2.13796208950227e+03	(-1.55392828325055e-02dB,-3.42622958412832e+00°)
2.16271852372706e+03	(-1.59005774211088e-02dB,-3.46580729699928e+00°)
2.18776162394959e+03	(-1.62702565295801e-02dB,-3.50583992911351e+00°)
2.21309470960568e+03	(-1.66485139977439e-02dB,-3.54633263038482e+00°)
2.23872113856838e+03	(-1.70355481120997e-02dB,-3.58729060625541e+00°)
2.26464430759310e+03	(-1.74315617061783e-02dB,-3.62871911819661e+00°)
2.29086765276781e+03	(-1.78367622631260e-02dB,-3.67062348421067e+00°)
2.31739464996852e+03	(-1.82513620204955e-02dB,-3.71300907933319e+00°)
2.34422881531996e+03	(-1.86755780773322e-02dB,-3.75588133613625e+00°)
2.37137370566170e+03	(-1.91096325035762e-02dB,-3.79924574523196e+00°)
2.39883291901953e+03	(-1.95537524518347e-02dB,-3.84310785577621e+00°)
2.42661009508246e+03	(-2.00081702715696e-02dB,-3.88747327597264e+00°)
2.45470891568508e+03	(-2.04731236257652e-02dB,-3.93234767357632e+00°)
2.48313310529562e+03	(-2.09488556100830e-02dB,-3.97773677639730e+00°)
2.51188643150963e+03	(-2.14356148746080e-02dB,-4.02364637280349e+00°)
2.54097270554935e+03	(-2.19336557481827e-02dB,-4.07008231222290e+00°)
2.57039578276891e+03	(-2.24432383654188e-02dB,-4.11705050564488e+00°)
2.60015956316532e+03	(-2.29646287964156e-02dB,-4.16455692612015e+00°)
2.63026799189543e+03	(-2.34980991792577e-02dB,-4.21260760925936e+00°)
2.66072505979886e+03	(-2.40439278553091e-02dB,-4.26120865373005e+00°)
2.69153480392697e+03	(-2.46023995074058e-02dB,-4.31036622175149e+00°)
2.72270130807796e+03	(-2.51738053009506e-02dB,-4.36008653958734e+00°)
2.75422870333822e+03	(-2.57584430280108e-02dB,-4.41037589803580e+00°)
2.78612116862982e+03	(-2.63566172544404e-02dB,-4.46124065291685e+00°)
2.81838293126451e+03	(-2.69686394700917e-02dB,-4.51268722555635e+00°)
2.85101826750396e+03	(-2.75948282421948e-02dB,-4.56472210326667e+00°)
2.88403150312666e+03	(-2.82355093719192e-02dB,-4.61735183982350e+00°)
2.91742701400122e+03	(-2.88910160542320e-02dB,-4.67058305593843e+00°)
2.95120922666644e+03	(-2.95616890410440e-02dB,-4.72442243972708e+00°)
2.98538261891802e+03	(-3.02478768077673e-02dB,-4.77887674717218e+00°)
3.01995172040208e+03	(-3.09499357233079e-02dB,-4.83395280258146e+00°)
3.05492111321557e+03	(-3.16682302235527e-02dB,-4.88965749903974e+00°)
3.09029543251365e+03	(-3.24031329884318e-02dB,-4.94599779885485e+00°)
3.12607936712402e+03	(-3.31550251226087e-02dB,-5.00298073399703e+00°)
3.16227766016844e+03	(-3.39242963398431e-02dB,-5.06061340653119e+00°)
3.19889510969146e+03	(-3.47113451511133e-02dB,-5.11890298904172e+00°)
3.23593656929635e+03	(-3.55165790565587e-02dB,-5.17785672504924e+00°)
3.27340694878845e+03	(-3.63404147412826e-02dB,-5.23748192941881e+00°)
3.31131121482598e+03	(-3.71832782750955e-02dB,-5.29778598875914e+00°)
3.34965439157834e+03	(-3.80456053162779e-02dB,-5.35877636181216e+00°)
3.38844156139209e+03	(-3.89278413194002e-02dB,-5.42046057983239e+00°)
3.42767786546457e+03	(-3.98304417472441e-02dB,-5.48284624695565e+00°)
3.46736850452539e+03	(-4.07538722869850e-02dB,-5.54594104055632e+00°)
3.50751873952575e+03	(-4.16986090705651e-02dB,-5.60975271159266e+00°)
3.54813389233583e+03	(-4.26651388994281e-02dB,-5.67428908493946e+00°)
3.58921934645013e+03	(-4.36539594736390e-02dB,-5.73955805970743e+00°)
3.63078054770109e+03	(-4.46655796254376e-02dB,-5.80556760954852e+00°)
3.67282300498092e+03	(-4.57005195573387e-02dB,-5.87232578294658e+00°)
3.71535229097180e+03	(-4.67593110847774e-02dB,-5.93984070349252e+00°)
3.75837404288452e+03	(-4.78424978834349e-02dB,-6.00812057014324e+00°)
3.80189396320569e+03	(-4.89506357412312e-02dB,-6.07717365746355e+00°)
3.84591782045362e+03	(-5.00842928151324e-02dB,-6.14700831585025e+00°)
3.89045144994289e+03	(-5.12440498927495e-02dB,-6.21763297173751e+00°)
3.93550075455786e+03	(-5.24305006588595e-02dB,-6.28905612778269e+00°)
3.98107170553506e+03	(-5.36442519668671e-02dB,-6.36128636303169e+00°)
4.02717034325468e+03	(-5.48859241152849e-02dB,-6.43433233306296e+00°)
4.07380277804121e+03	(-5.61561511292860e-02dB,-6.50820277010911e+00°)
4.12097519097339e+03	(-5.74555810473973e-02dB,-6.58290648315520e+00°)
4.16869383470344e+03	(-5.87848762133581e-02dB,-6.65845235801266e+00°)
4.21696503428591e+03	(-6.01447135732454e-02dB,-6.73484935736787e+00°)
4.26579518801602e+03	(-6.15357849778934e-02dB,-6.81210652080413e+00°)
4.31519076827775e+03	(-6.29587974906485e-02dB,-6.89023296479616e+00°)
4.36515832240175e+03	(-6.44144737005391e-02dB,-6.96923788267574e+00°)
4.41570447353322e+03	(-6.59035520408837e-02dB,-7.04913054456747e+00°)
4.46683592150973e+03	(-6.74267871134135e-02dB,-7.12992029729336e+00°)
4.51855944374932e+03	(-6.89849500178986e-02dB,-7.21161656424501e+00°)
4.57088189614885e+03	(-7.05788286874007e-02dB,-7.29422884522209e+00°)
4.62381021399271e+03	(-7.22092282291064e-02dB,-7.37776671623577e+00°)
4.67735141287209e+03	(-7.38769712708487e-02dB,-7.46223982927585e+00°)
4.73151258961491e+03	(-7.55828983132821e-02dB,-7.54765791203996e+00°)
4.78630092322649e+03	(-7.73278680878369e-02dB,-7.63403076762365e+00°)
4.84172367584110e+03	(-7.91127579203439e-02dB,-7.72136827416968e+00°)
4.89778819368457e+03	(-8.09384641005013e-02dB,-7.80968038447514e+00°)
4.95450190804801e+03	(-8.28059022570773e-02dB,-7.89897712555470e+00°)
5.01187233627284e+03	(-8.47160077389522e-02dB,-7.98926859815853e+00°)
5.06990708274716e+03	(-8.66697360019447e-02dB,-8.08056497624315e+00°)
5.12861383991376e+03	(-8.86680630014858e-02dB,-8.17287650639350e+00°)
5.18800038928973e+03	(-9.07119855910833e-02dB,-8.26621350719465e+00°)
5.24807460249785e+03	(-9.28025219266393e-02dB,-8.36058636855116e+00°)
5.30884444231001e+03	(-9.49407118765256e-02dB,-8.45600555095250e+00°)
5.37031796370265e+03	(-9.71276174374855e-02dB,-8.55248158468246e+00°)
5.43250331492446e+03	(-9.93643231562862e-02dB,-8.65002506897084e+00°)
5.49540873857637e+03	(-1.01651936557105e-01dB,-8.74864667108530e+00°)
5.55904257270416e+03	(-1.03991588574617e-01dB,-8.84835712536146e+00°)
5.62341325190362e+03	(-1.06384433992747e-01dB,-8.94916723216930e+00°)
5.68852930843855e+03	(-1.08831651889010e-01dB,-9.05108785681352e+00°)
5.75439937337170e+03	(-1.11334446084430e-01dB,-9.15412992836605e+00°)
5.82103217770885e+03	(-1.13894045598875e-01dB,-9.25830443842826e+00°)
5.88843655355603e+03	(-1.16511705111865e-01dB,-9.36362243982084e+00°)
5.95662143529025e+03	(-1.19188705428647e-01dB,-9.47009504519900e+00°)
6.02559586074372e+03	(-1.21926353951493e-01dB,-9.57773342559070e+00°)
6.09536897240184e+03	(-1.24725985156128e-01dB,-9.68654880885551e+00°)
6.16595001861497e+03	(-1.27588961073134e-01dB,-9.79655247806186e+00°)
6.23734835482434e+03	(-1.30516671774219e-01dB,-9.90775576978006e+00°)
6.30957344480208e+03	(-1.33510535863235e-01dB,-1.00201700722887e+01°)
6.38263486190564e+03	(-1.36572000971730e-01dB,-1.01338068236918e+01°)
6.45654229034671e+03	(-1.39702544258942e-01dB,-1.02486775099446e+01°)
6.53130552647488e+03	(-1.42903672915997e-01dB,-1.03647936627844e+01°)
6.60693448007612e+03	(-1.46176924674161e-01dB,-1.04821668575653e+01°)
6.68343917568631e+03	(-1.49523868316903e-01dB,-1.06008087109925e+01°)
6.76082975391998e+03	(-1.52946104195579e-01dB,-1.07207308787545e+01°)
6.83911647281446e+03	(-1.56445264748476e-01dB,-1.08419450530506e+01°)
6.91830970918953e+03	(-1.60023015022971e-01dB,-1.09644629600103e+01°)
6.99841996002291e+03	(-1.63681053200538e-01dB,-1.10882963570015e+01°)
7.07945784384155e+03	(-1.67421111124313e-01dB,-1.12134570298264e+01°)
7.16143410212920e+03	(-1.71244954828889e-01dB,-1.13399567897997e+01°)
7.24435960075008e+03	(-1.75154385072066e-01dB,-1.14678074707087e+01°)
7.32824533138922e+03	(-1.79151237868154e-01dB,-1.15970209256506e+01°)
7.41310241300936e+03	(-1.83237385022502e-01dB,-1.17276090237448e+01°)
7.49894209332474e+03	(-1.87414734666864e-01dB,-1.18595836467180e+01°)
7.58577575029203e+03	(-1.91685231795169e-01dB,-1.19929566853570e+01°)
7.67361489361838e+03	(-1.96050858799305e-01dB,-1.21277400358292e+01°)
7.76247116628711e+03	(-2.00513636004436e-01dB,-1.22639455958654e+01°)
7.85235634610092e+03	(-2.05075622203402e-01dB,-1.24015852608030e+01°)
7.94328234724302e+03	(-2.09738915189663e-01dB,-1.25406709194868e+01°)
8.03526122185638e+03	(-2.14505652288319e-01dB,-1.26812144500244e+01°)
8.12830516164120e+03	(-2.19378010884618e-01dB,-1.28232277153925e+01°)
8.22242649947092e+03	(-2.24358208949380e-01dB,-1.29667225588930e+01°)
8.31763771102692e+03	(-2.29448505560764e-01dB,-1.31117107994538e+01°)
8.41395141645217e+03	(-2.34651201421710e-01dB,-1.32582042267735e+01°)
8.51138038202398e+03	(-2.39968639372432e-01dB,-1.34062145963063e+01°)
8.60993752184623e+03	(-2.45403204897262e-01dB,-1.35557536240841e+01°)
8.70963589956103e+03	(-2.50957326625138e-01dB,-1.37068329813743e+01°)
8.81048873008037e+03	(-2.56633476822981e-01dB,-1.38594642891693e+01°)
8.91250938133769e+03	(-2.62434171881207e-01dB,-1.40136591125066e+01°)
9.01571137605980e+03	(-2.68361972790542e-01dB,-1.41694289546159e+01°)
9.12010839355933e+03	(-2.74419485609352e-01dB,-1.43267852508916e+01°)
9.22571427154787e+03	(-2.80609361920549e-01dB,-1.44857393626885e+01°)
9.33254300797015e+03	(-2.86934299277262e-01dB,-1.46463025709381e+01°)
9.44060876285948e+03	(-2.93397041636255e-01dB,-1.48084860695838e+01°)
9.54992586021461e+03	(-3.00000379778203e-01dB,-1.49723009588337e+01°)
9.66050878989839e+03	(-3.06747151713785e-01dB,-1.51377582382280e+01°)
9.77237220955837e+03	(-3.13640243074575e-01dB,-1.53048687995208e+01°)
9.88553094656965e+03	(-3.20682587487669e-01dB,-1.54736434193745e+01°)
1.00000000000003e+04	(-3.27877166932980e-01dB,-1.56440927518648e+01°)
1.01157945425993e+04	(-3.35227012082019e-01dB,-1.58162273207969e+01°)
1.02329299228078e+04	(-3.42735202617050e-01dB,-1.59900575118307e+01°)
1.03514216667937e+04	(-3.50404867529400e-01dB,-1.61655935644150e+01°)
1.04712854805093e+04	(-3.58239185395698e-01dB,-1.63428455635307e+01°)
1.05925372517732e+04	(-3.66241384630815e-01dB,-1.65218234312420e+01°)
1.07151930523764e+04	(-3.74414743716164e-01dB,-1.67025369180574e+01°)
1.08392691402123e+04	(-3.82762591402085e-01dB,-1.68849955940989e+01°)
1.09647819614321e+04	(-3.91288306882933e-01dB,-1.70692088400820e+01°)
1.10917481526243e+04	(-3.99995319943522e-01dB,-1.72551858381067e+01°)
1.12201845430199e+04	(-4.08887111075478e-01dB,-1.74429355622606e+01°)
1.13501081567235e+04	(-4.17967211562090e-01dB,-1.76324667690372e+01°)
1.14815362149691e+04	(-4.27239203530192e-01dB,-1.78237879875702e+01°)
1.16144861384037e+04	(-4.36706719967591e-01dB,-1.80169075096866e+01°)
1.17489755493956e+04	(-4.46373444704524e-01dB,-1.82118333797821e+01°)
1.18850222743705e+04	(-4.56243112357615e-01dB,-1.84085733845217e+01°)
1.20226443461745e+04	(-4.66319508234799e-01dB,-1.86071350423687e+01°)
1.21618600064640e+04	(-4.76606468199600e-01dB,-1.88075255929478e+01°)
1.23026877081242e+04	(-4.87107878493249e-01dB,-1.90097519862452e+01°)
1.24451461177142e+04	(-4.97827675512976e-01dB,-1.92138208716520e+01°)
1.25892541179420e+04	(-5.08769845544903e-01dB,-1.94197385868561e+01°)
1.27350308101670e+04	(-5.19938424449948e-01dB,-1.96275111465890e+01°)
1.28824955169317e+04	(-5.31337497301054e-01dB,-1.98371442312340e+01°)
1.30316677845234e+04	(-5.42971197970206e-01dB,-2.00486431753023e+01°)
1.31825673855644e+04	(-5.54843708663540e-01dB,-2.02620129557870e+01°)
1.33352143216336e+04	(-5.66959259403004e-01dB,-2.04772581804003e+01°)
1.34896288259169e+04	(-5.79322127452915e-01dB,-2.06943830757053e+01°)
1.36458313658896e+04	(-5.91936636689844e-01dB,-2.09133914751509e+01°)
1.38038426460292e+04	(-6.04807156914272e-01dB,-2.11342868070195e+01°)
1.39636836105598e+04	(-6.17938103102437e-01dB,-2.13570720822999e+01°)
1.41253754462279e+04	(-6.31333934596891e-01dB,-2.15817498824945e+01°)
1.42889395851114e+04	(-6.44999154234232e-01dB,-2.18083223473752e+01°)
1.44543977074597e+04	(-6.58938307408602e-01dB,-2.20367911626985e+01°)
1.46217717445676e+04	(-6.73155981069514e-01dB,-2.22671575478950e+01°)
1.47910838816825e+04	(-6.87656802652643e-01dB,-2.24994222437462e+01°)
1.49623565609448e+04	(-7.02445438942296e-01dB,-2.27335855000631e+01°)
1.51356124843625e+04	(-7.17526594864286e-01dB,-2.29696470633830e+01°)
1.53108746168207e+04	(-7.32905012208022e-01dB,-2.32076061646993e+01°)
1.54881661891253e+04	(-7.48585468276739e-01dB,-2.34474615072416e+01°)
1.56675107010819e+04	(-7.64572774464770e-01dB,-2.36892112543232e+01°)
1.58489319246116e+04	(-7.80871774760967e-01dB,-2.39328530172734e+01°)
1.60324539069009e+04	(-7.97487344177358e-01dB,-2.41783838434744e+01°)
1.62181009735898e+04	(-8.14424387102305e-01dB,-2.44258002045206e+01°)
1.64058977319959e+04	(-8.31687835577494e-01dB,-2.46750979845206e+01°)
1.65958690743761e+04	(-8.49282647498187e-01dB,-2.49262724685624e+01°)
1.67880401812261e+04	(-8.67213804736324e-01dB,-2.51793183313625e+01°)
1.69824365246179e+04	(-8.85486311186144e-01dB,-2.54342296261203e+01°)
1.71790838715764e+04	(-9.04105190732158e-01dB,-2.56909997735999e+01°)
1.73780082874943e+04	(-9.23075485139402e-01dB,-2.59496215514617e+01°)
1.75792361395875e+04	(-9.42402251866117e-01dB,-2.62100870838661e+01°)
1.77827941003898e+04	(-9.62090561799043e-01dB,-2.64723878313741e+01°)
1.79887091512884e+04	(-9.82145496911787e-01dB,-2.67365145811662e+01°)
1.81970085861004e+04	(-1.00257214784679e+00dB,-2.70024574376057e+01°)
1.84077200146901e+04	(-1.02337561142165e+00dB,-2.72702058131697e+01°)
1.86208713666292e+04	(-1.04456098806073e+00dB,-2.75397484197719e+01°)
1.88364908948986e+04	(-1.06613337915305e+00dB,-2.78110732605029e+01°)
1.90546071796331e+04	(-1.08809788433789e+00dB,-2.80841676218118e+01°)
1.92752491319099e+04	(-1.11045959871942e+00dB,-2.83590180661551e+01°)
1.94984459975810e+04	(-1.13322361001204e+00dB,-2.86356104251360e+01°)
1.97242273611491e+04	(-1.15639499561840e+00dB,-2.89139297931610e+01°)
1.99526231496894e+04	(-1.17997881964198e+00dB,-2.91939605216370e+01°)
2.01836636368162e+04	(-1.20398012983661e+00dB,-2.94756862137341e+01°)
2.04173794466959e+04	(-1.22840395449532e+00dB,-2.97590897197371e+01°)
2.06538015581059e+04	(-1.25325529928121e+00dB,-3.00441531330122e+01°)
2.08929613085410e+04	(-1.27853914400327e+00dB,-3.03308577866086e+01°)
2.11348903983671e+04	(-1.30426043934013e+00dB,-3.06191842505213e+01°)
2.13796208950230e+04	(-1.33042410351508e+00dB,-3.09091123296357e+01°)
2.16271852372709e+04	(-1.35703501892587e+00dB,-3.12006210623751e+01°)
2.18776162394962e+04	(-1.38409802873301e+00dB,-3.14936887200740e+01°)
2.21309470960571e+04	(-1.41161793341038e+00dB,-3.17882928070955e+01°)
2.23872113856841e+04	(-1.43959948726234e+00dB,-3.20844100617122e+01°)
2.26464430759313e+04	(-1.46804739491162e+00dB,-3.23820164577695e+01°)
2.29086765276784e+04	(-1.49696630776245e+00dB,-3.26810872071480e+01°)
2.31739464996855e+04	(-1.52636082044357e+00dB,-3.29815967630392e+01°)
2.34422881532000e+04	(-1.55623546723606e+00dB,-3.32835188240528e+01°)
2.37137370566173e+04	(-1.58659471849084e+00dB,-3.35868263391642e+01°)
2.39883291901957e+04	(-1.61744297704115e+00dB,-3.38914915135179e+01°)
2.42661009508249e+04	(-1.64878457461531e+00dB,-3.41974858150947e+01°)
2.45470891568511e+04	(-1.68062376825504e+00dB,-3.45047799822525e+01°)
2.48313310529565e+04	(-1.71296473674513e+00dB,-3.48133440321474e+01°)
2.51188643150966e+04	(-1.74581157706013e+00dB,-3.51231472700406e+01°)
2.54097270554939e+04	(-1.77916830083359e+00dB,-3.54341582994943e+01°)
2.57039578276895e+04	(-1.81303883085616e+00dB,-3.57463450334593e+01°)
2.60015956316536e+04	(-1.84742699760806e+00dB,-3.60596747062524e+01°)
2.63026799189547e+04	(-1.88233653583232e+00dB,-3.63741138864238e+01°)
2.66072505979890e+04	(-1.91777108115450e+00dB,-3.66896284905082e+01°)
2.69153480392700e+04	(-1.95373416675520e+00dB,-3.70061837976552e+01°)
2.72270130807800e+04	(-1.99022922010136e+00dB,-3.73237444651295e+01°)
2.75422870333826e+04	(-2.02725955974241e+00dB,-3.76422745446723e+01°)
2.78612116862986e+04	(-2.06482839217726e+00dB,-3.79617374997098e+01°)
2.81838293126455e+04	(-2.10293880879829e+00dB,-3.82820962233954e+01°)
2.85101826750400e+04	(-2.14159378291809e+00dB,-3.86033130574697e+01°)
2.88403150312670e+04	(-2.18079616688489e+00dB,-3.89253498119181e+01°)
2.91742701400126e+04	(-2.22054868929237e+00dB,-3.92481677854073e+01°)
2.95120922666648e+04	(-2.26085395228959e+00dB,-3.95717277864760e+01°)
2.98538261891806e+04	(-2.30171442899631e+00dB,-3.98959901554574e+01°)
3.01995172040212e+04	(-2.34313246102921e+00dB,-4.02209147871042e+01°)
3.05492111321561e+04	(-2.38511025614410e+00dB,-4.05464611538904e+01°)
3.09029543251369e+04	(-2.42764988599898e+00dB,-4.08725883299571e+01°)
3.12607936712406e+04	(-2.47075328404281e+00dB,-4.11992550156712e+01°)
3.16227766016848e+04	(-2.51442224353442e+00dB,-4.15264195627629e+01°)
3.19889510969150e+04	(-2.55865841569582e+00dB,-4.18540400000067e+01°)
3.23593656929639e+04	(-2.60346330800397e+00dB,-4.21820740594076e+01°)
3.27340694878849e+04	(-2.64883828262465e+00dB,-4.25104792028552e+01°)
3.31131121482602e+04	(-2.69478455499189e+00dB,-4.28392126492054e+01°)
3.34965439157839e+04	(-2.74130319253610e+00dB,-4.31682314017477e+01°)
3.38844156139214e+04	(-2.78839511356378e+00dB,-4.34974922760169e+01°)
3.42767786546462e+04	(-2.83606108629109e+00dB,-4.38269519279046e+01°)
3.46736850452543e+04	(-2.88430172803371e+00dB,-4.41565668820277e+01°)
3.50751873952580e+04	(-2.93311750455461e+00dB,-4.44862935603073e+01°)
3.54813389233588e+04	(-2.98250872957120e+00dB,-4.48160883107136e+01°)
3.58921934645017e+04	(-3.03247556442310e+00dB,-4.51459074361301e+01°)
3.63078054770114e+04	(-3.08301801790115e+00dB,-4.54757072232899e+01°)
3.67282300498097e+04	(-3.13413594623810e+00dB,-4.58054439717396e+01°)
3.71535229097185e+04	(-3.18582905326094e+00dB,-4.61350740227808e+01°)
3.75837404288457e+04	(-3.23809689070467e+00dB,-4.64645537883456e+01°)
3.80189396320574e+04	(-3.29093885868661e+00dB,-4.67938397797567e+01°)
3.84591782045367e+04	(-3.34435420634033e+00dB,-4.71228886363289e+01°)
3.89045144994294e+04	(-3.39834203260778e+00dB,-4.74516571537631e+01°)
3.93550075455791e+04	(-3.45290128718769e+00dB,-4.77801023122902e+01°)
3.98107170553511e+04	(-3.50803077163833e+00dB,-4.81081813045196e+01°)
4.02717034325473e+04	(-3.56372914063201e+00dB,-4.84358515629482e+01°)
4.07380277804127e+04	(-3.61999490335873e+00dB,-4.87630707870889e+01°)
4.12097519097345e+04	(-3.67682642507560e+00dB,-4.90897969701756e+01°)
4.16869383470350e+04	(-3.73422192879900e+00dB,-4.94159884254057e+01°)
4.21696503428597e+04	(-3.79217949713543e+00dB,-4.97416038116811e+01°)
4.26579518801608e+04	(-3.85069707424736e+00dB,-5.00666021588102e+01°)
4.31519076827780e+04	(-3.90977246794968e+00dB,-5.03909428921348e+01°)
4.36515832240181e+04	(-3.96940335193239e+00dB,-5.07145858565490e+01°)
4.41570447353328e+04	(-4.02958726810473e+00dB,-5.10374913398756e+01°)
4.46683592150979e+04	(-4.09032162905585e+00dB,-5.13596200955715e+01°)
4.51855944374938e+04	(-4.15160372062692e+00dB,-5.16809333647323e+01°)
4.57088189614891e+04	(-4.21343070458945e+00dB,-5.20013928973684e+01°)
4.62381021399277e+04	(-4.27579962142410e+00dB,-5.23209609729299e+01°)
4.67735141287215e+04	(-4.33870739319476e+00dB,-5.26396004200550e+01°)
4.73151258961497e+04	(-4.40215082651185e+00dB,-5.29572746355226e+01°)
4.78630092322655e+04	(-4.46612661557907e+00dB,-5.32739476023897e+01°)
4.84172367584117e+04	(-4.53063134531790e+00dB,-5.35895839072973e+01°)
4.89778819368464e+04	(-4.59566149456355e+00dB,-5.39041487569293e+01°)
4.95450190804808e+04	(-4.66121343932650e+00dB,-5.42176079936130e+01°)
5.01187233627290e+04	(-4.72728345611356e+00dB,-5.45299281100497e+01°)
5.06990708274723e+04	(-4.79386772530232e+00dB,-5.48410762631683e+01°)
5.12861383991383e+04	(-4.86096233456293e+00dB,-5.51510202870938e+01°)
5.18800038928980e+04	(-4.92856328232116e+00dB,-5.54597287052279e+01°)
5.24807460249792e+04	(-4.99666648125675e+00dB,-5.57671707414393e+01°)
5.30884444231008e+04	(-5.06526776183104e+00dB,-5.60733163303622e+01°)
5.37031796370272e+04	(-5.13436287583801e+00dB,-5.63781361268050e+01°)
5.43250331492453e+04	(-5.20394749997300e+00dB,-5.66816015142741e+01°)
5.49540873857645e+04	(-5.27401723941330e+00dB,-5.69836846126151e+01°)
5.55904257270424e+04	(-5.34456763140504e+00dB,-5.72843582847805e+01°)
5.62341325190370e+04	(-5.41559414885099e+00dB,-5.75835961427321e+01°)
5.68852930843862e+04	(-5.48709220389385e+00dB,-5.78813725524870e+01°)
5.75439937337178e+04	(-5.55905715148993e+00dB,-5.81776626383199e+01°)
5.82103217770893e+04	(-5.63148429296806e+00dB,-5.84724422861353e+01°)
5.88843655355611e+04	(-5.70436887956912e+00dB,-5.87656881460221e+01°)
5.95662143529032e+04	(-5.77770611596114e+00dB,-5.90573776340080e+01°)
6.02559586074380e+04	(-5.85149116372584e+00dB,-5.93474889330299e+01°)
6.09536897240192e+04	(-5.92571914481207e+00dB,-5.96360009931387e+01°)
6.16595001861505e+04	(-6.00038514495204e+00dB,-5.99228935309563e+01°)
6.23734835482442e+04	(-6.07548421703654e+00dB,-6.02081470284069e+01°)
6.30957344480217e+04	(-6.15101138444529e+00dB,-6.04917427307406e+01°)
6.38263486190573e+04	(-6.22696164432893e+00dB,-6.07736626438740e+01°)
6.45654229034680e+04	(-6.30332997083945e+00dB,-6.10538895310670e+01°)
6.53130552647497e+04	(-6.38011131830573e+00dB,-6.13324069089611e+01°)
6.60693448007621e+04	(-6.45730062435160e+00dB,-6.16091990430006e+01°)
6.68343917568640e+04	(-6.53489281295334e+00dB,-6.18842509422626e+01°)
6.76082975392007e+04	(-6.61288279743454e+00dB,-6.21575483537172e+01°)
6.83911647281455e+04	(-6.69126548339575e+00dB,-6.24290777559457e+01°)
6.91830970918963e+04	(-6.77003577157696e+00dB,-6.26988263523381e+01°)
6.99841996002300e+04	(-6.84918856065101e+00dB,-6.29667820637970e+01°)
7.07945784384165e+04	(-6.92871874994634e+00dB,-6.32329335209724e+01°)
7.16143410212929e+04	(-7.00862124209742e+00dB,-6.34972700560507e+01°)
7.24435960075018e+04	(-7.08889094562169e+00dB,-6.37597816941252e+01°)
7.32824533138932e+04	(-7.16952277742197e+00dB,-6.40204591441705e+01°)
7.41310241300946e+04	(-7.25051166521315e+00dB,-6.42792937896470e+01°)
7.49894209332484e+04	(-7.33185254987275e+00dB,-6.45362776787583e+01°)
7.58577575029213e+04	(-7.41354038771444e+00dB,-6.47914035143873e+01°)
7.67361489361848e+04	(-7.49557015268435e+00dB,-6.50446646437329e+01°)
7.76247116628722e+04	(-7.57793683847973e+00dB,-6.52960550476719e+01°)
7.85235634610102e+04	(-7.66063546058993e+00dB,-6.55455693298679e+01°)
7.94328234724312e+04	(-7.74366105825975e+00dB,-6.57932027056518e+01°)
8.03526122185648e+04	(-7.82700869637523e+00dB,-6.60389509906922e+01°)
8.12830516164131e+04	(-7.91067346727227e+00dB,-6.62828105894816e+01°)
8.22242649947103e+04	(-7.99465049246843e+00dB,-6.65247784836559e+01°)
8.31763771102703e+04	(-8.07893492431860e+00dB,-6.67648522201694e+01°)
8.41395141645228e+04	(-8.16352194759490e+00dB,-6.70030298993440e+01°)
8.51138038202410e+04	(-8.24840678099191e+00dB,-6.72393101628134e+01°)
8.60993752184634e+04	(-8.33358467855783e+00dB,-6.74736921813794e+01°)
8.70963589956115e+04	(-8.41905093105260e+00dB,-6.77061756427984e+01°)
8.81048873008049e+04	(-8.50480086723405e+00dB,-6.79367607395164e+01°)
8.91250938133780e+04	(-8.59082985507311e+00dB,-6.81654481563688e+01°)
9.01571137605992e+04	(-8.67713330289931e+00dB,-6.83922390582604e+01°)
9.12010839355946e+04	(-8.76370666047779e+00dB,-6.86171350778414e+01°)
9.22571427154799e+04	(-8.85054542001911e+00dB,-6.88401383031948e+01°)
9.33254300797028e+04	(-8.93764511712331e+00dB,-6.90612512655481e+01°)
9.44060876285961e+04	(-9.02500133165941e+00dB,-6.92804769270233e+01°)
9.54992586021474e+04	(-9.11260968858211e+00dB,-6.94978186684383e+01°)
9.66050878989852e+04	(-9.20046585868687e+00dB,-6.97132802771710e+01°)
9.77237220955849e+04	(-9.28856555930508e+00dB,-6.99268659350980e+01°)
9.88553094656978e+04	(-9.37690455494083e+00dB,-7.01385802066191e+01°)
1.00000000000004e+05	(-9.46547865785076e+00dB,-7.03484280267772e+01°)
1.01157945425994e+05	(-9.55428372856871e+00dB,-7.05564146894832e+01°)
1.02329299228080e+05	(-9.64331567637666e+00dB,-7.07625458358557e+01°)
1.03514216667939e+05	(-9.73257045972361e+00dB,-7.09668274426830e+01°)
1.04712854805094e+05	(-9.82204408659408e+00dB,-7.11692658110154e+01°)
1.05925372517733e+05	(-9.91173261482772e+00dB,-7.13698675548959e+01°)
1.07151930523765e+05	(-1.00016321523917e+01dB,-7.15686395902349e+01°)
1.08392691402125e+05	(-1.00917388576077e+01dB,-7.17655891238358e+01°)
1.09647819614323e+05	(-1.01820489393346e+01dB,-7.19607236425772e+01°)
1.10917481526245e+05	(-1.02725586571091e+01dB,-7.21540509027565e+01°)
1.12201845430201e+05	(-1.03632643212452e+01dB,-7.23455789195996e+01°)
1.13501081567236e+05	(-1.04541622928951e+01dB,-7.25353159569418e+01°)
1.14815362149693e+05	(-1.05452489840714e+01dB,-7.27232705170826e+01°)
1.16144861384039e+05	(-1.06365208576343e+01dB,-7.29094513308183e+01°)
1.17489755493958e+05	(-1.07279744272432e+01dB,-7.30938673476556e+01°)
1.18850222743707e+05	(-1.08196062572757e+01dB,-7.32765277262079e+01°)
1.20226443461746e+05	(-1.09114129627148e+01dB,-7.34574418247773e+01°)
1.21618600064642e+05	(-1.10033912090061e+01dB,-7.36366191921243e+01°)
1.23026877081243e+05	(-1.10955377118855e+01dB,-7.38140695584252e+01°)
1.24451461177144e+05	(-1.11878492371802e+01dB,-7.39898028264203e+01°)
1.25892541179422e+05	(-1.12803226005832e+01dB,-7.41638290627521e+01°)
1.27350308101671e+05	(-1.13729546674032e+01dB,-7.43361584894946e+01°)
1.28824955169319e+05	(-1.14657423522908e+01dB,-7.45068014758749e+01°)
1.30316677845235e+05	(-1.15586826189431e+01dB,-7.46757685301848e+01°)
1.31825673855646e+05	(-1.16517724797862e+01dB,-7.48430702918844e+01°)
1.33352143216338e+05	(-1.17450089956394e+01dB,-7.50087175238963e+01°)
1.34896288259171e+05	(-1.18383892753594e+01dB,-7.51727211050886e+01°)
1.36458313658898e+05	(-1.19319104754679e+01dB,-7.53350920229479e+01°)
1.38038426460294e+05	(-1.20255697997622e+01dB,-7.54958413664394e+01°)
1.39636836105600e+05	(-1.21193644989115e+01dB,-7.56549803190528e+01°)
1.41253754462281e+05	(-1.22132918700373e+01dB,-7.58125201520342e+01°)
1.42889395851116e+05	(-1.23073492562821e+01dB,-7.59684722178002e+01°)
1.44543977074599e+05	(-1.24015340463650e+01dB,-7.61228479435333e+01°)
1.46217717445678e+05	(-1.24958436741257e+01dB,-7.62756588249573e+01°)
1.47910838816827e+05	(-1.25902756180587e+01dB,-7.64269164202892e+01°)
1.49623565609450e+05	(-1.26848274008375e+01dB,-7.65766323443665e+01°)
1.51356124843627e+05	(-1.27794965888296e+01dB,-7.67248182629477e+01°)
1.53108746168210e+05	(-1.28742807916047e+01dB,-7.68714858871821e+01°)
1.54881661891255e+05	(-1.29691776614344e+01dB,-7.70166469682481e+01°)
1.56675107010822e+05	(-1.30641848927864e+01dB,-7.71603132921572e+01°)
1.58489319246118e+05	(-1.31593002218125e+01dB,-7.73024966747199e+01°)
1.60324539069011e+05	(-1.32545214258316e+01dB,-7.74432089566717e+01°)
1.62181009735900e+05	(-1.33498463228085e+01dB,-7.75824619989570e+01°)
1.64058977319961e+05	(-1.34452727708290e+01dB,-7.77202676781665e+01°)
1.65958690743763e+05	(-1.35407986675714e+01dB,-7.78566378821270e+01°)
1.67880401812263e+05	(-1.36364219497760e+01dB,-7.79915845056395e+01°)
1.69824365246182e+05	(-1.37321405927123e+01dB,-7.81251194463634e+01°)
1.71790838715766e+05	(-1.38279526096447e+01dB,-7.82572546008432e+01°)
1.73780082874945e+05	(-1.39238560512973e+01dB,-7.83880018606762e+01°)
1.75792361395877e+05	(-1.40198490053179e+01dB,-7.85173731088161e+01°)
1.77827941003900e+05	(-1.41159295957428e+01dB,-7.86453802160118e+01°)
1.79887091512887e+05	(-1.42120959824607e+01dB,-7.87720350373766e+01°)
1.81970085861006e+05	(-1.43083463606785e+01dB,-7.88973494090863e+01°)
1.84077200146904e+05	(-1.44046789603875e+01dB,-7.90213351452027e+01°)
1.86208713666295e+05	(-1.45010920458319e+01dB,-7.91440040346185e+01°)
1.88364908948988e+05	(-1.45975839149784e+01dB,-7.92653678381235e+01°)
1.90546071796333e+05	(-1.46941528989883e+01dB,-7.93854382855859e+01°)
1.92752491319102e+05	(-1.47907973616925e+01dB,-7.95042270732485e+01°)
1.94984459975813e+05	(-1.48875156990690e+01dB,-7.96217458611349e+01°)
1.97242273611494e+05	(-1.49843063387229e+01dB,-7.97380062705650e+01°)
1.99526231496897e+05	(-1.50811677393712e+01dB,-7.98530198817751e+01°)
2.01836636368165e+05	(-1.51780983903296e+01dB,-7.99667982316406e+01°)
2.04173794466962e+05	(-1.52750968110040e+01dB,-8.00793528114995e+01°)
2.06538015581062e+05	(-1.53721615503861e+01dB,-8.01906950650721e+01°)
2.08929613085413e+05	(-1.54692911865526e+01dB,-8.03008363864760e+01°)
2.11348903983674e+05	(-1.55664843261690e+01dB,-8.04097881183329e+01°)
2.13796208950233e+05	(-1.56637396039986e+01dB,-8.05175615499647e+01°)
2.16271852372712e+05	(-1.57610556824152e+01dB,-8.06241679156771e+01°)
2.18776162394965e+05	(-1.58584312509212e+01dB,-8.07296183931266e+01°)
2.21309470960574e+05	(-1.59558650256707e+01dB,-8.08339241017708e+01°)
2.23872113856844e+05	(-1.60533557489978e+01dB,-8.09370961013969e+01°)
2.26464430759316e+05	(-1.61509021889492e+01dB,-8.10391453907289e+01°)
2.29086765276788e+05	(-1.62485031388238e+01dB,-8.11400829061082e+01°)
2.31739464996858e+05	(-1.63461574167158e+01dB,-8.12399195202482e+01°)
2.34422881532003e+05	(-1.64438638650649e+01dB,-8.13386660410585e+01°)
2.37137370566176e+05	(-1.65416213502105e+01dB,-8.14363332105378e+01°)
2.39883291901960e+05	(-1.66394287619533e+01dB,-8.15329317037325e+01°)
2.42661009508252e+05	(-1.67372850131207e+01dB,-8.16284721277597e+01°)
2.45470891568514e+05	(-1.68351890391390e+01dB,-8.17229650208923e+01°)
2.48313310529568e+05	(-1.69331397976115e+01dB,-8.18164208517033e+01°)
2.51188643150969e+05	(-1.70311362679013e+01dB,-8.19088500182692e+01°)
2.54097270554942e+05	(-1.71291774507210e+01dB,-8.20002628474289e+01°)
2.57039578276898e+05	(-1.72272623677276e+01dB,-8.20906695940968e+01°)
2.60015956316539e+05	(-1.73253900611231e+01dB,-8.21800804406286e+01°)
2.63026799189550e+05	(-1.74235595932617e+01dB,-8.22685054962380e+01°)
2.66072505979893e+05	(-1.75217700462617e+01dB,-8.23559547964615e+01°)
2.69153480392704e+05	(-1.76200205216244e+01dB,-8.24424383026713e+01°)
2.72270130807804e+05	(-1.77183101398575e+01dB,-8.25279659016333e+01°)
2.75422870333829e+05	(-1.78166380401059e+01dB,-8.26125474051093e+01°)
2.78612116862990e+05	(-1.79150033797863e+01dB,-8.26961925495017e+01°)
2.81838293126458e+05	(-1.80134053342296e+01dB,-8.27789109955383e+01°)
2.85101826750404e+05	(-1.81118430963275e+01dB,-8.28607123279979e+01°)
2.88403150312674e+05	(-1.82103158761855e+01dB,-8.29416060554726e+01°)
2.91742701400130e+05	(-1.83088229007813e+01dB,-8.30216016101673e+01°)
2.95120922666652e+05	(-1.84073634136290e+01dB,-8.31007083477342e+01°)
2.98538261891810e+05	(-1.85059366744488e+01dB,-8.31789355471411e+01°)
3.01995172040216e+05	(-1.86045419588424e+01dB,-8.32562924105724e+01°)
3.05492111321565e+05	(-1.87031785579735e+01dB,-8.33327880633612e+01°)
3.09029543251373e+05	(-1.88018457782542e+01dB,-8.34084315539518e+01°)
3.12607936712410e+05	(-1.89005429410363e+01dB,-8.34832318538907e+01°)
3.16227766016853e+05	(-1.89992693823088e+01dB,-8.35571978578456e+01°)
3.19889510969155e+05	(-1.90980244523998e+01dB,-8.36303383836508e+01°)
3.23593656929643e+05	(-1.91968075156841e+01dB,-8.37026621723784e+01°)
3.27340694878854e+05	(-1.92956179502958e+01dB,-8.37741778884339e+01°)
3.31131121482607e+05	(-1.93944551478466e+01dB,-8.38448941196751e+01°)
3.34965439157843e+05	(-1.94933185131482e+01dB,-8.39148193775535e+01°)
3.38844156139218e+05	(-1.95922074639404e+01dB,-8.39839620972772e+01°)
3.42767786546466e+05	(-1.96911214306244e+01dB,-8.40523306379945e+01°)
3.46736850452548e+05	(-1.97900598560002e+01dB,-8.41199332829974e+01°)
3.50751873952585e+05	(-1.98890221950093e+01dB,-8.41867782399428e+01°)
3.54813389233592e+05	(-1.99880079144824e+01dB,-8.42528736410932e+01°)
3.58921934645022e+05	(-2.00870164928911e+01dB,-8.43182275435732e+01°)
3.63078054770118e+05	(-2.01860474201055e+01dB,-8.43828479296429e+01°)
3.67282300498102e+05	(-2.02851001971545e+01dB,-8.44467427069872e+01°)
3.71535229097190e+05	(-2.03841743359928e+01dB,-8.45099197090188e+01°)
3.75837404288462e+05	(-2.04832693592704e+01dB,-8.45723866951967e+01°)
3.80189396320579e+05	(-2.05823848001080e+01dB,-8.46341513513568e+01°)
3.84591782045372e+05	(-2.06815202018758e+01dB,-8.46952212900561e+01°)
3.89045144994299e+05	(-2.07806751179767e+01dB,-8.47556040509287e+01°)
3.93550075455796e+05	(-2.08798491116345e+01dB,-8.48153071010529e+01°)
3.98107170553516e+05	(-2.09790417556849e+01dB,-8.48743378353294e+01°)
4.02717034325478e+05	(-2.10782526323716e+01dB,-8.49327035768702e+01°)
4.07380277804132e+05	(-2.11774813331462e+01dB,-8.49904115773962e+01°)
4.12097519097350e+05	(-2.12767274584717e+01dB,-8.50474690176445e+01°)
4.16869383470355e+05	(-2.13759906176304e+01dB,-8.51038830077844e+01°)
4.21696503428603e+05	(-2.14752704285351e+01dB,-8.51596605878412e+01°)
4.26579518801613e+05	(-2.15745665175443e+01dB,-8.52148087281277e+01°)
4.31519076827786e+05	(-2.16738785192813e+01dB,-8.52693343296823e+01°)
4.36515832240187e+05	(-2.17732060764566e+01dB,-8.53232442247152e+01°)
4.41570447353334e+05	(-2.18725488396938e+01dB,-8.53765451770588e+01°)
4.46683592150985e+05	(-2.19719064673598e+01dB,-8.54292438826253e+01°)
4.51855944374944e+05	(-2.20712786253970e+01dB,-8.54813469698696e+01°)
4.57088189614897e+05	(-2.21706649871606e+01dB,-8.55328610002563e+01°)
4.62381021399283e+05	(-2.22700652332579e+01dB,-8.55837924687320e+01°)
4.67735141287221e+05	(-2.23694790513913e+01dB,-8.56341478042017e+01°)
4.73151258961504e+05	(-2.24689061362049e+01dB,-8.56839333700088e+01°)
4.78630092322662e+05	(-2.25683461891336e+01dB,-8.57331554644193e+01°)
4.84172367584123e+05	(-2.26677989182558e+01dB,-8.57818203211080e+01°)
4.89778819368470e+05	(-2.27672640381490e+01dB,-8.58299341096490e+01°)
4.95450190804815e+05	(-2.28667412697482e+01dB,-8.58775029360075e+01°)
5.01187233627297e+05	(-2.29662303402074e+01dB,-8.59245328430350e+01°)
5.06990708274729e+05	(-2.30657309827642e+01dB,-8.59710298109653e+01°)
5.12861383991390e+05	(-2.31652429366067e+01dB,-8.60169997579138e+01°)
5.18800038928987e+05	(-2.32647659467435e+01dB,-8.60624485403765e+01°)
5.24807460249798e+05	(-2.33642997638766e+01dB,-8.61073819537316e+01°)
5.30884444231015e+05	(-2.34638441442766e+01dB,-8.61518057327415e+01°)
5.37031796370279e+05	(-2.35633988496606e+01dB,-8.61957255520558e+01°)
5.43250331492460e+05	(-2.36629636470728e+01dB,-8.62391470267144e+01°)
5.49540873857652e+05	(-2.37625383087678e+01dB,-8.62820757126515e+01°)
5.55904257270431e+05	(-2.38621226120956e+01dB,-8.63245171071996e+01°)
5.62341325190377e+05	(-2.39617163393900e+01dB,-8.63664766495928e+01°)
5.68852930843870e+05	(-2.40613192778588e+01dB,-8.64079597214710e+01°)
5.75439937337186e+05	(-2.41609312194763e+01dB,-8.64489716473827e+01°)
5.82103217770901e+05	(-2.42605519608786e+01dB,-8.64895176952876e+01°)
5.88843655355618e+05	(-2.43601813032604e+01dB,-8.65296030770586e+01°)
5.95662143529040e+05	(-2.44598190522745e+01dB,-8.65692329489824e+01°)
6.02559586074388e+05	(-2.45594650179333e+01dB,-8.66084124122597e+01°)
6.09536897240200e+05	(-2.46591190145127e+01dB,-8.66471465135035e+01°)
6.16595001861513e+05	(-2.47587808604573e+01dB,-8.66854402452369e+01°)
6.23734835482451e+05	(-2.48584503782885e+01dB,-8.67232985463885e+01°)
6.30957344480225e+05	(-2.49581273945141e+01dB,-8.67607263027871e+01°)
6.38263486190581e+05	(-2.50578117395401e+01dB,-8.67977283476539e+01°)
6.45654229034688e+05	(-2.51575032475838e+01dB,-8.68343094620936e+01°)
6.53130552647505e+05	(-2.52572017565897e+01dB,-8.68704743755834e+01°)
6.60693448007630e+05	(-2.53569071081465e+01dB,-8.69062277664595e+01°)
6.68343917568649e+05	(-2.54566191474064e+01dB,-8.69415742624020e+01°)
6.76082975392016e+05	(-2.55563377230053e+01dB,-8.69765184409178e+01°)
6.83911647281464e+05	(-2.56560626869861e+01dB,-8.70110648298206e+01°)
6.91830970918972e+05	(-2.57557938947224e+01dB,-8.70452179077086e+01°)
6.99841996002309e+05	(-2.58555312048443e+01dB,-8.70789821044407e+01°)
7.07945784384174e+05	(-2.59552744791661e+01dB,-8.71123618016087e+01°)
7.16143410212939e+05	(-2.60550235826153e+01dB,-8.71453613330085e+01°)
7.24435960075027e+05	(-2.61547783831630e+01dB,-8.71779849851071e+01°)
7.32824533138942e+05	(-2.62545387517563e+01dB,-8.72102369975083e+01°)
7.41310241300956e+05	(-2.63543045622514e+01dB,-8.72421215634145e+01°)
7.49894209332495e+05	(-2.64540756913494e+01dB,-8.72736428300867e+01°)
7.58577575029223e+05	(-2.65538520185318e+01dB,-8.73048048993007e+01°)
7.67361489361859e+05	(-2.66536334259992e+01dB,-8.73356118278011e+01°)
7.76247116628732e+05	(-2.67534197986101e+01dB,-8.73660676277519e+01°)
7.85235634610112e+05	(-2.68532110238213e+01dB,-8.73961762671845e+01°)
7.94328234724323e+05	(-2.69530069916303e+01dB,-8.74259416704421e+01°)
8.03526122185659e+05	(-2.70528075945179e+01dB,-8.74553677186218e+01°)
8.12830516164141e+05	(-2.71526127273929e+01dB,-8.74844582500128e+01°)
8.22242649947114e+05	(-2.72524222875374e+01dB,-8.75132170605322e+01°)
8.31763771102714e+05	(-2.73522361745540e+01dB,-8.75416479041569e+01°)
8.41395141645239e+05	(-2.74520542903135e+01dB,-8.75697544933533e+01°)
8.51138038202421e+05	(-2.75518765389043e+01dB,-8.75975404995025e+01°)
8.60993752184646e+05	(-2.76517028265822e+01dB,-8.76250095533237e+01°)
8.70963589956126e+05	(-2.77515330617222e+01dB,-8.76521652452932e+01°)
8.81048873008060e+05	(-2.78513671547707e+01dB,-8.76790111260608e+01°)
8.91250938133792e+05	(-2.79512050181992e+01dB,-8.77055507068625e+01°)
9.01571137606004e+05	(-2.80510465664584e+01dB,-8.77317874599305e+01°)
9.12010839355958e+05	(-2.81508917159342e+01dB,-8.77577248188994e+01°)
9.22571427154812e+05	(-2.82507403849039e+01dB,-8.77833661792092e+01°)
9.33254300797040e+05	(-2.83505924934937e+01dB,-8.78087148985049e+01°)
9.44060876285973e+05	(-2.84504479636373e+01dB,-8.78337742970332e+01°)
9.54992586021486e+05	(-2.85503067190350e+01dB,-8.78585476580357e+01°)
9.66050878989865e+05	(-2.86501686851143e+01dB,-8.78830382281383e+01°)
9.77237220955863e+05	(-2.87500337889906e+01dB,-8.79072492177377e+01°)
9.88553094656991e+05	(-2.88499019594294e+01dB,-8.79311838013849e+01°)
1.00000000000000e+06	(-2.89497731268086e+01dB,-8.79548451181648e+01°)
Step Information: N=7  (Step: 7/10)
1.00000000000000e+02	(-1.96976747148598e-05dB,-1.22021902853633e-01°)
1.01157945425990e+02	(-2.01564914355665e-05dB,-1.23434845549612e-01°)
1.02329299228075e+02	(-2.06259953197057e-05dB,-1.24864149198155e-01°)
1.03514216667934e+02	(-2.11064353011076e-05dB,-1.26310003244795e-01°)
1.04712854805090e+02	(-2.15980661131779e-05dB,-1.27772599328554e-01°)
1.05925372517729e+02	(-2.21011484200516e-05dB,-1.29252131307332e-01°)
1.07151930523761e+02	(-2.26159489612476e-05dB,-1.30748795283597e-01°)
1.08392691402120e+02	(-2.31427406818584e-05dB,-1.32262789630367e-01°)
1.09647819614319e+02	(-2.36818028926348e-05dB,-1.33794315017494e-01°)
1.10917481526240e+02	(-2.42334214049976e-05dB,-1.35343574438254e-01°)
1.12201845430196e+02	(-2.47978886901585e-05dB,-1.36910773236243e-01°)
1.13501081567232e+02	(-2.53755040343832e-05dB,-1.38496119132581e-01°)
1.14815362149688e+02	(-2.59665736855768e-05dB,-1.40099822253438e-01°)
1.16144861384034e+02	(-2.65714110355493e-05dB,-1.41722095157874e-01°)
1.17489755493953e+02	(-2.71903367704578e-05dB,-1.43363152865998e-01°)
1.18850222743702e+02	(-2.78236790453589e-05dB,-1.45023212887462e-01°)
1.20226443461741e+02	(-2.84717736635816e-05dB,-1.46702495250273e-01°)
1.21618600064637e+02	(-2.91349642426008e-05dB,-1.48401222529946e-01°)
1.23026877081238e+02	(-2.98136024117342e-05dB,-1.50119619878996e-01°)
1.24451461177139e+02	(-3.05080479828375e-05dB,-1.51857915056762e-01°)
1.25892541179417e+02	(-3.12186691537887e-05dB,-1.53616338459586e-01°)
1.27350308101666e+02	(-3.19458427003994e-05dB,-1.55395123151332e-01°)
1.28824955169314e+02	(-3.26899541644702e-05dB,-1.57194504894268e-01°)
1.30316677845230e+02	(-3.34513980852414e-05dB,-1.59014722180295e-01°)
1.31825673855641e+02	(-3.42305781700914e-05dB,-1.60856016262543e-01°)
1.33352143216333e+02	(-3.50279075481676e-05dB,-1.62718631187334e-01°)
1.34896288259166e+02	(-3.58438089632657e-05dB,-1.64602813826510e-01°)
1.36458313658893e+02	(-3.66787150014253e-05dB,-1.66508813910133e-01°)
1.38038426460289e+02	(-3.75330683349198e-05dB,-1.68436884059575e-01°)
1.39636836105594e+02	(-3.84073219392455e-05dB,-1.70387279820977e-01°)
1.41253754462276e+02	(-3.93019393457921e-05dB,-1.72360259699100e-01°)
1.42889395851111e+02	(-4.02173948781201e-05dB,-1.74356085191572e-01°)
1.44543977074593e+02	(-4.11541739065609e-05dB,-1.76375020823523e-01°)
1.46217717445672e+02	(-4.21127731134263e-05dB,-1.78417334182628e-01°)
1.47910838816821e+02	(-4.30937007456815e-05dB,-1.80483295954548e-01°)
1.49623565609444e+02	(-4.40974768897993e-05dB,-1.82573179958785e-01°)
1.51356124843621e+02	(-4.51246337417936e-05dB,-1.84687263184955e-01°)
1.53108746168203e+02	(-4.61757158994330e-05dB,-1.86825825829469e-01°)
1.54881661891249e+02	(-4.72512806409553e-05dB,-1.88989151332652e-01°)
1.56675107010815e+02	(-4.83518982317485e-05dB,-1.91177526416279e-01°)
1.58489319246112e+02	(-4.94781522069250e-05dB,-1.93391241121556e-01°)
1.60324539069005e+02	(-5.06306397078985e-05dB,-1.95630588847528e-01°)
1.62181009735893e+02	(-5.18099717736401e-05dB,-1.97895866389939e-01°)
1.64058977319954e+02	(-5.30167736772581e-05dB,-2.00187373980545e-01°)
1.65958690743757e+02	(-5.42516852645084e-05dB,-2.02505415326865e-01°)
1.67880401812257e+02	(-5.55153612739838e-05dB,-2.04850297652412e-01°)
1.69824365246175e+02	(-5.68084716978068e-05dB,-2.07222331737374e-01°)
1.71790838715759e+02	(-5.81317021375028e-05dB,-2.09621831959771e-01°)
1.73780082874938e+02	(-5.94857541511948e-05dB,-2.12049116337085e-01°)
1.75792361395870e+02	(-6.08713456538395e-05dB,-2.14504506568377e-01°)
1.77827941003893e+02	(-6.22892112721403e-05dB,-2.16988328076882e-01°)
1.79887091512879e+02	(-6.37401027399653e-05dB,-2.19500910053102e-01°)
1.81970085860999e+02	(-6.52247893140177e-05dB,-2.22042585498397e-01°)
1.84077200146896e+02	(-6.67440581528634e-05dB,-2.24613691269074e-01°)
1.86208713666287e+02	(-6.82987147576783e-05dB,-2.27214568120993e-01°)
1.88364908948981e+02	(-6.98895833937119e-05dB,-2.29845560754682e-01°)
1.90546071796325e+02	(-7.15175075165738e-05dB,-2.32507017860978e-01°)
1.92752491319094e+02	(-7.31833502322749e-05dB,-2.35199292167189e-01°)
1.94984459975805e+02	(-7.48879947466639e-05dB,-2.37922740483795e-01°)
1.97242273611486e+02	(-7.66323448409032e-05dB,-2.40677723751687e-01°)
1.99526231496889e+02	(-7.84173253411611e-05dB,-2.43464607089950e-01°)
2.01836636368157e+02	(-8.02438826201313e-05dB,-2.46283759844195e-01°)
2.04173794466954e+02	(-8.21129850898756e-05dB,-2.49135555635458e-01°)
2.06538015581054e+02	(-8.40256237149210e-05dB,-2.52020372409655e-01°)
2.08929613085405e+02	(-8.59828125446473e-05dB,-2.54938592487610e-01°)
2.11348903983666e+02	(-8.79855892447136e-05dB,-2.57890602615662e-01°)
2.13796208950224e+02	(-9.00350156535616e-05dB,-2.60876794016858e-01°)
2.16271852372703e+02	(-9.21321783341012e-05dB,-2.63897562442731e-01°)
2.18776162394956e+02	(-9.42781891581869e-05dB,-2.66953308225681e-01°)
2.21309470960565e+02	(-9.64741858997789e-05dB,-2.70044436331958e-01°)
2.23872113856835e+02	(-9.87213328261789e-05dB,-2.73171356415256e-01°)
2.26464430759307e+02	(-1.01020821324951e-04dB,-2.76334482870928e-01°)
2.29086765276778e+02	(-1.03373870533744e-04dB,-2.79534234890824e-01°)
2.31739464996849e+02	(-1.05781727974931e-04dB,-2.82771036518762e-01°)
2.34422881531993e+02	(-1.08245670243309e-04dB,-2.86045316706639e-01°)
2.37137370566167e+02	(-1.10767003652321e-04dB,-2.89357509371190e-01°)
2.39883291901950e+02	(-1.13347064942974e-04dB,-2.92708053451402e-01°)
2.42661009508243e+02	(-1.15987221996627e-04dB,-2.96097392966589e-01°)
2.45470891568504e+02	(-1.18688874546804e-04dB,-2.99525977075135e-01°)
2.48313310529558e+02	(-1.21453454927678e-04dB,-3.02994260133919e-01°)
2.51188643150959e+02	(-1.24282428837976e-04dB,-3.06502701758418e-01°)
2.54097270554932e+02	(-1.27177296107796e-04dB,-3.10051766883514e-01°)
2.57039578276888e+02	(-1.30139591499176e-04dB,-3.13641925824990e-01°)
2.60015956316529e+02	(-1.33170885523067e-04dB,-3.17273654341740e-01°)
2.63026799189540e+02	(-1.36272785266928e-04dB,-3.20947433698698e-01°)
2.66072505979882e+02	(-1.39446935243535e-04dB,-3.24663750730489e-01°)
2.69153480392693e+02	(-1.42695018267776e-04dB,-3.28423097905813e-01°)
2.72270130807793e+02	(-1.46018756350806e-04dB,-3.32225973392574e-01°)
2.75422870333818e+02	(-1.49419911604825e-04dB,-3.36072881123756e-01°)
2.78612116862979e+02	(-1.52900287186437e-04dB,-3.39964330864058e-01°)
2.81838293126447e+02	(-1.56461728242918e-04dB,-3.43900838277300e-01°)
2.85101826750393e+02	(-1.60106122894172e-04dB,-3.47882924994600e-01°)
2.88403150312662e+02	(-1.63835403235917e-04dB,-3.51911118683340e-01°)
2.91742701400119e+02	(-1.67651546360244e-04dB,-3.55985953116919e-01°)
2.95120922666640e+02	(-1.71556575407043e-04dB,-3.60107968245324e-01°)
2.98538261891798e+02	(-1.75552560627023e-04dB,-3.64277710266494e-01°)
3.01995172040204e+02	(-1.79641620496816e-04dB,-3.68495731698518e-01°)
3.05492111321553e+02	(-1.83825922819634e-04dB,-3.72762591452659e-01°)
3.09029543251361e+02	(-1.88107685893446e-04dB,-3.77078854907222e-01°)
3.12607936712398e+02	(-1.92489179667598e-04dB,-3.81445093982261e-01°)
3.16227766016840e+02	(-1.96972726967926e-04dB,-3.85861887215164e-01°)
3.19889510969142e+02	(-2.01560704709342e-04dB,-3.90329819837083e-01°)
3.23593656929630e+02	(-2.06255545164380e-04dB,-3.94849483850265e-01°)
3.27340694878840e+02	(-2.11059737245262e-04dB,-3.99421478106257e-01°)
3.31131121482593e+02	(-2.15975827837089e-04dB,-4.04046408385016e-01°)
3.34965439157830e+02	(-2.21006423125280e-04dB,-4.08724887474926e-01°)
3.38844156139205e+02	(-2.26154190000172e-04dB,-4.13457535253739e-01°)
3.42767786546453e+02	(-2.31421857452012e-04dB,-4.18244978770432e-01°)
3.46736850452534e+02	(-2.36812218028645e-04dB,-4.23087852328024e-01°)
3.50751873952571e+02	(-2.42328129303851e-04dB,-4.27986797567328e-01°)
3.54813389233578e+02	(-2.47972515408380e-04dB,-4.32942463551668e-01°)
3.58921934645008e+02	(-2.53748368557173e-04dB,-4.37955506852576e-01°)
3.63078054770104e+02	(-2.59658750657606e-04dB,-4.43026591636458e-01°)
3.67282300498087e+02	(-2.65706794916816e-04dB,-4.48156389752269e-01°)
3.71535229097175e+02	(-2.71895707506908e-04dB,-4.53345580820184e-01°)
3.75837404288447e+02	(-2.78228769258182e-04dB,-4.58594852321288e-01°)
3.80189396320564e+02	(-2.84709337406383e-04dB,-4.63904899688297e-01°)
3.84591782045357e+02	(-2.91340847368933e-04dB,-4.69276426397313e-01°)
3.89045144994284e+02	(-2.98126814559778e-04dB,-4.74710144060638e-01°)
3.93550075455781e+02	(-3.05070836257308e-04dB,-4.80206772520643e-01°)
3.98107170553500e+02	(-3.12176593502233e-04dB,-4.85767039944716e-01°)
4.02717034325462e+02	(-3.19447853060103e-04dB,-4.91391682921303e-01°)
4.07380277804116e+02	(-3.26888469407997e-04dB,-4.97081446557035e-01°)
4.12097519097334e+02	(-3.34502386780082e-04dB,-5.02837084574976e-01°)
4.16869383470339e+02	(-3.42293641250848e-04dB,-5.08659359413997e-01°)
4.21696503428586e+02	(-3.50266362882998e-04dB,-5.14549042329277e-01°)
4.26579518801596e+02	(-3.58424777906265e-04dB,-5.20506913493959e-01°)
4.31519076827769e+02	(-3.66773210963801e-04dB,-5.26533762101970e-01°)
4.36515832240170e+02	(-3.75316087393336e-04dB,-5.32630386472013e-01°)
4.41570447353316e+02	(-3.84057935580747e-04dB,-5.38797594152743e-01°)
4.46683592150967e+02	(-3.93003389357081e-04dB,-5.45036202029152e-01°)
4.51855944374926e+02	(-4.02157190442922e-04dB,-5.51347036430163e-01°)
4.57088189614879e+02	(-4.11524190973829e-04dB,-5.57730933237454e-01°)
4.62381021399264e+02	(-4.21109356061551e-04dB,-5.64188737995523e-01°)
4.67735141287202e+02	(-4.30917766425714e-04dB,-5.70721306023004e-01°)
4.73151258961485e+02	(-4.40954621086364e-04dB,-5.77329502525263e-01°)
4.78630092322643e+02	(-4.51225240110608e-04dB,-5.84014202708263e-01°)
4.84172367584104e+02	(-4.61735067440352e-04dB,-5.90776291893736e-01°)
4.89778819368451e+02	(-4.72489673769338e-04dB,-5.97616665635665e-01°)
4.95450190804795e+02	(-4.83494759489717e-04dB,-6.04536229838086e-01°)
5.01187233627277e+02	(-4.94756157717816e-04dB,-6.11535900874239e-01°)
5.06990708274709e+02	(-5.06279837379815e-04dB,-6.18616605707064e-01°)
5.12861383991370e+02	(-5.18071906368913e-04dB,-6.25779282011078e-01°)
5.18800038928966e+02	(-5.30138614783632e-04dB,-6.33024878295628e-01°)
5.24807460249778e+02	(-5.42486358239552e-04dB,-6.40354354029546e-01°)
5.30884444230993e+02	(-5.55121681243869e-04dB,-6.47768679767225e-01°)
5.37031796370258e+02	(-5.68051280673297e-04dB,-6.55268837276113e-01°)
5.43250331492438e+02	(-5.81282009314809e-04dB,-6.62855819665670e-01°)
5.49540873857630e+02	(-5.94820879489482e-04dB,-6.70530631517770e-01°)
5.55904257270409e+02	(-6.08675066770050e-04dB,-6.78294289018591e-01°)
5.62341325190355e+02	(-6.22851913776767e-04dB,-6.86147820091999e-01°)
5.68852930843847e+02	(-6.37358934065064e-04dB,-6.94092264534431e-01°)
5.75439937337163e+02	(-6.52203816098275e-04dB,-7.02128674151320e-01°)
5.82103217770877e+02	(-6.67394427325684e-04dB,-7.10258112895047e-01°)
5.88843655355595e+02	(-6.82938818340838e-04dB,-7.18481657004463e-01°)
5.95662143529017e+02	(-6.98845227138452e-04dB,-7.26800395145981e-01°)
6.02559586074364e+02	(-7.15122083486315e-04dB,-7.35215428556260e-01°)
6.09536897240176e+02	(-7.31778013368808e-04dB,-7.43727871186504e-01°)
6.16595001861489e+02	(-7.48821843571487e-04dB,-7.52338849848378e-01°)
6.23734835482426e+02	(-7.66262606335376e-04dB,-7.61049504361582e-01°)
6.30957344480200e+02	(-7.84109544146555e-04dB,-7.69860987703069e-01°)
6.38263486190556e+02	(-8.02372114622496e-04dB,-7.78774466157958e-01°)
6.45654229034662e+02	(-8.21059995507684e-04dB,-7.87791119472131e-01°)
6.53130552647479e+02	(-8.40183089815191e-04dB,-7.96912141006553e-01°)
6.60693448007603e+02	(-8.59751531038995e-04dB,-8.06138737893322e-01°)
6.68343917568622e+02	(-8.79775688540257e-04dB,-8.15472131193465e-01°)
6.76082975391989e+02	(-9.00266173011118e-04dB,-8.24913556056511e-01°)
6.83911647281437e+02	(-9.21233842098024e-04dB,-8.34464261881842e-01°)
6.91830970918944e+02	(-9.42689806144087e-04dB,-8.44125512481862e-01°)
6.99841996002281e+02	(-9.64645434060141e-04dB,-8.53898586246977e-01°)
7.07945784384146e+02	(-9.87112359346703e-04dB,-8.63784776312428e-01°)
7.16143410212910e+02	(-1.01010248622924e-03dB,-8.73785390726985e-01°)
7.24435960074998e+02	(-1.03362799597623e-03dB,-8.83901752623517e-01°)
7.32824533138912e+02	(-1.05770135331701e-03dB,-8.94135200391470e-01°)
7.41310241300926e+02	(-1.08233531304353e-03dB,-9.04487087851264e-01°)
7.49894209332465e+02	(-1.10754292675913e-03dB,-9.14958784430624e-01°)
7.58577575029193e+02	(-1.13333754976207e-03dB,-9.25551675342878e-01°)
7.67361489361828e+02	(-1.15973284812158e-03dB,-9.36267161767228e-01°)
7.76247116628701e+02	(-1.18674280589051e-03dB,-9.47106661031026e-01°)
7.85235634610081e+02	(-1.21438173250100e-03dB,-9.58071606794068e-01°)
7.94328234724291e+02	(-1.24266427032671e-03dB,-9.69163449234919e-01°)
8.03526122185627e+02	(-1.27160540241944e-03dB,-9.80383655239315e-01°)
8.12830516164109e+02	(-1.30122046042681e-03dB,-9.91733708590624e-01°)
8.22242649947081e+02	(-1.33152513269411e-03dB,-1.00321511016243e+00°)
8.31763771102681e+02	(-1.36253547255115e-03dB,-1.01482937811322e+00°)
8.41395141645205e+02	(-1.39426790679293e-03dB,-1.02657804808321e+00°)
8.51138038202387e+02	(-1.42673924436182e-03dB,-1.03846267339338e+00°)
8.60993752184611e+02	(-1.45996668521599e-03dB,-1.05048482524662e+00°)
8.70963589956091e+02	(-1.49396782942641e-03dB,-1.06264609293113e+00°)
8.81048873008025e+02	(-1.52876068645724e-03dB,-1.07494808402605e+00°)
8.91250938133757e+02	(-1.56436368468944e-03dB,-1.08739242460929e+00°)
9.01571137605968e+02	(-1.60079568114041e-03dB,-1.09998075946770e+00°)
9.12010839355921e+02	(-1.63807597142405e-03dB,-1.11271475230946e+00°)
9.22571427154775e+02	(-1.67622429993872e-03dB,-1.12559608597884e+00°)
9.33254300797003e+02	(-1.71526087028720e-03dB,-1.13862646267323e+00°)
9.44060876285936e+02	(-1.75520635593328e-03dB,-1.15180760416262e+00°)
9.54992586021448e+02	(-1.79608191112712e-03dB,-1.16514125201132e+00°)
9.66050878989826e+02	(-1.83790918204809e-03dB,-1.17862916780224e+00°)
9.77237220955823e+02	(-1.88071031824938e-03dB,-1.19227313336344e+00°)
9.88553094656952e+02	(-1.92450798431636e-03dB,-1.20607495099725e+00°)
1.00000000000001e+03	(-1.96932537184415e-03dB,-1.22003644371174e+00°)
1.01157945425991e+03	(-2.01518621165621e-03dB,-1.23415945545475e+00°)
1.02329299228077e+03	(-2.06211478632688e-03dB,-1.24844585135043e+00°)
1.03514216667936e+03	(-2.11013594297689e-03dB,-1.26289751793828e+00°)
1.04712854805091e+03	(-2.15927510638750e-03dB,-1.27751636341471e+00°)
1.05925372517730e+03	(-2.20955829238401e-03dB,-1.29230431787729e+00°)
1.07151930523762e+03	(-2.26101212156795e-03dB,-1.30726333357144e+00°)
1.08392691402122e+03	(-2.31366383333237e-03dB,-1.32239538513990e+00°)
1.09647819614320e+03	(-2.36754130022121e-03dB,-1.33770246987468e+00°)
1.10917481526242e+03	(-2.42267304261165e-03dB,-1.35318660797183e+00°)
1.12201845430198e+03	(-2.47908824375030e-03dB,-1.36884984278876e+00°)
1.13501081567233e+03	(-2.53681676510015e-03dB,-1.38469424110433e+00°)
1.14815362149690e+03	(-2.59588916208512e-03dB,-1.40072189338169e+00°)
1.16144861384036e+03	(-2.65633670018125e-03dB,-1.41693491403380e+00°)
1.17489755493955e+03	(-2.71819137135949e-03dB,-1.43333544169178e+00°)
1.18850222743704e+03	(-2.78148591094304e-03dB,-1.44992563947604e+00°)
1.20226443461743e+03	(-2.84625381482048e-03dB,-1.46670769527016e+00°)
1.21618600064639e+03	(-2.91252935707851e-03dB,-1.48368382199775e+00°)
1.23026877081240e+03	(-2.98034760803822e-03dB,-1.50085625790199e+00°)
1.24451461177140e+03	(-3.04974445268918e-03dB,-1.51822726682818e+00°)
1.25892541179419e+03	(-3.12075660957171e-03dB,-1.53579913850910e+00°)
1.27350308101668e+03	(-3.19342165008643e-03dB,-1.55357418885338e+00°)
1.28824955169315e+03	(-3.26777801822445e-03dB,-1.57155476023671e+00°)
1.30316677845232e+03	(-3.34386505079857e-03dB,-1.58974322179606e+00°)
1.31825673855643e+03	(-3.42172299810235e-03dB,-1.60814196972688e+00°)
1.33352143216334e+03	(-3.50139304505719e-03dB,-1.62675342758328e+00°)
1.34896288259167e+03	(-3.58291733284385e-03dB,-1.64558004658125e+00°)
1.36458313658895e+03	(-3.66633898103685e-03dB,-1.66462430590486e+00°)
1.38038426460291e+03	(-3.75170211023649e-03dB,-1.68388871301562e+00°)
1.39636836105596e+03	(-3.83905186524301e-03dB,-1.70337580396477e+00°)
1.41253754462278e+03	(-3.92843443872214e-03dB,-1.72308814370880e+00°)
1.42889395851112e+03	(-4.01989709547332e-03dB,-1.74302832642797e+00°)
1.44543977074595e+03	(-4.11348819719191e-03dB,-1.76319897584804e+00°)
1.46217717445674e+03	(-4.20925722784930e-03dB,-1.78360274556504e+00°)
1.47910838816823e+03	(-4.30725481962270e-03dB,-1.80424231937334e+00°)
1.49623565609446e+03	(-4.40753277944077e-03dB,-1.82512041159674e+00°)
1.51356124843623e+03	(-4.51014411612897e-03dB,-1.84623976742284e+00°)
1.53108746168205e+03	(-4.61514306817351e-03dB,-1.86760316324060e+00°)
1.54881661891251e+03	(-4.72258513212934e-03dB,-1.88921340698110e+00°)
1.56675107010817e+03	(-4.83252709167094e-03dB,-1.91107333846154e+00°)
1.58489319246114e+03	(-4.94502704731311e-03dB,-1.93318582973246e+00°)
1.60324539069007e+03	(-5.06014444681616e-03dB,-1.95555378542826e+00°)
1.62181009735896e+03	(-5.17794011626997e-03dB,-1.97818014312092e+00°)
1.64058977319957e+03	(-5.29847629190982e-03dB,-2.00106787367706e+00°)
1.65958690743759e+03	(-5.42181665264325e-03dB,-2.02421998161823e+00°)
1.67880401812259e+03	(-5.54802635332428e-03dB,-2.04763950548455e+00°)
1.69824365246177e+03	(-5.67717205879319e-03dB,-2.07132951820157e+00°)
1.71790838715762e+03	(-5.80932197868905e-03dB,-2.09529312745053e+00°)
1.73780082874940e+03	(-5.94454590304472e-03dB,-2.11953347604184e+00°)
1.75792361395872e+03	(-6.08291523872172e-03dB,-2.14405374229197e+00°)
1.77827941003895e+03	(-6.22450304663774e-03dB,-2.16885714040358e+00°)
1.79887091512882e+03	(-6.36938407988023e-03dB,-2.19394692084902e+00°)
1.81970085861001e+03	(-6.51763482265085e-03dB,-2.21932637075714e+00°)
1.84077200146899e+03	(-6.66933353013740e-03dB,-2.24499881430342e+00°)
1.86208713666290e+03	(-6.82456026923978e-03dB,-2.27096761310343e+00°)
1.88364908948983e+03	(-6.98339696027362e-03dB,-2.29723616660961e+00°)
1.90546071796328e+03	(-7.14592741958981e-03dB,-2.32380791251136e+00°)
1.92752491319097e+03	(-7.31223740316230e-03dB,-2.35068632713842e+00°)
1.94984459975808e+03	(-7.48241465118575e-03dB,-2.37787492586760e+00°)
1.97242273611489e+03	(-7.65654893365728e-03dB,-2.40537726353277e+00°)
1.99526231496891e+03	(-7.83473209700531e-03dB,-2.43319693483813e+00°)
2.01836636368160e+03	(-8.01705811177558e-03dB,-2.46133757477475e+00°)
2.04173794466956e+03	(-8.20362312138623e-03dB,-2.48980285904039e+00°)
2.06538015581057e+03	(-8.39452549199882e-03dB,-2.51859650446253e+00°)
2.08929613085408e+03	(-8.58986586349816e-03dB,-2.54772226942464e+00°)
2.11348903983668e+03	(-8.78974720163837e-03dB,-2.57718395429562e+00°)
2.13796208950227e+03	(-8.99427485135606e-03dB,-2.60698540186244e+00°)
2.16271852372706e+03	(-9.20355659129278e-03dB,-2.63713049776597e+00°)
2.18776162394959e+03	(-9.41770268953429e-03dB,-2.66762317093984e+00°)
2.21309470960568e+03	(-9.63682596061026e-03dB,-2.69846739405247e+00°)
2.23872113856838e+03	(-9.86104182378515e-03dB,-2.72966718395216e+00°)
2.26464430759310e+03	(-1.00904683626415e-02dB,-2.76122660211516e+00°)
2.29086765276781e+03	(-1.03252263860019e-02dB,-2.79314975509675e+00°)
2.31739464996852e+03	(-1.05654394902375e-02dB,-2.82544079498532e+00°)
2.34422881531996e+03	(-1.08112341229484e-02dB,-2.85810391985927e+00°)
2.37137370566170e+03	(-1.10627396480828e-02dB,-2.89114337424680e+00°)
2.39883291901953e+03	(-1.13200884125026e-02dB,-2.92456344958856e+00°)
2.42661009508246e+03	(-1.15834158140562e-02dB,-2.95836848470296e+00°)
2.45470891568508e+03	(-1.18528603711399e-02dB,-2.99256286625425e+00°)
2.48313310529562e+03	(-1.21285637938358e-02dB,-3.02715102922319e+00°)
2.51188643150963e+03	(-1.24106710566229e-02dB,-3.06213745738033e+00°)
2.54097270554935e+03	(-1.26993304727095e-02dB,-3.09752668376175e+00°)
2.57039578276891e+03	(-1.29946937700071e-02dB,-3.13332329114729e+00°)
2.60015956316532e+03	(-1.32969161688157e-02dB,-3.16953191254103e+00°)
2.63026799189543e+03	(-1.36061564611900e-02dB,-3.20615723165417e+00°)
2.66072505979886e+03	(-1.39225770921126e-02dB,-3.24320398339001e+00°)
2.69153480392697e+03	(-1.42463442424211e-02dB,-3.28067695433103e+00°)
2.72270130807796e+03	(-1.45776279135885e-02dB,-3.31858098322801e+00°)
2.75422870333822e+03	(-1.49166020143683e-02dB,-3.35692096149100e+00°)
2.78612116862982e+03	(-1.52634444493485e-02dB,-3.39570183368216e+00°)
2.81838293126451e+03	(-1.56183372094504e-02dB,-3.43492859801017e+00°)
2.85101826750396e+03	(-1.59814664644279e-02dB,-3.47460630682632e+00°)
2.88403150312666e+03	(-1.63530226573730e-02dB,-3.51474006712197e+00°)
2.91742701400122e+03	(-1.67332006013165e-02dB,-3.55533504102735e+00°)
2.95120922666644e+03	(-1.71221995779318e-02dB,-3.59639644631154e+00°)
2.98538261891802e+03	(-1.75202234383800e-02dB,-3.63792955688345e+00°)
3.01995172040208e+03	(-1.79274807063820e-02dB,-3.67993970329380e+00°)
3.05492111321557e+03	(-1.83441846835110e-02dB,-3.72243227323768e+00°)
3.09029543251365e+03	(-1.87705535567846e-02dB,-3.76541271205779e+00°)
3.12607936712402e+03	(-1.92068105085792e-02dB,-3.80888652324807e+00°)
3.16227766016844e+03	(-1.96531838289468e-02dB,-3.85285926895751e+00°)
3.19889510969146e+03	(-2.01099070303406e-02dB,-3.89733657049407e+00°)
3.23593656929635e+03	(-2.05772189648136e-02dB,-3.94232410882834e+00°)
3.27340694878845e+03	(-2.10553639437654e-02dB,-3.98782762509695e+00°)
3.31131121482598e+03	(-2.15445918602324e-02dB,-4.03385292110539e+00°)
3.34965439157834e+03	(-2.20451583138269e-02dB,-4.08040585982995e+00°)
3.38844156139209e+03	(-2.25573247383267e-02dB,-4.12749236591881e+00°)
3.42767786546457e+03	(-2.30813585320174e-02dB,-4.17511842619169e+00°)
3.46736850452539e+03	(-2.36175331907921e-02dB,-4.22329009013816e+00°)
3.50751873952575e+03	(-2.41661284440821e-02dB,-4.27201347041405e+00°)
3.54813389233583e+03	(-2.47274303936896e-02dB,-4.32129474333594e+00°)
3.58921934645013e+03	(-2.53017316555437e-02dB,-4.37114014937322e+00°)
3.63078054770109e+03	(-2.58893315044460e-02dB,-4.42155599363767e+00°)
3.67282300498092e+03	(-2.64905360218838e-02dB,-4.47254864636997e+00°)
3.71535229097180e+03	(-2.71056582469408e-02dB,-4.52412454342315e+00°)
3.75837404288452e+03	(-2.77350183303553e-02dB,-4.57629018674234e+00°)
3.80189396320569e+03	(-2.83789436918222e-02dB,-4.62905214484068e+00°)
3.84591782045362e+03	(-2.90377691805584e-02dB,-4.68241705327099e+00°)
3.89045144994289e+03	(-2.97118372392116e-02dB,-4.73639161509279e+00°)
3.93550075455786e+03	(-3.04014980711547e-02dB,-4.79098260133428e+00°)
3.98107170553506e+03	(-3.11071098112581e-02dB,-4.84619685144896e+00°)
4.02717034325468e+03	(-3.18290387001600e-02dB,-4.90204127376644e+00°)
4.07380277804121e+03	(-3.25676592621084e-02dB,-4.95852284593690e+00°)
4.12097519097339e+03	(-3.33233544864824e-02dB,-5.01564861536901e+00°)
4.16869383470344e+03	(-3.40965160129515e-02dB,-5.07342569966057e+00°)
4.21696503428591e+03	(-3.48875443204658e-02dB,-5.13186128702154e+00°)
4.26579518801602e+03	(-3.56968489200150e-02dB,-5.19096263668902e+00°)
4.31519076827775e+03	(-3.65248485513178e-02dB,-5.25073707933348e+00°)
4.36515832240175e+03	(-3.73719713834450e-02dB,-5.31119201745588e+00°)
4.41570447353322e+03	(-3.82386552194573e-02dB,-5.37233492577504e+00°)
4.46683592150973e+03	(-3.91253477051384e-02dB,-5.43417335160478e+00°)
4.51855944374932e+03	(-4.00325065418553e-02dB,-5.49671491522002e+00°)
4.57088189614885e+03	(-4.09605997036458e-02dB,-5.55996731021157e+00°)
4.62381021399271e+03	(-4.19101056585550e-02dB,-5.62393830382867e+00°)
4.67735141287209e+03	(-4.28815135943456e-02dB,-5.68863573730876e+00°)
4.73151258961491e+03	(-4.38753236485662e-02dB,-5.75406752619386e+00°)
4.78630092322649e+03	(-4.48920471431291e-02dB,-5.82024166063267e+00°)
4.84172367584110e+03	(-4.59322068233886e-02dB,-5.88716620566790e+00°)
4.89778819368457e+03	(-4.69963371018212e-02dB,-5.95484930150792e+00°)
4.95450190804801e+03	(-4.80849843063795e-02dB,-6.02329916378200e+00°)
5.01187233627284e+03	(-4.91987069335431e-02dB,-6.09252408377833e+00°)
5.06990708274716e+03	(-5.03380759061665e-02dB,-6.16253242866409e+00°)
5.12861383991376e+03	(-5.15036748361763e-02dB,-6.23333264168655e+00°)
5.18800038928973e+03	(-5.26961002921630e-02dB,-6.30493324235450e+00°)
5.24807460249785e+03	(-5.39159620719565e-02dB,-6.37734282659891e+00°)
5.30884444231001e+03	(-5.51638834802162e-02dB,-6.45057006691212e+00°)
5.37031796370265e+03	(-5.64405016111146e-02dB,-6.52462371246435e+00°)
5.43250331492446e+03	(-5.77464676361601e-02dB,-6.59951258919675e+00°)
5.49540873857637e+03	(-5.90824470972240e-02dB,-6.67524559988978e+00°)
5.55904257270416e+03	(-6.04491202048307e-02dB,-6.75183172420599e+00°)
5.62341325190362e+03	(-6.18471821417338e-02dB,-6.82928001870610e+00°)
5.68852930843855e+03	(-6.32773433718789e-02dB,-6.90759961683713e+00°)
5.75439937337170e+03	(-6.47403299547700e-02dB,-6.98679972889162e+00°)
5.82103217770885e+03	(-6.62368838652810e-02dB,-7.06688964193660e+00°)
5.88843655355603e+03	(-6.77677633189898e-02dB,-7.14787871971110e+00°)
5.95662143529025e+03	(-6.93337431030583e-02dB,-7.22977640249101e+00°)
6.02559586074372e+03	(-7.09356149126967e-02dB,-7.31259220692000e+00°)
6.09536897240184e+03	(-7.25741876932608e-02dB,-7.39633572580497e+00°)
6.16595001861497e+03	(-7.42502879880079e-02dB,-7.48101662787497e+00°)
6.23734835482434e+03	(-7.59647602915629e-02dB,-7.56664465750189e+00°)
6.30957344480208e+03	(-7.77184674090983e-02dB,-7.65322963438166e+00°)
6.38263486190564e+03	(-7.95122908212752e-02dB,-7.74078145317438e+00°)
6.45654229034671e+03	(-8.13471310549482e-02dB,-7.82931008310187e+00°)
6.53130552647488e+03	(-8.32239080596731e-02dB,-7.91882556750105e+00°)
6.60693448007612e+03	(-8.51435615900158e-02dB,-8.00933802333163e+00°)
6.68343917568631e+03	(-8.71070515936826e-02dB,-8.10085764063634e+00°)
6.76082975391998e+03	(-8.91153586054504e-02dB,-8.19339468195200e+00°)
6.83911647281446e+03	(-9.11694841469560e-02dB,-8.28695948166984e+00°)
6.91830970918953e+03	(-9.32704511322443e-02dB,-8.38156244534314e+00°)
6.99841996002291e+03	(-9.54193042791736e-02dB,-8.47721404894041e+00°)
7.07945784384155e+03	(-9.76171105265611e-02dB,-8.57392483804222e+00°)
7.16143410212920e+03	(-9.98649594571158e-02dB,-8.67170542697987e+00°)
7.24435960075008e+03	(-1.02163963726079e-01dB,-8.77056649791378e+00°)
7.32824533138922e+03	(-1.04515259495584e-01dB,-8.87051879984968e+00°)
7.41310241300936e+03	(-1.06920006874622e-01dB,-8.97157314759062e+00°)
7.49894209332474e+03	(-1.09379390364639e-01dB,-9.07374042062256e+00°)
7.58577575029203e+03	(-1.11894619310638e-01dB,-9.17703156193151e+00°)
7.67361489361838e+03	(-1.14466928357759e-01dB,-9.28145757674999e+00°)
7.76247116628711e+03	(-1.17097577913225e-01dB,-9.38702953123060e+00°)
7.85235634610092e+03	(-1.19787854613596e-01dB,-9.49375855104444e+00°)
7.94328234724302e+03	(-1.22539071797207e-01dB,-9.60165581990201e+00°)
8.03526122185638e+03	(-1.25352569981707e-01dB,-9.71073257799429e+00°)
8.12830516164120e+03	(-1.28229717346542e-01dB,-9.82100012035156e+00°)
8.22242649947092e+03	(-1.31171910220288e-01dB,-9.93246979511751e+00°)
8.31763771102692e+03	(-1.34180573572686e-01dB,-1.00451530017362e+01°)
8.41395141645217e+03	(-1.37257161511188e-01dB,-1.01590611890493e+01°)
8.51138038202398e+03	(-1.40403157781894e-01dB,-1.02742058533010e+01°)
8.60993752184623e+03	(-1.43620076274664e-01dB,-1.03905985360480e+01°)
8.70963589956103e+03	(-1.46909461532226e-01dB,-1.05082508219722e+01°)
8.81048873008037e+03	(-1.50272889263060e-01dB,-1.06271743365925e+01°)
8.91250938133769e+03	(-1.53711966857850e-01dB,-1.07473807438750e+01°)
9.01571137605980e+03	(-1.57228333909228e-01dB,-1.08688817437356e+01°)
9.12010839355933e+03	(-1.60823662734596e-01dB,-1.09916890694360e+01°)
9.22571427154787e+03	(-1.64499658901712e-01dB,-1.11158144848672e+01°)
9.33254300797015e+03	(-1.68258061756786e-01dB,-1.12412697817192e+01°)
9.44060876285948e+03	(-1.72100644954730e-01dB,-1.13680667765341e+01°)
9.54992586021461e+03	(-1.76029216991278e-01dB,-1.14962173076386e+01°)
9.66050878989839e+03	(-1.80045621736600e-01dB,-1.16257332319545e+01°)
9.77237220955837e+03	(-1.84151738970034e-01dB,-1.17566264216831e+01°)
9.88553094656965e+03	(-1.88349484915599e-01dB,-1.18889087608608e+01°)
1.00000000000003e+04	(-1.92640812777786e-01dB,-1.20225921417838e+01°)
1.01157945425993e+04	(-1.97027713277293e-01dB,-1.21576884612978e+01°)
1.02329299228078e+04	(-2.01512215186173e-01dB,-1.22942096169504e+01°)
1.03514216667937e+04	(-2.06096385861950e-01dB,-1.24321675030033e+01°)
1.04712854805093e+04	(-2.10782331780207e-01dB,-1.25715740063011e+01°)
1.05925372517732e+04	(-2.15572199065072e-01dB,-1.27124410019938e+01°)
1.07151930523764e+04	(-2.20468174017114e-01dB,-1.28547803491109e+01°)
1.08392691402123e+04	(-2.25472483638006e-01dB,-1.29986038859823e+01°)
1.09647819614321e+04	(-2.30587396151390e-01dB,-1.31439234255062e+01°)
1.10917481526243e+04	(-2.35815221519291e-01dB,-1.32907507502578e+01°)
1.12201845430199e+04	(-2.41158311953412e-01dB,-1.34390976074387e+01°)
1.13501081567235e+04	(-2.46619062420651e-01dB,-1.35889757036632e+01°)
1.14815362149691e+04	(-2.52199911142068e-01dB,-1.37403966995791e+01°)
1.16144861384037e+04	(-2.57903340084610e-01dB,-1.38933722043197e+01°)
1.17489755493956e+04	(-2.63731875444752e-01dB,-1.40479137697862e+01°)
1.18850222743705e+04	(-2.69688088123321e-01dB,-1.42040328847564e+01°)
1.20226443461745e+04	(-2.75774594190567e-01dB,-1.43617409688184e+01°)
1.21618600064640e+04	(-2.81994055340691e-01dB,-1.45210493661267e+01°)
1.23026877081242e+04	(-2.88349179334880e-01dB,-1.46819693389787e+01°)
1.24451461177142e+04	(-2.94842720431916e-01dB,-1.48445120612100e+01°)
1.25892541179420e+04	(-3.01477479805396e-01dB,-1.50086886114063e+01°)
1.27350308101670e+04	(-3.08256305946571e-01dB,-1.51745099659299e+01°)
1.28824955169317e+04	(-3.15182095051725e-01dB,-1.53419869917601e+01°)
1.30316677845234e+04	(-3.22257791393094e-01dB,-1.55111304391461e+01°)
1.31825673855644e+04	(-3.29486387672138e-01dB,-1.56819509340706e+01°)
1.33352143216336e+04	(-3.36870925354122e-01dB,-1.58544589705233e+01°)
1.34896288259169e+04	(-3.44414494982752e-01dB,-1.60286649025844e+01°)
1.36458313658896e+04	(-3.52120236473726e-01dB,-1.62045789363165e+01°)
1.38038426460292e+04	(-3.59991339385945e-01dB,-1.63822111214655e+01°)
1.39636836105598e+04	(-3.68031043169112e-01dB,-1.65615713429698e+01°)
1.41253754462279e+04	(-3.76242637386433e-01dB,-1.67426693122788e+01°)
1.42889395851114e+04	(-3.84629461911090e-01dB,-1.69255145584802e+01°)
1.44543977074597e+04	(-3.93194907095132e-01dB,-1.71101164192384e+01°)
1.46217717445676e+04	(-4.01942413909384e-01dB,-1.72964840315434e+01°)
1.47910838816825e+04	(-4.10875474052983e-01dB,-1.74846263222739e+01°)
1.49623565609448e+04	(-4.19997630031067e-01dB,-1.76745519985735e+01°)
1.51356124843625e+04	(-4.29312475199186e-01dB,-1.78662695380457e+01°)
1.53108746168207e+04	(-4.38823653772916e-01dB,-1.80597871787674e+01°)
1.54881661891253e+04	(-4.48534860801167e-01dB,-1.82551129091249e+01°)
1.56675107010819e+04	(-4.58449842101661e-01dB,-1.84522544574767e+01°)
1.58489319246116e+04	(-4.68572394157012e-01dB,-1.86512192816456e+01°)
1.60324539069009e+04	(-4.78906363969845e-01dB,-1.88520145582450e+01°)
1.62181009735898e+04	(-4.89455648875355e-01dB,-1.90546471718442e+01°)
1.64058977319959e+04	(-5.00224196309736e-01dB,-1.92591237039779e+01°)
1.65958690743761e+04	(-5.11216003532825e-01dB,-1.94654504220051e+01°)
1.67880401812261e+04	(-5.22435117303402e-01dB,-1.96736332678254e+01°)
1.69824365246179e+04	(-5.33885633505474e-01dB,-1.98836778464567e+01°)
1.71790838715764e+04	(-5.45571696723978e-01dB,-2.00955894144843e+01°)
1.73780082874943e+04	(-5.57497499768210e-01dB,-2.03093728683877e+01°)
1.75792361395875e+04	(-5.69667283141478e-01dB,-2.05250327327542e+01°)
1.77827941003898e+04	(-5.82085334455265e-01dB,-2.07425731483886e+01°)
1.79887091512884e+04	(-5.94755987786409e-01dB,-2.09619978603272e+01°)
1.81970085861004e+04	(-6.07683622975673e-01dB,-2.11833102057691e+01°)
1.84077200146901e+04	(-6.20872664866200e-01dB,-2.14065131019326e+01°)
1.86208713666292e+04	(-6.34327582480319e-01dB,-2.16316090338507e+01°)
1.88364908948986e+04	(-6.48052888133231e-01dB,-2.18586000421165e+01°)
1.90546071796331e+04	(-6.62053136482114e-01dB,-2.20874877105917e+01°)
1.92752491319099e+04	(-6.76332923509268e-01dB,-2.23182731540920e+01°)
1.94984459975810e+04	(-6.90896885437948e-01dB,-2.25509570060627e+01°)
1.97242273611491e+04	(-7.05749697579549e-01dB,-2.27855394062606e+01°)
1.99526231496894e+04	(-7.20896073110976e-01dB,-2.30220199884563e+01°)
2.01836636368162e+04	(-7.36340761780947e-01dB,-2.32603978681737e+01°)
2.04173794466959e+04	(-7.52088548544207e-01dB,-2.35006716304833e+01°)
2.06538015581059e+04	(-7.68144252122579e-01dB,-2.37428393178673e+01°)
2.08929613085410e+04	(-7.84512723491936e-01dB,-2.39868984181730e+01°)
2.11348903983671e+04	(-8.01198844294267e-01dB,-2.42328458526752e+01°)
2.13796208950230e+04	(-8.18207525174063e-01dB,-2.44806779642653e+01°)
2.16271852372709e+04	(-8.35543704038413e-01dB,-2.47303905057874e+01°)
2.18776162394962e+04	(-8.53212344240255e-01dB,-2.49819786285425e+01°)
2.21309470960571e+04	(-8.71218432684386e-01dB,-2.52354368709810e+01°)
2.23872113856841e+04	(-8.89566977855974e-01dB,-2.54907591476053e+01°)
2.26464430759313e+04	(-9.08263007771344e-01dB,-2.57479387381050e+01°)
2.29086765276784e+04	(-9.27311567851109e-01dB,-2.60069682767463e+01°)
2.31739464996855e+04	(-9.46717718715726e-01dB,-2.62678397420396e+01°)
2.34422881532000e+04	(-9.66486533903777e-01dB,-2.65305444467078e+01°)
2.37137370566173e+04	(-9.86623097513413e-01dB,-2.67950730279799e+01°)
2.39883291901957e+04	(-1.00713250176754e+00dB,-2.70614154382327e+01°)
2.42661009508249e+04	(-1.02801984450358e+00dB,-2.73295609360066e+01°)
2.45470891568511e+04	(-1.04929022658867e+00dB,-2.75994980774181e+01°)
2.48313310529565e+04	(-1.07094874926155e+00dB,-2.78712147079960e+01°)
2.51188643150966e+04	(-1.09300051140227e+00dB,-2.81446979549632e+01°)
2.54097270554939e+04	(-1.11545060673145e+00dB,-2.84199342199923e+01°)
2.57039578276895e+04	(-1.13830412094054e+00dB,-2.86969091724571e+01°)
2.60015956316536e+04	(-1.16156612875526e+00dB,-2.89756077432057e+01°)
2.63026799189547e+04	(-1.18524169093399e+00dB,-2.92560141188814e+01°)
2.66072505979890e+04	(-1.20933585120372e+00dB,-2.95381117368122e+01°)
2.69153480392700e+04	(-1.23385363313589e+00dB,-2.98218832804974e+01°)
2.72270130807800e+04	(-1.25880003696478e+00dB,-3.01073106757113e+01°)
2.75422870333826e+04	(-1.28418003635162e+00dB,-3.03943750872497e+01°)
2.78612116862986e+04	(-1.30999857509726e+00dB,-3.06830569163409e+01°)
2.81838293126455e+04	(-1.33626056380690e+00dB,-3.09733357987433e+01°)
2.85101826750400e+04	(-1.36297087651045e+00dB,-3.12651906035525e+01°)
2.88403150312670e+04	(-1.39013434724207e+00dB,-3.15585994327360e+01°)
2.91742701400126e+04	(-1.41775576658312e+00dB,-3.18535396214181e+01°)
2.95120922666648e+04	(-1.44583987817241e+00dB,-3.21499877389321e+01°)
2.98538261891806e+04	(-1.47439137518819e+00dB,-3.24479195906583e+01°)
3.01995172040212e+04	(-1.50341489680652e+00dB,-3.27473102206649e+01°)
3.05492111321561e+04	(-1.53291502464039e+00dB,-3.30481339151659e+01°)
3.09029543251369e+04	(-1.56289627916493e+00dB,-3.33503642068129e+01°)
3.12607936712406e+04	(-1.59336311613333e+00dB,-3.36539738798307e+01°)
3.16227766016848e+04	(-1.62431992298889e+00dB,-3.39589349760103e+01°)
3.19889510969150e+04	(-1.65577101527853e+00dB,-3.42652188015686e+01°)
3.23593656929639e+04	(-1.68772063307321e+00dB,-3.45727959348827e+01°)
3.27340694878849e+04	(-1.72017293740076e+00dB,-3.48816362351066e+01°)
3.31131121482602e+04	(-1.75313200669711e+00dB,-3.51917088516735e+01°)
3.34965439157839e+04	(-1.78660183328138e+00dB,-3.55029822346891e+01°)
3.38844156139214e+04	(-1.82058631986106e+00dB,-3.58154241462151e+01°)
3.42767786546462e+04	(-1.85508927607293e+00dB,-3.61290016724442e+01°)
3.46736850452543e+04	(-1.89011441506609e+00dB,-3.64436812367621e+01°)
3.50751873952580e+04	(-1.92566535013277e+00dB,-3.67594286136939e+01°)
3.54813389233588e+04	(-1.96174559139334e+00dB,-3.70762089437273e+01°)
3.58921934645017e+04	(-1.99835854254134e+00dB,-3.73939867490035e+01°)
3.63078054770114e+04	(-2.03550749765482e+00dB,-3.77127259498670e+01°)
3.67282300498097e+04	(-2.07319563807979e+00dB,-3.80323898822597e+01°)
3.71535229097185e+04	(-2.11142602939195e+00dB,-3.83529413159446e+01°)
3.75837404288457e+04	(-2.15020161844255e+00dB,-3.86743424735440e+01°)
3.80189396320574e+04	(-2.18952523049412e+00dB,-3.89965550503709e+01°)
3.84591782045367e+04	(-2.22939956645198e+00dB,-3.93195402350337e+01°)
3.89045144994294e+04	(-2.26982720019687e+00dB,-3.96432587307910e+01°)
3.93550075455791e+04	(-2.31081057602440e+00dB,-3.99676707776312e+01°)
3.98107170553511e+04	(-2.35235200619639e+00dB,-4.02927361750500e+01°)
4.02717034325473e+04	(-2.39445366860935e+00dB,-4.06184143054966e+01°)
4.07380277804127e+04	(-2.43711760458488e+00dB,-4.09446641584575e+01°)
4.12097519097345e+04	(-2.48034571678683e+00dB,-4.12714443551467e+01°)
4.16869383470350e+04	(-2.52413976726951e+00dB,-4.15987131737656e+01°)
4.21696503428597e+04	(-2.56850137566122e+00dB,-4.19264285752990e+01°)
4.26579518801608e+04	(-2.61343201748710e+00dB,-4.22545482298081e+01°)
4.31519076827780e+04	(-2.65893302263482e+00dB,-4.25830295431825e+01°)
4.36515832240181e+04	(-2.70500557396663e+00dB,-4.29118296843102e+01°)
4.41570447353328e+04	(-2.75165070608070e+00dB,-4.32409056126253e+01°)
4.46683592150979e+04	(-2.79886930422458e+00dB,-4.35702141059891e+01°)
4.51855944374938e+04	(-2.84666210336314e+00dB,-4.38997117888624e+01°)
4.57088189614891e+04	(-2.89502968740311e+00dB,-4.42293551607244e+01°)
4.62381021399277e+04	(-2.94397248857593e+00dB,-4.45591006246919e+01°)
4.67735141287215e+04	(-2.99349078698033e+00dB,-4.48889045162949e+01°)
4.73151258961497e+04	(-3.04358471028557e+00dB,-4.52187231323604e+01°)
4.78630092322655e+04	(-3.09425423359618e+00dB,-4.55485127599594e+01°)
4.84172367584117e+04	(-3.14549917947832e+00dB,-4.58782297053690e+01°)
4.89778819368464e+04	(-3.19731921814782e+00dB,-4.62078303230039e+01°)
4.95450190804808e+04	(-3.24971386781943e+00dB,-4.65372710442705e+01°)
5.01187233627290e+04	(-3.30268249521652e+00dB,-4.68665084062958e+01°)
5.06990708274723e+04	(-3.35622431624002e+00dB,-4.71954990804865e+01°)
5.12861383991383e+04	(-3.41033839679527e+00dB,-4.75241999008728e+01°)
5.18800038928980e+04	(-3.46502365377463e+00dB,-4.78525678921896e+01°)
5.24807460249792e+04	(-3.52027885619404e+00dB,-4.81805602976547e+01°)
5.30884444231008e+04	(-3.57610262648064e+00dB,-4.85081346063969e+01°)
5.37031796370272e+04	(-3.63249344190890e+00dB,-4.88352485804945e+01°)
5.43250331492453e+04	(-3.68944963618186e+00dB,-4.91618602815820e+01°)
5.49540873857645e+04	(-3.74696940115421e+00dB,-4.94879280969850e+01°)
5.55904257270424e+04	(-3.80505078869334e+00dB,-4.98134107653449e+01°)
5.62341325190370e+04	(-3.86369171267437e+00dB,-5.01382674016977e+01°)
5.68852930843862e+04	(-3.92288995110486e+00dB,-5.04624575219689e+01°)
5.75439937337178e+04	(-3.98264314837474e+00dB,-5.07859410668538e+01°)
5.82103217770893e+04	(-4.04294881762659e+00dB,-5.11086784250479e+01°)
5.88843655355611e+04	(-4.10380434324135e+00dB,-5.14306304558004e+01°)
5.95662143529032e+04	(-4.16520698343439e+00dB,-5.17517585107596e+01°)
6.02559586074380e+04	(-4.22715387295640e+00dB,-5.20720244550860e+01°)
6.09536897240192e+04	(-4.28964202589383e+00dB,-5.23913906878070e+01°)
6.16595001861505e+04	(-4.35266833856307e+00dB,-5.27098201613918e+01°)
6.23734835482442e+04	(-4.41622959249273e+00dB,-5.30272764005252e+01°)
6.30957344480217e+04	(-4.48032245748808e+00dB,-5.33437235200632e+01°)
6.38263486190573e+04	(-4.54494349477178e+00dB,-5.36591262421525e+01°)
6.45654229034680e+04	(-4.61008916019487e+00dB,-5.39734499125014e+01°)
6.53130552647497e+04	(-4.67575580751202e+00dB,-5.42866605157890e+01°)
6.60693448007621e+04	(-4.74193969171480e+00dB,-5.45987246902026e+01°)
6.68343917568640e+04	(-4.80863697241718e+00dB,-5.49096097410964e+01°)
6.76082975392007e+04	(-4.87584371728691e+00dB,-5.52192836537646e+01°)
6.83911647281455e+04	(-4.94355590551690e+00dB,-5.55277151053252e+01°)
6.91830970918963e+04	(-5.01176943133052e+00dB,-5.58348734757135e+01°)
6.99841996002300e+04	(-5.08048010751495e+00dB,-5.61407288577838e+01°)
7.07945784384165e+04	(-5.14968366897658e+00dB,-5.64452520665230e+01°)
7.16143410212929e+04	(-5.21937577631283e+00dB,-5.67484146473781e+01°)
7.24435960075018e+04	(-5.28955201939465e+00dB,-5.70501888837047e+01°)
7.32824533138932e+04	(-5.36020792095403e+00dB,-5.73505478033425e+01°)
7.41310241300946e+04	(-5.43133894017131e+00dB,-5.76494651843275e+01°)
7.49894209332484e+04	(-5.50294047625672e+00dB,-5.79469155597511e+01°)
7.58577575029213e+04	(-5.57500787202129e+00dB,-5.82428742217782e+01°)
7.67361489361848e+04	(-5.64753641743188e+00dB,-5.85373172248364e+01°)
7.76247116628722e+04	(-5.72052135314565e+00dB,-5.88302213879940e+01°)
7.85235634610102e+04	(-5.79395787401933e+00dB,-5.91215642965388e+01°)
7.94328234724312e+04	(-5.86784113258877e+00dB,-5.94113243027785e+01°)
8.03526122185648e+04	(-5.94216624251449e+00dB,-5.96994805260782e+01°)
8.12830516164131e+04	(-6.01692828198924e+00dB,-5.99860128521561e+01°)
8.22242649947103e+04	(-6.09212229710359e+00dB,-6.02709019316558e+01°)
8.31763771102703e+04	(-6.16774330516589e+00dB,-6.05541291780184e+01°)
8.41395141645228e+04	(-6.24378629797320e+00dB,-6.08356767646735e+01°)
8.51138038202410e+04	(-6.32024624502982e+00dB,-6.11155276215739e+01°)
8.60993752184634e+04	(-6.39711809671040e+00dB,-6.13936654310951e+01°)
8.70963589956115e+04	(-6.47439678736483e+00dB,-6.16700746233240e+01°)
8.81048873008049e+04	(-6.55207723836218e+00dB,-6.19447403707614e+01°)
8.91250938133780e+04	(-6.63015436107125e+00dB,-6.22176485824599e+01°)
9.01571137605992e+04	(-6.70862305977568e+00dB,-6.24887858976252e+01°)
9.12010839355946e+04	(-6.78747823452122e+00dB,-6.27581396787027e+01°)
9.22571427154799e+04	(-6.86671478389378e+00dB,-6.30256980039756e+01°)
9.33254300797028e+04	(-6.94632760772626e+00dB,-6.32914496596988e+01°)
9.44060876285961e+04	(-7.02631160973288e+00dB,-6.35553841317938e+01°)
9.54992586021474e+04	(-7.10666170006980e+00dB,-6.38174915971295e+01°)
9.66050878989852e+04	(-7.18737279782079e+00dB,-6.40777629144127e+01°)
9.77237220955849e+04	(-7.26843983340728e+00dB,-6.43361896147141e+01°)
9.88553094656978e+04	(-7.34985775092186e+00dB,-6.45927638916526e+01°)
1.00000000000004e+05	(-7.43162151038489e+00dB,-6.48474785912631e+01°)
1.01157945425994e+05	(-7.51372608992356e+00dB,-6.51003272015709e+01°)
1.02329299228080e+05	(-7.59616648787349e+00dB,-6.53513038418955e+01°)
1.03514216667939e+05	(-7.67893772480256e+00dB,-6.56004032519074e+01°)
1.04712854805094e+05	(-7.76203484545707e+00dB,-6.58476207804599e+01°)
1.05925372517733e+05	(-7.84545292063052e+00dB,-6.60929523742176e+01°)
1.07151930523765e+05	(-7.92918704895517e+00dB,-6.63363945661037e+01°)
1.08392691402125e+05	(-8.01323235861704e+00dB,-6.65779444635856e+01°)
1.09647819614323e+05	(-8.09758400899474e+00dB,-6.68175997368208e+01°)
1.10917481526245e+05	(-8.18223719222286e+00dB,-6.70553586066815e+01°)
1.12201845430201e+05	(-8.26718713468076e+00dB,-6.72912198326773e+01°)
1.13501081567236e+05	(-8.35242909840746e+00dB,-6.75251827007945e+01°)
1.14815362149693e+05	(-8.43795838244388e+00dB,-6.77572470112705e+01°)
1.16144861384039e+05	(-8.52377032410317e+00dB,-6.79874130663190e+01°)
1.17489755493958e+05	(-8.60986030017044e+00dB,-6.82156816578242e+01°)
1.18850222743707e+05	(-8.69622372803299e+00dB,-6.84420540550186e+01°)
1.20226443461746e+05	(-8.78285606674245e+00dB,-6.86665319921604e+01°)
1.21618600064642e+05	(-8.86975281800990e+00dB,-6.88891176562249e+01°)
1.23026877081243e+05	(-8.95690952713555e+00dB,-6.91098136746238e+01°)
1.24451461177144e+05	(-9.04432178387427e+00dB,-6.93286231029651e+01°)
1.25892541179422e+05	(-9.13198522323856e+00dB,-6.95455494128677e+01°)
1.27350308101671e+05	(-9.21989552624026e+00dB,-6.97605964798407e+01°)
1.28824955169319e+05	(-9.30804842057269e+00dB,-6.99737685712402e+01°)
1.30316677845235e+05	(-9.39643968123472e+00dB,-7.01850703343143e+01°)
1.31825673855646e+05	(-9.48506513109833e+00dB,-7.03945067843450e+01°)
1.33352143216338e+05	(-9.57392064142118e+00dB,-7.06020832928978e+01°)
1.34896288259171e+05	(-9.66300213230600e+00dB,-7.08078055761877e+01°)
1.36458313658898e+05	(-9.75230557310821e+00dB,-7.10116796835695e+01°)
1.38038426460294e+05	(-9.84182698279339e+00dB,-7.12137119861597e+01°)
1.39636836105600e+05	(-9.93156243024644e+00dB,-7.14139091655987e+01°)
1.41253754462281e+05	(-1.00215080345338e+01dB,-7.16122782029584e+01°)
1.42889395851116e+05	(-1.01116599651203e+01dB,-7.18088263678015e+01°)
1.44543977074599e+05	(-1.02020144420427e+01dB,-7.20035612073992e+01°)
1.46217717445678e+05	(-1.02925677360412e+01dB,-7.21964905361110e+01°)
1.47910838816827e+05	(-1.03833161686499e+01dB,-7.23876224249318e+01°)
1.49623565609450e+05	(-1.04742561122491e+01dB,-7.25769651912111e+01°)
1.51356124843627e+05	(-1.05653839900798e+01dB,-7.27645273885465e+01°)
1.53108746168210e+05	(-1.06566962762228e+01dB,-7.29503177968562e+01°)
1.54881661891255e+05	(-1.07481894955431e+01dB,-7.31343454126325e+01°)
1.56675107010822e+05	(-1.08398602236017e+01dB,-7.33166194393793e+01°)
1.58489319246118e+05	(-1.09317050865360e+01dB,-7.34971492782352e+01°)
1.60324539069011e+05	(-1.10237207609102e+01dB,-7.36759445187844e+01°)
1.62181009735900e+05	(-1.11159039735375e+01dB,-7.38530149300564e+01°)
1.64058977319961e+05	(-1.12082515012744e+01dB,-7.40283704517156e+01°)
1.65958690743763e+05	(-1.13007601707906e+01dB,-7.42020211854425e+01°)
1.67880401812263e+05	(-1.13934268583125e+01dB,-7.43739773865046e+01°)
1.69824365246182e+05	(-1.14862484893454e+01dB,-7.45442494555203e+01°)
1.71790838715766e+05	(-1.15792220383726e+01dB,-7.47128479304131e+01°)
1.73780082874945e+05	(-1.16723445285341e+01dB,-7.48797834785573e+01°)
1.75792361395877e+05	(-1.17656130312858e+01dB,-7.50450668891133e+01°)
1.77827941003900e+05	(-1.18590246660404e+01dB,-7.52087090655537e+01°)
1.79887091512887e+05	(-1.19525765997912e+01dB,-7.53707210183768e+01°)
1.81970085861006e+05	(-1.20462660467191e+01dB,-7.55311138580084e+01°)
1.84077200146904e+05	(-1.21400902677853e+01dB,-7.56898987878887e+01°)
1.86208713666295e+05	(-1.22340465703093e+01dB,-7.58470870977446e+01°)
1.88364908948988e+05	(-1.23281323075347e+01dB,-7.60026901570438e+01°)
1.90546071796333e+05	(-1.24223448781816e+01dB,-7.61567194086305e+01°)
1.92752491319102e+05	(-1.25166817259891e+01dB,-7.63091863625397e+01°)
1.94984459975813e+05	(-1.26111403392467e+01dB,-7.64601025899880e+01°)
1.97242273611494e+05	(-1.27057182503164e+01dB,-7.66094797175394e+01°)
1.99526231496897e+05	(-1.28004130351465e+01dB,-7.67573294214434e+01°)
2.01836636368165e+05	(-1.28952223127776e+01dB,-7.69036634221423e+01°)
2.04173794466962e+05	(-1.29901437448410e+01dB,-7.70484934789462e+01°)
2.06538015581062e+05	(-1.30851750350515e+01dB,-7.71918313848727e+01°)
2.08929613085413e+05	(-1.31803139286943e+01dB,-7.73336889616489e+01°)
2.11348903983674e+05	(-1.32755582121070e+01dB,-7.74740780548724e+01°)
2.13796208950233e+05	(-1.33709057121576e+01dB,-7.76130105293289e+01°)
2.16271852372712e+05	(-1.34663542957184e+01dB,-7.77504982644640e+01°)
2.18776162394965e+05	(-1.35619018691377e+01dB,-7.78865531500056e+01°)
2.21309470960574e+05	(-1.36575463777080e+01dB,-7.80211870817348e+01°)
2.23872113856844e+05	(-1.37532858051331e+01dB,-7.81544119574017e+01°)
2.26464430759316e+05	(-1.38491181729938e+01dB,-7.82862396727834e+01°)
2.29086765276788e+05	(-1.39450415402123e+01dB,-7.84166821178819e+01°)
2.31739464996858e+05	(-1.40410540025163e+01dB,-7.85457511732583e+01°)
2.34422881532003e+05	(-1.41371536919034e+01dB,-7.86734587064998e+01°)
2.37137370566176e+05	(-1.42333387761057e+01dB,-7.87998165688186e+01°)
2.39883291901960e+05	(-1.43296074580558e+01dB,-7.89248365917770e+01°)
2.42661009508252e+05	(-1.44259579753528e+01dB,-7.90485305841384e+01°)
2.45470891568514e+05	(-1.45223885997317e+01dB,-7.91709103288396e+01°)
2.48313310529568e+05	(-1.46188976365330e+01dB,-7.92919875800817e+01°)
2.51188643150969e+05	(-1.47154834241760e+01dB,-7.94117740605380e+01°)
2.54097270554942e+05	(-1.48121443336338e+01dB,-7.95302814586739e+01°)
2.57039578276898e+05	(-1.49088787679113e+01dB,-7.96475214261785e+01°)
2.60015956316539e+05	(-1.50056851615270e+01dB,-7.97635055755021e+01°)
2.63026799189550e+05	(-1.51025619799971e+01dB,-7.98782454775002e+01°)
2.66072505979893e+05	(-1.51995077193243e+01dB,-7.99917526591785e+01°)
2.69153480392704e+05	(-1.52965209054898e+01dB,-8.01040386015376e+01°)
2.72270130807804e+05	(-1.53936000939492e+01dB,-8.02151147375141e+01°)
2.75422870333829e+05	(-1.54907438691337e+01dB,-8.03249924500160e+01°)
2.78612116862990e+05	(-1.55879508439543e+01dB,-8.04336830700498e+01°)
2.81838293126458e+05	(-1.56852196593118e+01dB,-8.05411978749358e+01°)
2.85101826750404e+05	(-1.57825489836105e+01dB,-8.06475480866100e+01°)
2.88403150312674e+05	(-1.58799375122780e+01dB,-8.07527448700108e+01°)
2.91742701400130e+05	(-1.59773839672886e+01dB,-8.08567993315453e+01°)
2.95120922666652e+05	(-1.60748870966932e+01dB,-8.09597225176368e+01°)
2.98538261891810e+05	(-1.61724456741532e+01dB,-8.10615254133472e+01°)
3.01995172040216e+05	(-1.62700584984807e+01dB,-8.11622189410751e+01°)
3.05492111321565e+05	(-1.63677243931834e+01dB,-8.12618139593253e+01°)
3.09029543251373e+05	(-1.64654422060156e+01dB,-8.13603212615486e+01°)
3.12607936712410e+05	(-1.65632108085342e+01dB,-8.14577515750495e+01°)
3.16227766016853e+05	(-1.66610290956605e+01dB,-8.15541155599588e+01°)
3.19889510969155e+05	(-1.67588959852481e+01dB,-8.16494238082711e+01°)
3.23593656929643e+05	(-1.68568104176556e+01dB,-8.17436868429423e+01°)
3.27340694878854e+05	(-1.69547713553258e+01dB,-8.18369151170482e+01°)
3.31131121482607e+05	(-1.70527777823707e+01dB,-8.19291190129993e+01°)
3.34965439157843e+05	(-1.71508287041614e+01dB,-8.20203088418123e+01°)
3.38844156139218e+05	(-1.72489231469250e+01dB,-8.21104948424351e+01°)
3.42767786546466e+05	(-1.73470601573463e+01dB,-8.21996871811238e+01°)
3.46736850452548e+05	(-1.74452388021761e+01dB,-8.22878959508699e+01°)
3.50751873952585e+05	(-1.75434581678447e+01dB,-8.23751311708766e+01°)
3.54813389233592e+05	(-1.76417173600815e+01dB,-8.24614027860809e+01°)
3.58921934645022e+05	(-1.77400155035408e+01dB,-8.25467206667223e+01°)
3.63078054770118e+05	(-1.78383517414325e+01dB,-8.26310946079541e+01°)
3.67282300498102e+05	(-1.79367252351590e+01dB,-8.27145343294968e+01°)
3.71535229097190e+05	(-1.80351351639585e+01dB,-8.27970494753330e+01°)
3.75837404288462e+05	(-1.81335807245527e+01dB,-8.28786496134401e+01°)
3.80189396320579e+05	(-1.82320611308012e+01dB,-8.29593442355616e+01°)
3.84591782045372e+05	(-1.83305756133614e+01dB,-8.30391427570143e+01°)
3.89045144994299e+05	(-1.84291234193536e+01dB,-8.31180545165303e+01°)
3.93550075455796e+05	(-1.85277038120319e+01dB,-8.31960887761328e+01°)
3.98107170553516e+05	(-1.86263160704611e+01dB,-8.32732547210438e+01°)
4.02717034325478e+05	(-1.87249594891982e+01dB,-8.33495614596235e+01°)
4.07380277804132e+05	(-1.88236333779799e+01dB,-8.34250180233383e+01°)
4.12097519097350e+05	(-1.89223370614155e+01dB,-8.34996333667592e+01°)
4.16869383470355e+05	(-1.90210698786853e+01dB,-8.35734163675859e+01°)
4.21696503428603e+05	(-1.91198311832434e+01dB,-8.36463758266983e+01°)
4.26579518801613e+05	(-1.92186203425270e+01dB,-8.37185204682333e+01°)
4.31519076827786e+05	(-1.93174367376698e+01dB,-8.37898589396851e+01°)
4.36515832240187e+05	(-1.94162797632214e+01dB,-8.38603998120299e+01°)
4.41570447353334e+05	(-1.95151488268710e+01dB,-8.39301515798714e+01°)
4.46683592150985e+05	(-1.96140433491766e+01dB,-8.39991226616091e+01°)
4.51855944374944e+05	(-1.97129627632991e+01dB,-8.40673213996258e+01°)
4.57088189614897e+05	(-1.98119065147410e+01dB,-8.41347560604950e+01°)
4.62381021399283e+05	(-1.99108740610904e+01dB,-8.42014348352070e+01°)
4.67735141287221e+05	(-2.00098648717689e+01dB,-8.42673658394129e+01°)
4.73151258961504e+05	(-2.01088784277858e+01dB,-8.43325571136847e+01°)
4.78630092322662e+05	(-2.02079142214949e+01dB,-8.43970166237927e+01°)
4.84172367584123e+05	(-2.03069717563573e+01dB,-8.44607522609973e+01°)
4.89778819368470e+05	(-2.04060505467086e+01dB,-8.45237718423563e+01°)
4.95450190804815e+05	(-2.05051501175298e+01dB,-8.45860831110453e+01°)
5.01187233627297e+05	(-2.06042700042232e+01dB,-8.46476937366917e+01°)
5.06990708274729e+05	(-2.07034097523924e+01dB,-8.47086113157220e+01°)
5.12861383991390e+05	(-2.08025689176270e+01dB,-8.47688433717192e+01°)
5.18800038928987e+05	(-2.09017470652903e+01dB,-8.48283973557938e+01°)
5.24807460249798e+05	(-2.10009437703127e+01dB,-8.48872806469633e+01°)
5.30884444231015e+05	(-2.11001586169879e+01dB,-8.49455005525435e+01°)
5.37031796370279e+05	(-2.11993911987737e+01dB,-8.50030643085482e+01°)
5.43250331492460e+05	(-2.12986411180966e+01dB,-8.50599790800990e+01°)
5.49540873857652e+05	(-2.13979079861605e+01dB,-8.51162519618419e+01°)
5.55904257270431e+05	(-2.14971914227584e+01dB,-8.51718899783739e+01°)
5.62341325190377e+05	(-2.15964910560891e+01dB,-8.52269000846757e+01°)
5.68852930843870e+05	(-2.16958065225765e+01dB,-8.52812891665514e+01°)
5.75439937337186e+05	(-2.17951374666930e+01dB,-8.53350640410757e+01°)
5.82103217770901e+05	(-2.18944835407862e+01dB,-8.53882314570463e+01°)
5.88843655355618e+05	(-2.19938444049097e+01dB,-8.54407980954425e+01°)
5.95662143529040e+05	(-2.20932197266567e+01dB,-8.54927705698886e+01°)
6.02559586074388e+05	(-2.21926091809969e+01dB,-8.55441554271229e+01°)
6.09536897240200e+05	(-2.22920124501174e+01dB,-8.55949591474702e+01°)
6.16595001861513e+05	(-2.23914292232665e+01dB,-8.56451881453197e+01°)
6.23734835482451e+05	(-2.24908591966002e+01dB,-8.56948487696053e+01°)
6.30957344480225e+05	(-2.25903020730329e+01dB,-8.57439473042908e+01°)
6.38263486190581e+05	(-2.26897575620901e+01dB,-8.57924899688566e+01°)
6.45654229034688e+05	(-2.27892253797649e+01dB,-8.58404829187911e+01°)
6.53130552647505e+05	(-2.28887052483771e+01dB,-8.58879322460827e+01°)
6.60693448007630e+05	(-2.29881968964356e+01dB,-8.59348439797154e+01°)
6.68343917568649e+05	(-2.30877000585029e+01dB,-8.59812240861659e+01°)
6.76082975392016e+05	(-2.31872144750632e+01dB,-8.60270784699022e+01°)
6.83911647281464e+05	(-2.32867398923931e+01dB,-8.60724129738837e+01°)
6.91830970918972e+05	(-2.33862760624345e+01dB,-8.61172333800629e+01°)
6.99841996002309e+05	(-2.34858227426709e+01dB,-8.61615454098872e+01°)
7.07945784384174e+05	(-2.35853796960057e+01dB,-8.62053547248024e+01°)
7.16143410212939e+05	(-2.36849466906435e+01dB,-8.62486669267558e+01°)
7.24435960075027e+05	(-2.37845234999735e+01dB,-8.62914875587005e+01°)
7.32824533138942e+05	(-2.38841099024556e+01dB,-8.63338221050985e+01°)
7.41310241300956e+05	(-2.39837056815091e+01dB,-8.63756759924254e+01°)
7.49894209332495e+05	(-2.40833106254032e+01dB,-8.64170545896730e+01°)
7.58577575029223e+05	(-2.41829245271504e+01dB,-8.64579632088533e+01°)
7.67361489361859e+05	(-2.42825471844020e+01dB,-8.64984071055001e+01°)
7.76247116628732e+05	(-2.43821783993455e+01dB,-8.65383914791709e+01°)
7.85235634610112e+05	(-2.44818179786046e+01dB,-8.65779214739477e+01°)
7.94328234724323e+05	(-2.45814657331413e+01dB,-8.66170021789367e+01°)
8.03526122185659e+05	(-2.46811214781598e+01dB,-8.66556386287663e+01°)
8.12830516164141e+05	(-2.47807850330127e+01dB,-8.66938358040845e+01°)
8.22242649947114e+05	(-2.48804562211093e+01dB,-8.67315986320541e+01°)
8.31763771102714e+05	(-2.49801348698253e+01dB,-8.67689319868470e+01°)
8.41395141645239e+05	(-2.50798208104157e+01dB,-8.68058406901362e+01°)
8.51138038202421e+05	(-2.51795138779279e+01dB,-8.68423295115861e+01°)
8.60993752184646e+05	(-2.52792139111180e+01dB,-8.68784031693413e+01°)
8.70963589956126e+05	(-2.53789207523683e+01dB,-8.69140663305127e+01°)
8.81048873008060e+05	(-2.54786342476068e+01dB,-8.69493236116618e+01°)
8.91250938133792e+05	(-2.55783542462284e+01dB,-8.69841795792831e+01°)
9.01571137606004e+05	(-2.56780806010177e+01dB,-8.70186387502834e+01°)
9.12010839355958e+05	(-2.57778131680735e+01dB,-8.70527055924599e+01°)
9.22571427154812e+05	(-2.58775518067352e+01dB,-8.70863845249743e+01°)
9.33254300797040e+05	(-2.59772963795105e+01dB,-8.71196799188259e+01°)
9.44060876285973e+05	(-2.60770467520047e+01dB,-8.71525960973211e+01°)
9.54992586021486e+05	(-2.61768027928517e+01dB,-8.71851373365408e+01°)
9.66050878989865e+05	(-2.62765643736466e+01dB,-8.72173078658047e+01°)
9.77237220955863e+05	(-2.63763313688793e+01dB,-8.72491118681330e+01°)
9.88553094656991e+05	(-2.64761036558699e+01dB,-8.72805534807052e+01°)
1.00000000000000e+06	(-2.65758811147054e+01dB,-8.73116367953163e+01°)
Step Information: N=8  (Step: 8/10)
1.00000000000000e+02	(-1.98888573639534e-05dB,-1.22612635531750e-01°)
1.01157945425990e+02	(-2.03521272797502e-05dB,-1.24032418526317e-01°)
1.02329299228075e+02	(-2.08261880868669e-05dB,-1.25468641678143e-01°)
1.03514216667934e+02	(-2.13112911348194e-05dB,-1.26921495349831e-01°)
1.04712854805090e+02	(-2.18076936276682e-05dB,-1.28391172108087e-01°)
1.05925372517729e+02	(-2.23156587628865e-05dB,-1.29877866749236e-01°)
1.07151930523761e+02	(-2.28354558625145e-05dB,-1.31381776325034e-01°)
1.08392691402120e+02	(-2.33673605293863e-05dB,-1.32903100168775e-01°)
1.09647819614319e+02	(-2.39116547802126e-05dB,-1.34442039921706e-01°)
1.10917481526240e+02	(-2.44686271998803e-05dB,-1.35998799559741e-01°)
1.12201845430196e+02	(-2.50385731015370e-05dB,-1.37573585420488e-01°)
1.13501081567232e+02	(-2.56217946722114e-05dB,-1.39166606230588e-01°)
1.14815362149688e+02	(-2.62186011348280e-05dB,-1.40778073133372e-01°)
1.16144861384034e+02	(-2.68293089208290e-05dB,-1.42408199716833e-01°)
1.17489755493953e+02	(-2.74542418341181e-05dB,-1.44057202041925e-01°)
1.18850222743702e+02	(-2.80937312082543e-05dB,-1.45725298671192e-01°)
1.20226443461741e+02	(-2.87481161051121e-05dB,-1.47412710697723e-01°)
1.21618600064637e+02	(-2.94177434855767e-05dB,-1.49119661774443e-01°)
1.23026877081238e+02	(-3.01029683812041e-05dB,-1.50846378143748e-01°)
1.24451461177139e+02	(-3.08041541073470e-05dB,-1.52593088667473e-01°)
1.25892541179417e+02	(-3.15216724271016e-05dB,-1.54360024857218e-01°)
1.27350308101666e+02	(-3.22559037711853e-05dB,-1.56147420905016e-01°)
1.28824955169314e+02	(-3.30072374327418e-05dB,-1.57955513714358e-01°)
1.30316677845230e+02	(-3.37760717708272e-05dB,-1.59784542931582e-01°)
1.31825673855641e+02	(-3.45628144196812e-05dB,-1.61634750977616e-01°)
1.33352143216333e+02	(-3.53678825105357e-05dB,-1.63506383080094e-01°)
1.34896288259166e+02	(-3.61917028914956e-05dB,-1.65399687305847e-01°)
1.36458313658893e+02	(-3.70347123532062e-05dB,-1.67314914593755e-01°)
1.38038426460289e+02	(-3.78973578583777e-05dB,-1.69252318788000e-01°)
1.39636836105594e+02	(-3.87800967819196e-05dB,-1.71212156671685e-01°)
1.41253754462276e+02	(-3.96833971501099e-05dB,-1.73194688000851e-01°)
1.42889395851111e+02	(-4.06077378923026e-05dB,-1.75200175538887e-01°)
1.44543977074593e+02	(-4.15536090916709e-05dB,-1.77228885091333e-01°)
1.46217717445672e+02	(-4.25215122494525e-05dB,-1.79281085541095e-01°)
1.47910838816821e+02	(-4.35119605443732e-05dB,-1.81357048884053e-01°)
1.49623565609444e+02	(-4.45254791103950e-05dB,-1.83457050265094e-01°)
1.51356124843621e+02	(-4.55626053115711e-05dB,-1.85581368014556e-01°)
1.53108746168203e+02	(-4.66238890284742e-05dB,-1.87730283685089e-01°)
1.54881661891249e+02	(-4.77098929494477e-05dB,-1.89904082088952e-01°)
1.56675107010815e+02	(-4.88211928715013e-05dB,-1.92103051335734e-01°)
1.58489319246112e+02	(-4.99583779983148e-05dB,-1.94327482870509e-01°)
1.60324539069005e+02	(-5.11220512633152e-05dB,-1.96577671512443e-01°)
1.62181009735893e+02	(-5.23128296382909e-05dB,-1.98853915493832e-01°)
1.64058977319954e+02	(-5.35313444651506e-05dB,-2.01156516499607e-01°)
1.65958690743757e+02	(-5.47782417944344e-05dB,-2.03485779707281e-01°)
1.67880401812257e+02	(-5.60541827238260e-05dB,-2.05842013827368e-01°)
1.69824365246175e+02	(-5.73598437463097e-05dB,-2.08225531144266e-01°)
1.71790838715759e+02	(-5.86959171156875e-05dB,-2.10636647557610e-01°)
1.73780082874938e+02	(-6.00631112053470e-05dB,-2.13075682624104e-01°)
1.75792361395870e+02	(-6.14621508911397e-05dB,-2.15542959599842e-01°)
1.77827941003893e+02	(-6.28937779332967e-05dB,-2.18038805483108e-01°)
1.79887091512879e+02	(-6.43587513593104e-05dB,-2.20563551057676e-01°)
1.81970085860999e+02	(-6.58578478911784e-05dB,-2.23117530936613e-01°)
1.84077200146896e+02	(-6.73918623340751e-05dB,-2.25701083606583e-01°)
1.86208713666287e+02	(-6.89616079997422e-05dB,-2.28314551472663e-01°)
1.88364908948981e+02	(-7.05679171520610e-05dB,-2.30958280903682e-01°)
1.90546071796325e+02	(-7.22116414362335e-05dB,-2.33632622278076e-01°)
1.92752491319094e+02	(-7.38936523340031e-05dB,-2.36337930030278e-01°)
1.94984459975805e+02	(-7.56148416227349e-05dB,-2.39074562697646e-01°)
1.97242273611486e+02	(-7.73761218537864e-05dB,-2.41842882967922e-01°)
1.99526231496889e+02	(-7.91784268347372e-05dB,-2.44643257727252e-01°)
2.01836636368157e+02	(-8.10227121154802e-05dB,-2.47476058108751e-01°)
2.04173794466954e+02	(-8.29099555099958e-05dB,-2.50341659541637e-01°)
2.06538015581054e+02	(-8.48411575998072e-05dB,-2.53240441800922e-01°)
2.08929613085405e+02	(-8.68173422760128e-05dB,-2.56172789057687e-01°)
2.11348903983666e+02	(-8.88395572755358e-05dB,-2.59139089929931e-01°)
2.13796208950224e+02	(-9.09088747385938e-05dB,-2.62139737534006e-01°)
2.16271852372703e+02	(-9.30263917777435e-05dB,-2.65175129536653e-01°)
2.18776162394956e+02	(-9.51932310565738e-05dB,-2.68245668207631e-01°)
2.21309470960565e+02	(-9.74105413857611e-05dB,-2.71351760472957e-01°)
2.23872113856835e+02	(-9.96794983364867e-05dB,-2.74493817968756e-01°)
2.26464430759307e+02	(-1.02001304854825e-04dB,-2.77672257095742e-01°)
2.29086765276778e+02	(-1.04377191911814e-04dB,-2.80887499074318e-01°)
2.31739464996849e+02	(-1.06808419138107e-04dB,-2.84139970000312e-01°)
2.34422881531993e+02	(-1.09296275517448e-04dB,-2.87430100901365e-01°)
2.37137370566167e+02	(-1.11842080039657e-04dB,-2.90758327793958e-01°)
2.39883291901950e+02	(-1.14447182420155e-04dB,-2.94125091741106e-01°)
2.42661009508243e+02	(-1.17112963812751e-04dB,-2.97530838910708e-01°)
2.45470891568504e+02	(-1.19840837536892e-04dB,-3.00976020634583e-01°)
2.48313310529558e+02	(-1.22632249831935e-04dB,-3.04461093468171e-01°)
2.51188643150959e+02	(-1.25488680610446e-04dB,-3.07986519250932e-01°)
2.54097270554932e+02	(-1.28411644267452e-04dB,-3.11552765167444e-01°)
2.57039578276888e+02	(-1.31402690456903e-04dB,-3.15160303809195e-01°)
2.60015956316529e+02	(-1.34463404928907e-04dB,-3.18809613237093e-01°)
2.63026799189540e+02	(-1.37595410365997e-04dB,-3.22501177044700e-01°)
2.66072505979882e+02	(-1.40800367244487e-04dB,-3.26235484422186e-01°)
2.69153480392693e+02	(-1.44079974709343e-04dB,-3.30013030221027e-01°)
2.72270130807793e+02	(-1.47435971481839e-04dB,-3.33834315019445e-01°)
2.75422870333818e+02	(-1.50870136777844e-04dB,-3.37699845188602e-01°)
2.78612116862979e+02	(-1.54384291249255e-04dB,-3.41610132959557e-01°)
2.81838293126447e+02	(-1.57980297947629e-04dB,-3.45565696490993e-01°)
2.85101826750393e+02	(-1.61660063320609e-04dB,-3.49567059937728e-01°)
2.88403150312662e+02	(-1.65425538212221e-04dB,-3.53614753520006e-01°)
2.91742701400119e+02	(-1.69278718902728e-04dB,-3.57709313593594e-01°)
2.95120922666640e+02	(-1.73221648160060e-04dB,-3.61851282720681e-01°)
2.98538261891798e+02	(-1.77256416334666e-04dB,-3.66041209741597e-01°)
3.01995172040204e+02	(-1.81385162452442e-04dB,-3.70279649847354e-01°)
3.05492111321553e+02	(-1.85610075357826e-04dB,-3.74567164653017e-01°)
3.09029543251361e+02	(-1.89933394871375e-04dB,-3.78904322271933e-01°)
3.12607936712398e+02	(-1.94357412979183e-04dB,-3.83291697390797e-01°)
3.16227766016840e+02	(-1.98884475038709e-04dB,-3.87729871345593e-01°)
3.19889510969142e+02	(-2.03516981039596e-04dB,-3.92219432198402e-01°)
3.23593656929630e+02	(-2.08257386847145e-04dB,-3.96760974815097e-01°)
3.27340694878840e+02	(-2.13108205536467e-04dB,-4.01355100943926e-01°)
3.31131121482593e+02	(-2.18072008695794e-04dB,-4.06002419295004e-01°)
3.34965439157830e+02	(-2.23151427815639e-04dB,-4.10703545620711e-01°)
3.38844156139205e+02	(-2.28349155650979e-04dB,-4.15459102797020e-01°)
3.42767786546453e+02	(-2.33667947685689e-04dB,-4.20269720905759e-01°)
3.46736850452534e+02	(-2.39110623555526e-04dB,-4.25136037317808e-01°)
3.50751873952571e+02	(-2.44680068573373e-04dB,-4.30058696777267e-01°)
3.54813389233578e+02	(-2.50379235235216e-04dB,-4.35038351486572e-01°)
3.58921934645008e+02	(-2.56211144801378e-04dB,-4.40075661192605e-01°)
3.63078054770104e+02	(-2.62178888884529e-04dB,-4.45171293273779e-01°)
3.67282300498087e+02	(-2.68285631093667e-04dB,-4.50325922828127e-01°)
3.71535229097175e+02	(-2.74534608716705e-04dB,-4.55540232762404e-01°)
3.75837404288447e+02	(-2.80929134415634e-04dB,-4.60814913882205e-01°)
3.80189396320564e+02	(-2.87472598007548e-04dB,-4.66150664983117e-01°)
3.84591782045357e+02	(-2.94168468239927e-04dB,-4.71548192942921e-01°)
3.89045144994284e+02	(-3.01020294638289e-04dB,-4.77008212814842e-01°)
3.93550075455781e+02	(-3.08031709383774e-04dB,-4.82531447921876e-01°)
3.98107170553500e+02	(-3.15206429243825e-04dB,-4.88118629952189e-01°)
4.02717034325462e+02	(-3.22548257527016e-04dB,-4.93770499055612e-01°)
4.07380277804116e+02	(-3.30061086110266e-04dB,-4.99487803941242e-01°)
4.12097519097334e+02	(-3.37748897498887e-04dB,-5.05271301976156e-01°)
4.16869383470339e+02	(-3.45615766930086e-04dB,-5.11121759285257e-01°)
4.21696503428586e+02	(-3.53665864539214e-04dB,-5.17039950852262e-01°)
4.26579518801596e+02	(-3.61903457561747e-04dB,-5.23026660621839e-01°)
4.31519076827769e+02	(-3.70332912600918e-04dB,-5.29082681602920e-01°)
4.36515832240170e+02	(-3.78958697933015e-04dB,-5.35208815973188e-01°)
4.41570447353316e+02	(-3.87785385881232e-04dB,-5.41405875184758e-01°)
4.46683592150967e+02	(-3.96817655232973e-04dB,-5.47674680071069e-01°)
4.51855944374926e+02	(-4.06060293718971e-04dB,-5.54016060954989e-01°)
4.57088189614879e+02	(-4.15518200547436e-04dB,-5.60430857758160e-01°)
4.62381021399264e+02	(-4.25196389004847e-04dB,-5.66919920111589e-01°)
4.67735141287202e+02	(-4.35099989106000e-04dB,-5.73484107467495e-01°)
4.73151258961485e+02	(-4.45234250305877e-04dB,-5.80124289212434e-01°)
4.78630092322643e+02	(-4.55604544296472e-04dB,-5.86841344781718e-01°)
4.84172367584104e+02	(-4.66216367827828e-04dB,-5.93636163775129e-01°)
4.89778819368451e+02	(-4.77075345640082e-04dB,-6.00509646073952e-01°)
4.95450190804795e+02	(-4.88187233432268e-04dB,-6.07462701959345e-01°)
5.01187233627277e+02	(-4.99557920908385e-04dB,-6.14496252232052e-01°)
5.06990708274709e+02	(-5.11193434900738e-04dB,-6.21611228333474e-01°)
5.12861383991370e+02	(-5.23099942560908e-04dB,-6.28808572468123e-01°)
5.18800038928966e+02	(-5.35283754617402e-04dB,-6.36089237727460e-01°)
5.24807460249778e+02	(-5.47751328734701e-04dB,-6.43454188215147e-01°)
5.30884444230993e+02	(-5.60509272906205e-04dB,-6.50904399173713e-01°)
5.37031796370258e+02	(-5.73564348973667e-04dB,-6.58440857112660e-01°)
5.43250331492438e+02	(-5.86923476201754e-04dB,-6.66064559938028e-01°)
5.49540873857630e+02	(-6.00593734936682e-04dB,-6.73776517083414e-01°)
5.55904257270409e+02	(-6.14582370359528e-04dB,-6.81577749642490e-01°)
5.62341325190355e+02	(-6.28896796314959e-04dB,-6.89469290503012e-01°)
5.68852930843847e+02	(-6.43544599243331e-04dB,-6.97452184482353e-01°)
5.75439937337163e+02	(-6.58533542186290e-04dB,-7.05527488464557e-01°)
5.82103217770877e+02	(-6.73871568910236e-04dB,-7.13696271538956e-01°)
5.88843655355595e+02	(-6.89566808095592e-04dB,-7.21959615140346e-01°)
5.95662143529017e+02	(-7.05627577645882e-04dB,-7.30318613190743e-01°)
6.02559586074364e+02	(-7.22062389091565e-04dB,-7.38774372242744e-01°)
6.09536897240176e+02	(-7.38879952091525e-04dB,-7.47328011624502e-01°)
6.16595001861489e+02	(-7.56089179038986e-04dB,-7.55980663586337e-01°)
6.23734835482426e+02	(-7.73699189784390e-04dB,-7.64733473448994e-01°)
6.30957344480200e+02	(-7.91719316451154e-04dB,-7.73587599753573e-01°)
6.38263486190556e+02	(-8.10159108388676e-04dB,-7.82544214413143e-01°)
6.45654229034662e+02	(-8.29028337207629e-04dB,-7.91604502866063e-01°)
6.53130552647479e+02	(-8.48337001956402e-04dB,-8.00769664231027e-01°)
6.60693448007603e+02	(-8.68095334416504e-04dB,-8.10040911463835e-01°)
6.68343917568622e+02	(-8.88313804506354e-04dB,-8.19419471515944e-01°)
6.76082975391989e+02	(-9.09003125825291e-04dB,-8.28906585494776e-01°)
6.83911647281437e+02	(-9.30174261314679e-04dB,-8.38503508825836e-01°)
6.91830970918944e+02	(-9.51838429056385e-04dB,-8.48211511416630e-01°)
6.99841996002281e+02	(-9.74007108220208e-04dB,-8.58031877822429e-01°)
7.07945784384146e+02	(-9.96692045110150e-04dB,-8.67965907413874e-01°)
7.16143410212910e+02	(-1.01990525939730e-03dB,-8.78014914546458e-01°)
7.24435960074998e+02	(-1.04365905046025e-03dB,-8.88180228731893e-01°)
7.32824533138912e+02	(-1.06796600390068e-03dB,-8.98463194811390e-01°)
7.41310241300926e+02	(-1.09283899818860e-03dB,-9.08865173130866e-01°)
7.49894209332465e+02	(-1.11829121147130e-03dB,-9.19387539718095e-01°)
7.58577575029193e+02	(-1.14433612854386e-03dB,-9.30031686461836e-01°)
7.67361489361828e+02	(-1.17098754798045e-03dB,-9.40799021292940e-01°)
7.76247116628701e+02	(-1.19825958941097e-03dB,-9.51690968367470e-01°)
7.85235634610081e+02	(-1.22616670100761e-03dB,-9.62708968251841e-01°)
7.94328234724291e+02	(-1.25472366709661e-03dB,-9.73854478110023e-01°)
8.03526122185627e+02	(-1.28394561599066e-03dB,-9.85128971892795e-01°)
8.12830516164109e+02	(-1.31384802797159e-03dB,-9.96533940529098e-01°)
8.22242649947081e+02	(-1.34444674346775e-03dB,-1.00807089211950e+00°)
8.31763771102681e+02	(-1.37575797143191e-03dB,-1.01974135213178e+00°)
8.41395141645205e+02	(-1.40779829789851e-03dB,-1.03154686359866e+00°)
8.51138038202387e+02	(-1.44058469473957e-03dB,-1.04348898731775e+00°)
8.60993752184611e+02	(-1.47413452864057e-03dB,-1.05556930205363e+00°)
8.70963589956091e+02	(-1.50846557026351e-03dB,-1.06778940474216e+00°)
8.81048873008025e+02	(-1.54359600363287e-03dB,-1.08015091069705e+00°)
8.91250938133757e+02	(-1.57954443573691e-03dB,-1.09265545381867e+00°)
9.01571137605968e+02	(-1.61632990635965e-03dB,-1.10530468680517e+00°)
9.12010839355921e+02	(-1.65397189811672e-03dB,-1.11810028136579e+00°)
9.22571427154775e+02	(-1.69249034675680e-03dB,-1.13104392843665e+00°)
9.33254300797003e+02	(-1.73190565166882e-03dB,-1.14413733839875e+00°)
9.44060876285936e+02	(-1.77223868665893e-03dB,-1.15738224129843e+00°)
9.54992586021448e+02	(-1.81351081096318e-03dB,-1.17078038707013e+00°)
9.66050878989826e+02	(-1.85574388051459e-03dB,-1.18433354576162e+00°)
9.77237220955823e+02	(-1.89896025947427e-03dB,-1.19804350776165e+00°)
9.88553094656952e+02	(-1.94318283203614e-03dB,-1.21191208403001e+00°)
1.00000000000001e+03	(-1.98843501448635e-03dB,-1.22594110633013e+00°)
1.01157945425991e+03	(-2.03474076756153e-03dB,-1.24013242746414e+00°)
1.02329299228077e+03	(-2.08212460908121e-03dB,-1.25448792151039e+00°)
1.03514216667936e+03	(-2.13061162687535e-03dB,-1.26900948406364e+00°)
1.04712854805091e+03	(-2.18022749200943e-03dB,-1.28369903247770e+00°)
1.05925372517730e+03	(-2.23099847232035e-03dB,-1.29855850611071e+00°)
1.07151930523762e+03	(-2.28295144625859e-03dB,-1.31358986657298e+00°)
1.08392691402122e+03	(-2.33611391704740e-03dB,-1.32879509797750e+00°)
1.09647819614320e+03	(-2.39051402718408e-03dB,-1.34417620719311e+00°)
1.10917481526242e+03	(-2.44618057326238e-03dB,-1.35973522410026e+00°)
1.12201845430198e+03	(-2.50314302113634e-03dB,-1.37547420184956e+00°)
1.13501081567233e+03	(-2.56143152144788e-03dB,-1.39139521712301e+00°)
1.14815362149690e+03	(-2.62107692550104e-03dB,-1.40750037039791e+00°)
1.16144861384036e+03	(-2.68211080149437e-03dB,-1.42379178621362e+00°)
1.17489755493955e+03	(-2.74456545115820e-03dB,-1.44027161344106e+00°)
1.18850222743704e+03	(-2.80847392674082e-03dB,-1.45694202555498e+00°)
1.20226443461743e+03	(-2.87387004840743e-03dB,-1.47380522090909e+00°)
1.21618600064639e+03	(-2.94078842203961e-03dB,-1.49086342301405e+00°)
1.23026877081240e+03	(-3.00926445743054e-03dB,-1.50811888081826e+00°)
1.24451461177140e+03	(-3.07933438691193e-03dB,-1.52557386899159e+00°)
1.25892541179419e+03	(-3.15103528440806e-03dB,-1.54323068821201e+00°)
1.27350308101668e+03	(-3.22440508493544e-03dB,-1.56109166545514e+00°)
1.28824955169315e+03	(-3.29948260452520e-03dB,-1.57915915428670e+00°)
1.30316677845232e+03	(-3.37630756063782e-03dB,-1.59743553515803e+00°)
1.31825673855643e+03	(-3.45492059303586e-03dB,-1.61592321570448e+00°)
1.33352143216334e+03	(-3.53536328510999e-03dB,-1.63462463104690e+00°)
1.34896288259167e+03	(-3.61767818574749e-03dB,-1.65354224409609e+00°)
1.36458313658895e+03	(-3.70190883165361e-03dB,-1.67267854586035e+00°)
1.38038426460291e+03	(-3.78809977021693e-03dB,-1.69203605575602e+00°)
1.39636836105596e+03	(-3.87629658289100e-03dB,-1.71161732192116e+00°)
1.41253754462278e+03	(-3.96654590910605e-03dB,-1.73142492153232e+00°)
1.42889395851112e+03	(-4.05889547074305e-03dB,-1.75146146112441e+00°)
1.44543977074595e+03	(-4.15339409715880e-03dB,-1.77172957691366e+00°)
1.46217717445674e+03	(-4.25009175079240e-03dB,-1.79223193512385e+00°)
1.47910838816823e+03	(-4.34903955334865e-03dB,-1.81297123231555e+00°)
1.49623565609446e+03	(-4.45028981259448e-03dB,-1.83395019571869e+00°)
1.51356124843623e+03	(-4.55389604977082e-03dB,-1.85517158356818e+00°)
1.53108746168205e+03	(-4.65991302760770e-03dB,-1.87663818544284e+00°)
1.54881661891251e+03	(-4.76839677901948e-03dB,-1.89835282260754e+00°)
1.56675107010817e+03	(-4.87940463642160e-03dB,-1.92031834835851e+00°)
1.58489319246114e+03	(-4.99299526174097e-03dB,-1.94253764837197e+00°)
1.60324539069007e+03	(-5.10922867710311e-03dB,-1.96501364105598e+00°)
1.62181009735896e+03	(-5.22816629622451e-03dB,-1.98774927790557e+00°)
1.64058977319957e+03	(-5.34987095652059e-03dB,-2.01074754386114e+00°)
1.65958690743759e+03	(-5.47440695194423e-03dB,-2.03401145767018e+00°)
1.67880401812259e+03	(-5.60184006658749e-03dB,-2.05754407225221e+00°)
1.69824365246177e+03	(-5.73223760902587e-03dB,-2.08134847506711e+00°)
1.71790838715762e+03	(-5.86566844747431e-03dB,-2.10542778848672e+00°)
1.73780082874940e+03	(-6.00220304572689e-03dB,-2.12978517016976e+00°)
1.75792361395872e+03	(-6.14191349991559e-03dB,-2.15442381344004e+00°)
1.77827941003895e+03	(-6.28487357611697e-03dB,-2.17934694766804e+00°)
1.79887091512882e+03	(-6.43115874880472e-03dB,-2.20455783865579e+00°)
1.81970085861001e+03	(-6.58084624018667e-03dB,-2.23005978902508e+00°)
1.84077200146899e+03	(-6.73401506042321e-03dB,-2.25585613860895e+00°)
1.86208713666290e+03	(-6.89074604877553e-03dB,-2.28195026484659e+00°)
1.88364908948983e+03	(-7.05112191567593e-03dB,-2.30834558318148e+00°)
1.90546071796328e+03	(-7.21522728576278e-03dB,-2.33504554746288e+00°)
1.92752491319097e+03	(-7.38314874187553e-03dB,-2.36205365035062e+00°)
1.94984459975808e+03	(-7.55497487008030e-03dB,-2.38937342372315e+00°)
1.97242273611489e+03	(-7.73079630567149e-03dB,-2.41700843908896e+00°)
1.99526231496891e+03	(-7.91070578025475e-03dB,-2.44496230800122e+00°)
2.01836636368160e+03	(-8.09479816987223e-03dB,-2.47323868247567e+00°)
2.04173794466956e+03	(-8.28317054421879e-03dB,-2.50184125541181e+00°)
2.06538015581057e+03	(-8.47592221697862e-03dB,-2.53077376101726e+00°)
2.08929613085408e+03	(-8.67315479729928e-03dB,-2.56003997523542e+00°)
2.11348903983668e+03	(-8.87497224241532e-03dB,-2.58964371617620e+00°)
2.13796208950227e+03	(-9.08148091146001e-03dB,-2.61958884455004e+00°)
2.16271852372706e+03	(-9.29278962051214e-03dB,-2.64987926410499e+00°)
2.18776162394959e+03	(-9.50900969884411e-03dB,-2.68051892206690e+00°)
2.21309470960568e+03	(-9.73025504647458e-03dB,-2.71151180958277e+00°)
2.23872113856838e+03	(-9.95664219298146e-03dB,-2.74286196216705e+00°)
2.26464430759310e+03	(-1.01882903576563e-02dB,-2.77457346015102e+00°)
2.29086765276781e+03	(-1.04253215110034e-02dB,-2.80665042913512e+00°)
2.31739464996852e+03	(-1.06678604376142e-02dB,-2.83909704044418e+00°)
2.34422881531996e+03	(-1.09160348004469e-02dB,-2.87191751158561e+00°)
2.37137370566170e+03	(-1.11699752065612e-02dB,-2.90511610671034e+00°)
2.39883291901953e+03	(-1.14298152742951e-02dB,-2.93869713707661e+00°)
2.42661009508246e+03	(-1.16956917019695e-02dB,-2.97266496151643e+00°)
2.45470891568508e+03	(-1.19677443381048e-02dB,-3.00702398690482e+00°)
2.48313310529562e+03	(-1.22461162532128e-02dB,-3.04177866863149e+00°)
2.51188643150963e+03	(-1.25309538131841e-02dB,-3.07693351107523e+00°)
2.54097270554935e+03	(-1.28224067543078e-02dB,-3.11249306808069e+00°)
2.57039578276891e+03	(-1.31206282599564e-02dB,-3.14846194343752e+00°)
2.60015956316532e+03	(-1.34257750389678e-02dB,-3.18484479136194e+00°)
2.63026799189543e+03	(-1.37380074057805e-02dB,-3.22164631698044e+00°)
2.66072505979886e+03	(-1.40574893623146e-02dB,-3.25887127681569e+00°)
2.69153480392697e+03	(-1.43843886816919e-02dB,-3.29652447927450e+00°)
2.72270130807796e+03	(-1.47188769937856e-02dB,-3.33461078513771e+00°)
2.75422870333822e+03	(-1.50611298726561e-02dB,-3.37313510805193e+00°)
2.78612116862982e+03	(-1.54113269259343e-02dB,-3.41210241502310e+00°)
2.81838293126451e+03	(-1.57696518861271e-02dB,-3.45151772691162e+00°)
2.85101826750396e+03	(-1.61362927039793e-02dB,-3.49138611892898e+00°)
2.88403150312666e+03	(-1.65114416438393e-02dB,-3.53171272113584e+00°)
2.91742701400122e+03	(-1.68952953811388e-02dB,-3.57250271894131e+00°)
2.95120922666644e+03	(-1.72880551019925e-02dB,-3.61376135360342e+00°)
2.98538261891802e+03	(-1.76899266049677e-02dB,-3.65549392273050e+00°)
3.01995172040208e+03	(-1.81011204050859e-02dB,-3.69770578078339e+00°)
3.05492111321557e+03	(-1.85218518400715e-02dB,-3.74040233957840e+00°)
3.09029543251365e+03	(-1.89523411789166e-02dB,-3.78358906879064e+00°)
3.12607936712402e+03	(-1.93928137327948e-02dB,-3.82727149645780e+00°)
3.16227766016844e+03	(-1.98434999683799e-02dB,-3.87145520948399e+00°)
3.19889510969146e+03	(-2.03046356236122e-02dB,-3.91614585414364e+00°)
3.23593656929635e+03	(-2.07764618259514e-02dB,-3.96134913658500e+00°)
3.27340694878845e+03	(-2.12592252131804e-02dB,-4.00707082333341e+00°)
3.31131121482598e+03	(-2.17531780568166e-02dB,-4.05331674179369e+00°)
3.34965439157834e+03	(-2.22585783881401e-02dB,-4.10009278075184e+00°)
3.38844156139209e+03	(-2.27756901269440e-02dB,-4.14740489087548e+00°)
3.42767786546457e+03	(-2.33047832130206e-02dB,-4.19525908521304e+00°)
3.46736850452539e+03	(-2.38461337404378e-02dB,-4.24366143969124e+00°)
3.50751873952575e+03	(-2.44000240946937e-02dB,-4.29261809361076e+00°)
3.54813389233583e+03	(-2.49667430927537e-02dB,-4.34213525013976e+00°)
3.58921934645013e+03	(-2.55465861260671e-02dB,-4.39221917680489e+00°)
3.63078054770109e+03	(-2.61398553065892e-02dB,-4.44287620597967e+00°)
3.67282300498092e+03	(-2.67468596158787e-02dB,-4.49411273536972e+00°)
3.71535229097180e+03	(-2.73679150573275e-02dB,-4.54593522849472e+00°)
3.75837404288452e+03	(-2.80033448115801e-02dB,-4.59835021516659e+00°)
3.80189396320569e+03	(-2.86534793951847e-02dB,-4.65136429196365e+00°)
3.84591782045362e+03	(-2.93186568225583e-02dB,-4.70498412270039e+00°)
3.89045144994289e+03	(-2.99992227713160e-02dB,-4.75921643889244e+00°)
3.93550075455786e+03	(-3.06955307510061e-02dB,-4.81406804021633e+00°)
3.98107170553506e+03	(-3.14079422753464e-02dB,-4.86954579496373e+00°)
4.02717034325468e+03	(-3.21368270379915e-02dB,-4.92565664048966e+00°)
4.07380277804121e+03	(-3.28825630918987e-02dB,-4.98240758365426e+00°)
4.12097519097339e+03	(-3.36455370323753e-02dB,-5.03980570125768e+00°)
4.16869383470344e+03	(-3.44261441838426e-02dB,-5.09785814046764e+00°)
4.21696503428591e+03	(-3.52247887903827e-02dB,-5.15657211923911e+00°)
4.26579518801602e+03	(-3.60418842101571e-02dB,-5.21595492672569e+00°)
4.31519076827775e+03	(-3.68778531137301e-02dB,-5.27601392368208e+00°)
4.36515832240175e+03	(-3.77331276863640e-02dB,-5.33675654285719e+00°)
4.41570447353322e+03	(-3.86081498343743e-02dB,-5.39819028937729e+00°)
4.46683592150973e+03	(-3.95033713955823e-02dB,-5.46032274111856e+00°)
4.51855944374932e+03	(-4.04192543539438e-02dB,-5.52316154906858e+00°)
4.57088189614885e+03	(-4.13562710584060e-02dB,-5.58671443767600e+00°)
4.62381021399271e+03	(-4.23149044460809e-02dB,-5.65098920518784e+00°)
4.67735141287209e+03	(-4.32956482697598e-02dB,-5.71599372397371e+00°)
4.73151258961491e+03	(-4.42990073298819e-02dB,-5.78173594083630e+00°)
4.78630092322649e+03	(-4.53254977109849e-02dB,-5.84822387730736e+00°)
4.84172367584110e+03	(-4.63756470227059e-02dB,-5.91546562992856e+00°)
4.89778819368457e+03	(-4.74499946454132e-02dB,-5.98346937051633e+00°)
4.95450190804801e+03	(-4.85490919805211e-02dB,-6.05224334641000e+00°)
5.01187233627284e+03	(-4.96735027055591e-02dB,-6.12179588070238e+00°)
5.06990708274716e+03	(-5.08238030340271e-02dB,-6.19213537245196e+00°)
5.12861383991376e+03	(-5.20005819801545e-02dB,-6.26327029687591e+00°)
5.18800038928973e+03	(-5.32044416285625e-02dB,-6.33520920552286e+00°)
5.24807460249785e+03	(-5.44359974089455e-02dB,-6.40796072642472e+00°)
5.30884444231001e+03	(-5.56958783757834e-02dB,-6.48153356422641e+00°)
5.37031796370265e+03	(-5.69847274931849e-02dB,-6.55593650029274e+00°)
5.43250331492446e+03	(-5.83032019248725e-02dB,-6.63117839279114e+00°)
5.49540873857637e+03	(-5.96519733294198e-02dB,-6.70726817674952e+00°)
5.55904257270416e+03	(-6.10317281607518e-02dB,-6.78421486408791e+00°)
5.62341325190362e+03	(-6.24431679739737e-02dB,-6.86202754362301e+00°)
5.68852930843855e+03	(-6.38870097365927e-02dB,-6.94071538104432e+00°)
5.75439937337170e+03	(-6.53639861451616e-02dB,-7.02028761886079e+00°)
5.82103217770885e+03	(-6.68748459474101e-02dB,-7.10075357631676e+00°)
5.88843655355603e+03	(-6.84203542698901e-02dB,-7.18212264927596e+00°)
5.95662143529025e+03	(-7.00012929511981e-02dB,-7.26440431007227e+00°)
6.02559586074372e+03	(-7.16184608807948e-02dB,-7.34760810732588e+00°)
6.09536897240184e+03	(-7.32726743434760e-02dB,-7.43174366572369e+00°)
6.16595001861497e+03	(-7.49647673695223e-02dB,-7.51682068576225e+00°)
6.23734835482434e+03	(-7.66955920905519e-02dB,-7.60284894345216e+00°)
6.30957344480208e+03	(-7.84660191011155e-02dB,-7.68983828998214e+00°)
6.38263486190564e+03	(-8.02769378260512e-02dB,-7.77779865134158e+00°)
6.45654229034671e+03	(-8.21292568936372e-02dB,-7.86674002789966e+00°)
6.53130552647488e+03	(-8.40239045145056e-02dB,-7.95667249393986e+00°)
6.60693448007612e+03	(-8.59618288664160e-02dB,-8.04760619714783e+00°)
6.68343917568631e+03	(-8.79439984848034e-02dB,-8.13955135805132e+00°)
6.76082975391998e+03	(-8.99714026591728e-02dB,-8.23251826941009e+00°)
6.83911647281446e+03	(-9.20450518353078e-02dB,-8.32651729555443e+00°)
6.91830970918953e+03	(-9.41659780232692e-02dB,-8.42155887167009e+00°)
6.99841996002291e+03	(-9.63352352112206e-02dB,-8.51765350302811e+00°)
7.07945784384155e+03	(-9.85538997849960e-02dB,-8.61481176415749e+00°)
7.16143410212920e+03	(-1.00823070953439e-01dB,-8.71304429795879e+00°)
7.24435960075008e+03	(-1.03143871179441e-01dB,-8.81236181475667e+00°)
7.32824533138922e+03	(-1.05517446616660e-01dB,-8.91277509128945e+00°)
7.41310241300936e+03	(-1.07944967551860e-01dB,-9.01429496963348e+00°)
7.49894209332474e+03	(-1.10427628852829e-01dB,-9.11693235606028e+00°)
7.58577575029203e+03	(-1.12966650421764e-01dB,-9.22069821982431e+00°)
7.67361489361838e+03	(-1.15563277654142e-01dB,-9.32560359187911e+00°)
7.76247116628711e+03	(-1.18218781902892e-01dB,-9.43165956351967e+00°)
7.85235634610092e+03	(-1.20934460947832e-01dB,-9.53887728494857e+00°)
7.94328234724302e+03	(-1.23711639470260e-01dB,-9.64726796376368e+00°)
8.03526122185638e+03	(-1.26551669532591e-01dB,-9.75684286336508e+00°)
8.12830516164120e+03	(-1.29455931062891e-01dB,-9.86761330127861e+00°)
8.22242649947092e+03	(-1.32425832344189e-01dB,-9.97959064739373e+00°)
8.31763771102692e+03	(-1.35462810508435e-01dB,-1.00927863221131e+01°)
8.41395141645217e+03	(-1.38568332034907e-01dB,-1.02072117944116e+01°)
8.51138038202398e+03	(-1.41743893252914e-01dB,-1.03228785798014e+01°)
8.60993752184623e+03	(-1.44991020848620e-01dB,-1.04397982382018e+01°)
8.70963589956103e+03	(-1.48311272375758e-01dB,-1.05579823717098e+01°)
8.81048873008037e+03	(-1.51706236770043e-01dB,-1.06774426222696e+01°)
8.91250938133769e+03	(-1.55177534867019e-01dB,-1.07981906692378e+01°)
9.01571137605980e+03	(-1.58726819923156e-01dB,-1.09202382268422e+01°)
9.12010839355933e+03	(-1.62355778139833e-01dB,-1.10435970415301e+01°)
9.22571427154787e+03	(-1.66066129190042e-01dB,-1.11682788892053e+01°)
9.33254300797015e+03	(-1.69859626747402e-01dB,-1.12942955723486e+01°)
9.44060876285948e+03	(-1.73738059017260e-01dB,-1.14216589170209e+01°)
9.54992586021461e+03	(-1.77703249269453e-01dB,-1.15503807697449e+01°)
9.66050878989839e+03	(-1.81757056372466e-01dB,-1.16804729942631e+01°)
9.77237220955837e+03	(-1.85901375328516e-01dB,-1.18119474681682e+01°)
9.88553094656965e+03	(-1.90138137809246e-01dB,-1.19448160794047e+01°)
1.00000000000003e+04	(-1.94469312691547e-01dB,-1.20790907226367e+01°)
1.01157945425993e+04	(-1.98896906593096e-01dB,-1.22147832954810e+01°)
1.02329299228078e+04	(-2.03422964407136e-01dB,-1.23519056946004e+01°)
1.03514216667937e+04	(-2.08049569836017e-01dB,-1.24904698116566e+01°)
1.04712854805093e+04	(-2.12778845922959e-01dB,-1.26304875291179e+01°)
1.05925372517732e+04	(-2.17612955581528e-01dB,-1.27719707159194e+01°)
1.07151930523764e+04	(-2.22554102122248e-01dB,-1.29149312229738e+01°)
1.08392691402123e+04	(-2.27604529775739e-01dB,-1.30593808785280e+01°)
1.09647819614321e+04	(-2.32766524211799e-01dB,-1.32053314833646e+01°)
1.10917481526243e+04	(-2.38042413053756e-01dB,-1.33527948058443e+01°)
1.12201845430199e+04	(-2.43434566387423e-01dB,-1.35017825767873e+01°)
1.13501081567235e+04	(-2.48945397263948e-01dB,-1.36523064841900e+01°)
1.14815362149691e+04	(-2.54577362195849e-01dB,-1.38043781677757e+01°)
1.16144861384037e+04	(-2.60332961645438e-01dB,-1.39580092133756e+01°)
1.17489755493956e+04	(-2.66214740504864e-01dB,-1.41132111471388e+01°)
1.18850222743705e+04	(-2.72225288566951e-01dB,-1.42699954295676e+01°)
1.20226443461745e+04	(-2.78367240985952e-01dB,-1.44283734493771e+01°)
1.21618600064640e+04	(-2.84643278727377e-01dB,-1.45883565171764e+01°)
1.23026877081242e+04	(-2.91056129005917e-01dB,-1.47499558589689e+01°)
1.24451461177142e+04	(-2.97608565710571e-01dB,-1.49131826094711e+01°)
1.25892541179420e+04	(-3.04303409815948e-01dB,-1.50780478052469e+01°)
1.27350308101670e+04	(-3.11143529778748e-01dB,-1.52445623776562e+01°)
1.28824955169317e+04	(-3.18131841918380e-01dB,-1.54127371456172e+01°)
1.30316677845234e+04	(-3.25271310780601e-01dB,-1.55825828081790e+01°)
1.31825673855644e+04	(-3.32564949483091e-01dB,-1.57541099369066e+01°)
1.33352143216336e+04	(-3.40015820041818e-01dB,-1.59273289680743e+01°)
1.34896288259169e+04	(-3.47627033676967e-01dB,-1.61022501946689e+01°)
1.36458313658896e+04	(-3.55401751097281e-01dB,-1.62788837582014e+01°)
1.38038426460292e+04	(-3.63343182761520e-01dB,-1.64572396403280e+01°)
1.39636836105598e+04	(-3.71454589115769e-01dB,-1.66373276542784e+01°)
1.41253754462279e+04	(-3.79739280805310e-01dB,-1.68191574360947e+01°)
1.42889395851114e+04	(-3.88200618859683e-01dB,-1.70027384356791e+01°)
1.44543977074597e+04	(-3.96842014849601e-01dB,-1.71880799076526e+01°)
1.46217717445676e+04	(-4.05666931014272e-01dB,-1.73751909020258e+01°)
1.47910838816825e+04	(-4.14678880357773e-01dB,-1.75640802546835e+01°)
1.49623565609448e+04	(-4.23881426712955e-01dB,-1.77547565776843e+01°)
1.51356124843625e+04	(-4.33278184771430e-01dB,-1.79472282493793e+01°)
1.53108746168207e+04	(-4.42872820078148e-01dB,-1.81415034043508e+01°)
1.54881661891253e+04	(-4.52669048989023e-01dB,-1.83375899231751e+01°)
1.56675107010819e+04	(-4.62670638590078e-01dB,-1.85354954220133e+01°)
1.58489319246116e+04	(-4.72881406576528e-01dB,-1.87352272420332e+01°)
1.60324539069009e+04	(-4.83305221090242e-01dB,-1.89367924386675e+01°)
1.62181009735898e+04	(-4.93946000513988e-01dB,-1.91401977707130e+01°)
1.64058977319959e+04	(-5.04807713220847e-01dB,-1.93454496892763e+01°)
1.65958690743761e+04	(-5.15894377277199e-01dB,-1.95525543265722e+01°)
1.67880401812261e+04	(-5.27210060097657e-01dB,-1.97615174845807e+01°)
1.69824365246179e+04	(-5.38758878050325e-01dB,-1.99723446235699e+01°)
1.71790838715764e+04	(-5.50544996010776e-01dB,-2.01850408504932e+01°)
1.73780082874943e+04	(-5.62572626863113e-01dB,-2.03996109072671e+01°)
1.75792361395875e+04	(-5.74846030946540e-01dB,-2.06160591589399e+01°)
1.77827941003898e+04	(-5.87369515445823e-01dB,-2.08343895817608e+01°)
1.79887091512884e+04	(-6.00147433724051e-01dB,-2.10546057511573e+01°)
1.81970085861004e+04	(-6.13184184596196e-01dB,-2.12767108296338e+01°)
1.84077200146901e+04	(-6.26484211541884e-01dB,-2.15007075546012e+01°)
1.86208713666292e+04	(-6.40052001855890e-01dB,-2.17265982261498e+01°)
1.88364908948986e+04	(-6.53892085734923e-01dB,-2.19543846947775e+01°)
1.90546071796331e+04	(-6.68009035299219e-01dB,-2.21840683490870e+01°)
1.92752491319099e+04	(-6.82407463547615e-01dB,-2.24156501034655e+01°)
1.94984459975810e+04	(-6.97092023244735e-01dB,-2.26491303857610e+01°)
1.97242273611491e+04	(-7.12067405739044e-01dB,-2.28845091249704e+01°)
1.99526231496894e+04	(-7.27338339710536e-01dB,-2.31217857389562e+01°)
2.01836636368162e+04	(-7.42909589846927e-01dB,-2.33609591222059e+01°)
2.04173794466959e+04	(-7.58785955447308e-01dB,-2.36020276336536e+01°)
2.06538015581059e+04	(-7.74972268952211e-01dB,-2.38449890845795e+01°)
2.08929613085410e+04	(-7.91473394399274e-01dB,-2.40898407266073e+01°)
2.11348903983671e+04	(-8.08294225803631e-01dB,-2.43365792398167e+01°)
2.13796208950230e+04	(-8.25439685462375e-01dB,-2.45852007209923e+01°)
2.16271852372709e+04	(-8.42914722182474e-01dB,-2.48357006720274e+01°)
2.18776162394962e+04	(-8.60724309431663e-01dB,-2.50880739885047e+01°)
2.21309470960571e+04	(-8.78873443411976e-01dB,-2.53423149484739e+01°)
2.23872113856841e+04	(-8.97367141055643e-01dB,-2.55984172014499e+01°)
2.26464430759313e+04	(-9.16210437943325e-01dB,-2.58563737576512e+01°)
2.29086765276784e+04	(-9.35408386144666e-01dB,-2.61161769775035e+01°)
2.31739464996855e+04	(-9.54966051981377e-01dB,-2.63778185614304e+01°)
2.34422881532000e+04	(-9.74888513713239e-01dB,-2.66412895399557e+01°)
2.37137370566173e+04	(-9.95180859147465e-01dB,-2.69065802641392e+01°)
2.39883291901957e+04	(-1.01584818317214e+00dB,-2.71736803963733e+01°)
2.42661009508249e+04	(-1.03689558521461e+00dB,-2.74425789015617e+01°)
2.45470891568511e+04	(-1.05832816662572e+00dB,-2.77132640387067e+01°)
2.48313310529565e+04	(-1.08015102799130e+00dB,-2.79857233529292e+01°)
2.51188643150966e+04	(-1.10236926637212e+00dB,-2.82599436679465e+01°)
2.54097270554939e+04	(-1.12498797247395e+00dB,-2.85359110790328e+01°)
2.57039578276895e+04	(-1.14801222774962e+00dB,-2.88136109464861e+01°)
2.60015956316536e+04	(-1.17144710143482e+00dB,-2.90930278896290e+01°)
2.63026799189547e+04	(-1.19529764752009e+00dB,-2.93741457813640e+01°)
2.66072505979890e+04	(-1.21956890166114e+00dB,-2.96569477433116e+01°)
2.69153480392700e+04	(-1.24426587803035e+00dB,-2.99414161415523e+01°)
2.72270130807800e+04	(-1.26939356611197e+00dB,-3.02275325829974e+01°)
2.75422870333826e+04	(-1.29495692744423e+00dB,-3.05152779124112e+01°)
2.78612116862986e+04	(-1.32096089231155e+00dB,-3.08046322101078e+01°)
2.81838293126455e+04	(-1.34741035639017e+00dB,-3.10955747903434e+01°)
2.85101826750400e+04	(-1.37431017735093e+00dB,-3.13880842004264e+01°)
2.88403150312670e+04	(-1.40166517142296e+00dB,-3.16821382205641e+01°)
2.91742701400126e+04	(-1.42948010992241e+00dB,-3.19777138644676e+01°)
2.95120922666648e+04	(-1.45775971575030e+00dB,-3.22747873807313e+01°)
2.98538261891806e+04	(-1.48650865986406e+00dB,-3.25733342550059e+01°)
3.01995172040212e+04	(-1.51573155772718e+00dB,-3.28733292129798e+01°)
3.05492111321561e+04	(-1.54543296574198e+00dB,-3.31747462241858e+01°)
3.09029543251369e+04	(-1.57561737767023e+00dB,-3.34775585066448e+01°)
3.12607936712406e+04	(-1.60628922104683e+00dB,-3.37817385323599e+01°)
3.16227766016848e+04	(-1.63745285359183e+00dB,-3.40872580336722e+01°)
3.19889510969150e+04	(-1.66911255962614e+00dB,-3.43940880104859e+01°)
3.23593656929639e+04	(-1.70127254649646e+00dB,-3.47021987383726e+01°)
3.27340694878849e+04	(-1.73393694101515e+00dB,-3.50115597775584e+01°)
3.31131121482602e+04	(-1.76710978592075e+00dB,-3.53221399828002e+01°)
3.34965439157839e+04	(-1.80079503636497e+00dB,-3.56339075141522e+01°)
3.38844156139214e+04	(-1.83499655643213e+00dB,-3.59468298486234e+01°)
3.42767786546462e+04	(-1.86971811569700e+00dB,-3.62608737927253e+01°)
3.46736850452543e+04	(-1.90496338582715e+00dB,-3.65760054959057e+01°)
3.50751873952580e+04	(-1.94073593723575e+00dB,-3.68921904648632e+01°)
3.54813389233588e+04	(-1.97703923579102e+00dB,-3.72093935787363e+01°)
3.58921934645017e+04	(-2.01387663958833e+00dB,-3.75275791051557e+01°)
3.63078054770114e+04	(-2.05125139579106e+00dB,-3.78467107171497e+01°)
3.67282300498097e+04	(-2.08916663754618e+00dB,-3.81667515108887e+01°)
3.71535229097185e+04	(-2.12762538098054e+00dB,-3.84876640242526e+01°)
3.75837404288457e+04	(-2.16663052228371e+00dB,-3.88094102562039e+01°)
3.80189396320574e+04	(-2.20618483488326e+00dB,-3.91319516869463e+01°)
3.84591782045367e+04	(-2.24629096671792e+00dB,-3.94552492988474e+01°)
3.89045144994294e+04	(-2.28695143761447e+00dB,-3.97792635981003e+01°)
3.93550075455791e+04	(-2.32816863677341e+00dB,-4.01039546370991e+01°)
3.98107170553511e+04	(-2.36994482036887e+00dB,-4.04292820375014e+01°)
4.02717034325473e+04	(-2.41228210926766e+00dB,-4.07552050139450e+01°)
4.07380277804127e+04	(-2.45518248687223e+00dB,-4.10816823983906e+01°)
4.12097519097345e+04	(-2.49864779709236e+00dB,-4.14086726650551e+01°)
4.16869383470350e+04	(-2.54267974244956e+00dB,-4.17361339559011e+01°)
4.21696503428597e+04	(-2.58727988231862e+00dB,-4.20640241066454e+01°)
4.26579518801608e+04	(-2.63244963130995e+00dB,-4.23923006732501e+01°)
4.31519076827780e+04	(-2.67819025779626e+00dB,-4.27209209588546e+01°)
4.36515832240181e+04	(-2.72450288258688e+00dB,-4.30498420411091e+01°)
4.41570447353328e+04	(-2.77138847775263e+00dB,-4.33790207998675e+01°)
4.46683592150979e+04	(-2.81884786560375e+00dB,-4.37084139451959e+01°)
4.51855944374938e+04	(-2.86688171782335e+00dB,-4.40379780456540e+01°)
4.57088189614891e+04	(-2.91549055475814e+00dB,-4.43676695568034e+01°)
4.62381021399277e+04	(-2.96467474486816e+00dB,-4.46974448498981e+01°)
4.67735141287215e+04	(-3.01443450433662e+00dB,-4.50272602407111e+01°)
4.73151258961497e+04	(-3.06476989684085e+00dB,-4.53570720184504e+01°)
4.78630092322655e+04	(-3.11568083348481e+00dB,-4.56868364747179e+01°)
4.84172367584117e+04	(-3.16716707289331e+00dB,-4.60165099324647e+01°)
4.89778819368464e+04	(-3.21922822146773e+00dB,-4.63460487748955e+01°)
4.95450190804808e+04	(-3.27186373380271e+00dB,-4.66754094742760e+01°)
5.01187233627290e+04	(-3.32507291326282e+00dB,-4.70045486205959e+01°)
5.06990708274723e+04	(-3.37885491271794e+00dB,-4.73334229500436e+01°)
5.12861383991383e+04	(-3.43320873543564e+00dB,-4.76619893732450e+01°)
5.18800038928980e+04	(-3.48813323612874e+00dB,-4.79902050032229e+01°)
5.24807460249792e+04	(-3.54362712215552e+00dB,-4.83180271830337e+01°)
5.30884444231008e+04	(-3.59968895486998e+00dB,-4.86454135130371e+01°)
5.37031796370272e+04	(-3.65631715111930e+00dB,-4.89723218777585e+01°)
5.43250331492453e+04	(-3.71350998488499e+00dB,-4.92987104723020e+01°)
5.49540873857645e+04	(-3.77126558906430e+00dB,-4.96245378282769e+01°)
5.55904257270424e+04	(-3.82958195738802e+00dB,-4.99497628391968e+01°)
5.62341325190370e+04	(-3.88845694647043e+00dB,-5.02743447853183e+01°)
5.68852930843862e+04	(-3.94788827798707e+00dB,-5.05982433578820e+01°)
5.75439937337178e+04	(-4.00787354097581e+00dB,-5.09214186827236e+01°)
5.82103217770893e+04	(-4.06841019425609e+00dB,-5.12438313432245e+01°)
5.88843655355611e+04	(-4.12949556896166e+00dB,-5.15654424025711e+01°)
5.95662143529032e+04	(-4.19112687118118e+00dB,-5.18862134252967e+01°)
6.02559586074380e+04	(-4.25330118470162e+00dB,-5.22061064980785e+01°)
6.09536897240192e+04	(-4.31601547384869e+00dB,-5.25250842497685e+01°)
6.16595001861505e+04	(-4.37926658641868e+00dB,-5.28431098706344e+01°)
6.23734835482442e+04	(-4.44305125669593e+00dB,-5.31601471307924e+01°)
6.30957344480217e+04	(-4.50736610854999e+00dB,-5.34761603978138e+01°)
6.38263486190573e+04	(-4.57220765860657e+00dB,-5.37911146534905e+01°)
6.45654229034680e+04	(-4.63757231948623e+00dB,-5.41049755097451e+01°)
6.53130552647497e+04	(-4.70345640310466e+00dB,-5.44177092236761e+01°)
6.60693448007621e+04	(-4.76985612402870e+00dB,-5.47292827117273e+01°)
6.68343917568640e+04	(-4.83676760288170e+00dB,-5.50396635629754e+01°)
6.76082975392007e+04	(-4.90418686979251e+00dB,-5.53488200515310e+01°)
6.83911647281455e+04	(-4.97210986788179e+00dB,-5.56567211480484e+01°)
6.91830970918963e+04	(-5.04053245677975e+00dB,-5.59633365303453e+01°)
6.99841996002300e+04	(-5.10945041616953e+00dB,-5.62686365931312e+01°)
7.07945784384165e+04	(-5.17885944935016e+00dB,-5.65725924568494e+01°)
7.16143410212929e+04	(-5.24875518681350e+00dB,-5.68751759756342e+01°)
7.24435960075018e+04	(-5.31913318982961e+00dB,-5.71763597443928e+01°)
7.32824533138932e+04	(-5.38998895403472e+00dB,-5.74761171050173e+01°)
7.41310241300946e+04	(-5.46131791301684e+00dB,-5.77744221517376e+01°)
7.49894209332484e+04	(-5.53311544189343e+00dB,-5.80712497356263e+01°)
7.58577575029213e+04	(-5.60537686087622e+00dB,-5.83665754682671e+01°)
7.67361489361848e+04	(-5.67809743881823e+00dB,-5.86603757246023e+01°)
7.76247116628722e+04	(-5.75127239673822e+00dB,-5.89526276449732e+01°)
7.85235634610102e+04	(-5.82489691131801e+00dB,-5.92433091363702e+01°)
7.94328234724312e+04	(-5.89896611836827e+00dB,-5.95323988729111e+01°)
8.03526122185648e+04	(-5.97347511625866e+00dB,-5.98198762955650e+01°)
8.12830516164131e+04	(-6.04841896930819e+00dB,-6.01057216111419e+01°)
8.22242649947103e+04	(-6.12379271113215e+00dB,-6.03899157905688e+01°)
8.31763771102703e+04	(-6.19959134794188e+00dB,-6.06724405664732e+01°)
8.41395141645228e+04	(-6.27580986179414e+00dB,-6.09532784300963e+01°)
8.51138038202410e+04	(-6.35244321378671e+00dB,-6.12324126275582e+01°)
8.60993752184634e+04	(-6.42948634719747e+00dB,-6.15098271554987e+01°)
8.70963589956115e+04	(-6.50693419056396e+00dB,-6.17855067561164e+01°)
8.81048873008049e+04	(-6.58478166070109e+00dB,-6.20594369116321e+01°)
8.91250938133780e+04	(-6.66302366565442e+00dB,-6.23316038381984e+01°)
9.01571137605992e+04	(-6.74165510758713e+00dB,-6.26019944792818e+01°)
9.12010839355946e+04	(-6.82067088559840e+00dB,-6.28705964985419e+01°)
9.22571427154799e+04	(-6.90006589847180e+00dB,-6.31373982722311e+01°)
9.33254300797028e+04	(-6.97983504735186e+00dB,-6.34023888811419e+01°)
9.44060876285961e+04	(-7.05997323834763e+00dB,-6.36655581021247e+01°)
9.54992586021474e+04	(-7.14047538506199e+00dB,-6.39268963992020e+01°)
9.66050878989852e+04	(-7.22133641104568e+00dB,-6.41863949143031e+01°)
9.77237220955849e+04	(-7.30255125217531e+00dB,-6.44440454576436e+01°)
9.88553094656978e+04	(-7.38411485895468e+00dB,-6.46998404977744e+01°)
1.00000000000004e+05	(-7.46602219873888e+00dB,-6.49537731513234e+01°)
1.01157945425994e+05	(-7.54826825788090e+00dB,-6.52058371724534e+01°)
1.02329299228080e+05	(-7.63084804380058e+00dB,-6.54560269420595e+01°)
1.03514216667939e+05	(-7.71375658697587e+00dB,-6.57043374567293e+01°)
1.04712854805094e+05	(-7.79698894285647e+00dB,-6.59507643174865e+01°)
1.05925372517733e+05	(-7.88054019370020e+00dB,-6.61953037183405e+01°)
1.07151930523765e+05	(-7.96440545033235e+00dB,-6.64379524346637e+01°)
1.08392691402125e+05	(-8.04857985382869e+00dB,-6.66787078114163e+01°)
1.09647819614323e+05	(-8.13305857712254e+00dB,-6.69175677512386e+01°)
1.10917481526245e+05	(-8.21783682653675e+00dB,-6.71545307024302e+01°)
1.12201845430201e+05	(-8.30290984324143e+00dB,-6.73895956468365e+01°)
1.13501081567236e+05	(-8.38827290463821e+00dB,-6.76227620876577e+01°)
1.14815362149693e+05	(-8.47392132567216e+00dB,-6.78540300372012e+01°)
1.16144861384039e+05	(-8.55985046007240e+00dB,-6.80834000045911e+01°)
1.17489755493958e+05	(-8.64605570152251e+00dB,-6.83108729834543e+01°)
1.18850222743707e+05	(-8.73253248476207e+00dB,-6.85364504395961e+01°)
1.20226443461746e+05	(-8.81927628662047e+00dB,-6.87601342986815e+01°)
1.21618600064642e+05	(-8.90628262698444e+00dB,-6.89819269339367e+01°)
1.23026877081243e+05	(-8.99354706970065e+00dB,-6.92018311538844e+01°)
1.24451461177144e+05	(-9.08106522341481e+00dB,-6.94198501901244e+01°)
1.25892541179422e+05	(-9.16883274234874e+00dB,-6.96359876851741e+01°)
1.27350308101671e+05	(-9.25684532701693e+00dB,-6.98502476803796e+01°)
1.28824955169319e+05	(-9.34509872488415e+00dB,-7.00626346039074e+01°)
1.30316677845235e+05	(-9.43358873096554e+00dB,-7.02731532588291e+01°)
1.31825673855646e+05	(-9.52231118837101e+00dB,-7.04818088113078e+01°)
1.33352143216338e+05	(-9.61126198879522e+00dB,-7.06886067788949e+01°)
1.34896288259171e+05	(-9.70043707295513e+00dB,-7.08935530189475e+01°)
1.36458313658898e+05	(-9.78983243097630e+00dB,-7.10966537171731e+01°)
1.38038426460294e+05	(-9.87944410273000e+00dB,-7.12979153763096e+01°)
1.39636836105600e+05	(-9.96926817812238e+00dB,-7.14973448049471e+01°)
1.41253754462281e+05	(-1.00593007973375e+01dB,-7.16949491064991e+01°)
1.42889395851116e+05	(-1.01495381510361e+01dB,-7.18907356683275e+01°)
1.44543977074599e+05	(-1.02399764805105e+01dB,-7.20847121510272e+01°)
1.46217717445678e+05	(-1.03306120777997e+01dB,-7.22768864778763e+01°)
1.47910838816827e+05	(-1.04214412857629e+01dB,-7.24672668244543e+01°)
1.49623565609450e+05	(-1.05124604981164e+01dB,-7.26558616084343e+01°)
1.51356124843627e+05	(-1.06036661594323e+01dB,-7.28426794795511e+01°)
1.53108746168210e+05	(-1.06950547651035e+01dB,-7.30277293097494e+01°)
1.54881661891255e+05	(-1.07866228612739e+01dB,-7.32110201835140e+01°)
1.56675107010822e+05	(-1.08783670447371e+01dB,-7.33925613883851e+01°)
1.58489319246118e+05	(-1.09702839628038e+01dB,-7.35723624056602e+01°)
1.60324539069011e+05	(-1.10623703131403e+01dB,-7.37504329012834e+01°)
1.62181009735900e+05	(-1.11546228435789e+01dB,-7.39267827169253e+01°)
1.64058977319961e+05	(-1.12470383519017e+01dB,-7.41014218612528e+01°)
1.65958690743763e+05	(-1.13396136855993e+01dB,-7.42743605013892e+01°)
1.67880401812263e+05	(-1.14323457416053e+01dB,-7.44456089545671e+01°)
1.69824365246182e+05	(-1.15252314660084e+01dB,-7.46151776799714e+01°)
1.71790838715766e+05	(-1.16182678537432e+01dB,-7.47830772707739e+01°)
1.73780082874945e+05	(-1.17114519482601e+01dB,-7.49493184463589e+01°)
1.75792361395877e+05	(-1.18047808411772e+01dB,-7.51139120447387e+01°)
1.77827941003900e+05	(-1.18982516719134e+01dB,-7.52768690151584e+01°)
1.79887091512887e+05	(-1.19918616273053e+01dB,-7.54382004108880e+01°)
1.81970085861006e+05	(-1.20856079412080e+01dB,-7.55979173822029e+01°)
1.84077200146904e+05	(-1.21794878940817e+01dB,-7.57560311695481e+01°)
1.86208713666295e+05	(-1.22734988125642e+01dB,-7.59125530968874e+01°)
1.88364908948988e+05	(-1.23676380690309e+01dB,-7.60674945652337e+01°)
1.90546071796333e+05	(-1.24619030811433e+01dB,-7.62208670463599e+01°)
1.92752491319102e+05	(-1.25562913113864e+01dB,-7.63726820766872e+01°)
1.94984459975813e+05	(-1.26508002665963e+01dB,-7.65229512513506e+01°)
1.97242273611494e+05	(-1.27454274974787e+01dB,-7.66716862184359e+01°)
1.99526231496897e+05	(-1.28401705981192e+01dB,-7.68188986733901e+01°)
2.01836636368165e+05	(-1.29350272054859e+01dB,-7.69646003535987e+01°)
2.04173794466962e+05	(-1.30299949989260e+01dB,-7.71088030331309e+01°)
2.06538015581062e+05	(-1.31250716996551e+01dB,-7.72515185176468e+01°)
2.08929613085413e+05	(-1.32202550702430e+01dB,-7.73927586394670e+01°)
2.11348903983674e+05	(-1.33155429140929e+01dB,-7.75325352527994e+01°)
2.13796208950233e+05	(-1.34109330749185e+01dB,-7.76708602291220e+01°)
2.16271852372712e+05	(-1.35064234362162e+01dB,-7.78077454527181e+01°)
2.18776162394965e+05	(-1.36020119207358e+01dB,-7.79432028163614e+01°)
2.21309470960574e+05	(-1.36976964899480e+01dB,-7.80772442171479e+01°)
2.23872113856844e+05	(-1.37934751435106e+01dB,-7.82098815524720e+01°)
2.26464430759316e+05	(-1.38893459187338e+01dB,-7.83411267161432e+01°)
2.29086765276788e+05	(-1.39853068900446e+01dB,-7.84709915946418e+01°)
2.31739464996858e+05	(-1.40813561684507e+01dB,-7.85994880635090e+01°)
2.34422881532003e+05	(-1.41774919010051e+01dB,-7.87266279838696e+01°)
2.37137370566176e+05	(-1.42737122702711e+01dB,-7.88524231990844e+01°)
2.39883291901960e+05	(-1.43700154937882e+01dB,-7.89768855315282e+01°)
2.42661009508252e+05	(-1.44663998235398e+01dB,-7.91000267794921e+01°)
2.45470891568514e+05	(-1.45628635454224e+01dB,-7.92218587142061e+01°)
2.48313310529568e+05	(-1.46594049787167e+01dB,-7.93423930769792e+01°)
2.51188643150969e+05	(-1.47560224755615e+01dB,-7.94616415764548e+01°)
2.54097270554942e+05	(-1.48527144204305e+01dB,-7.95796158859774e+01°)
2.57039578276898e+05	(-1.49494792296109e+01dB,-7.96963276410697e+01°)
2.60015956316539e+05	(-1.50463153506871e+01dB,-7.98117884370145e+01°)
2.63026799189550e+05	(-1.51432212620261e+01dB,-7.99260098265416e+01°)
2.66072505979893e+05	(-1.52401954722676e+01dB,-8.00390033176148e+01°)
2.69153480392704e+05	(-1.53372365198183e+01dB,-8.01507803713176e+01°)
2.72270130807804e+05	(-1.54343429723493e+01dB,-8.02613523998341e+01°)
2.75422870333829e+05	(-1.55315134262985e+01dB,-8.03707307645232e+01°)
2.78612116862990e+05	(-1.56287465063780e+01dB,-8.04789267740829e+01°)
2.81838293126458e+05	(-1.57260408650848e+01dB,-8.05859516828022e+01°)
2.85101826750404e+05	(-1.58233951822174e+01dB,-8.06918166888992e+01°)
2.88403150312674e+05	(-1.59208081643970e+01dB,-8.07965329329410e+01°)
2.91742701400130e+05	(-1.60182785445939e+01dB,-8.09001114963447e+01°)
2.95120922666652e+05	(-1.61158050816586e+01dB,-8.10025633999567e+01°)
2.98538261891810e+05	(-1.62133865598586e+01dB,-8.11038996027066e+01°)
3.01995172040216e+05	(-1.63110217884206e+01dB,-8.12041310003360e+01°)
3.05492111321565e+05	(-1.64087096010779e+01dB,-8.13032684241978e+01°)
3.09029543251373e+05	(-1.65064488556233e+01dB,-8.14013226401243e+01°)
3.12607936712410e+05	(-1.66042384334680e+01dB,-8.14983043473626e+01°)
3.16227766016853e+05	(-1.67020772392053e+01dB,-8.15942241775751e+01°)
3.19889510969155e+05	(-1.67999642001810e+01dB,-8.16890926939017e+01°)
3.23593656929643e+05	(-1.68978982660689e+01dB,-8.17829203900837e+01°)
3.27340694878854e+05	(-1.69958784084518e+01dB,-8.18757176896457e+01°)
3.31131121482607e+05	(-1.70939036204093e+01dB,-8.19674949451352e+01°)
3.34965439157843e+05	(-1.71919729161101e+01dB,-8.20582624374159e+01°)
3.38844156139218e+05	(-1.72900853304111e+01dB,-8.21480303750152e+01°)
3.42767786546466e+05	(-1.73882399184620e+01dB,-8.22368088935226e+01°)
3.46736850452548e+05	(-1.74864357553156e+01dB,-8.23246080550373e+01°)
3.50751873952585e+05	(-1.75846719355440e+01dB,-8.24114378476641e+01°)
3.54813389233592e+05	(-1.76829475728606e+01dB,-8.24973081850556e+01°)
3.58921934645022e+05	(-1.77812617997481e+01dB,-8.25822289059981e+01°)
3.63078054770118e+05	(-1.78796137670919e+01dB,-8.26662097740415e+01°)
3.67282300498102e+05	(-1.79780026438194e+01dB,-8.27492604771703e+01°)
3.71535229097190e+05	(-1.80764276165454e+01dB,-8.28313906275140e+01°)
3.75837404288462e+05	(-1.81748878892226e+01dB,-8.29126097610965e+01°)
3.80189396320579e+05	(-1.82733826827982e+01dB,-8.29929273376226e+01°)
3.84591782045372e+05	(-1.83719112348758e+01dB,-8.30723527403002e+01°)
3.89045144994299e+05	(-1.84704727993837e+01dB,-8.31508952756960e+01°)
3.93550075455796e+05	(-1.85690666462473e+01dB,-8.32285641736254e+01°)
3.98107170553516e+05	(-1.86676920610685e+01dB,-8.33053685870735e+01°)
4.02717034325478e+05	(-1.87663483448099e+01dB,-8.33813175921466e+01°)
4.07380277804132e+05	(-1.88650348134843e+01dB,-8.34564201880532e+01°)
4.12097519097350e+05	(-1.89637507978496e+01dB,-8.35306852971130e+01°)
4.16869383470355e+05	(-1.90624956431096e+01dB,-8.36041217647929e+01°)
4.21696503428603e+05	(-1.91612687086194e+01dB,-8.36767383597695e+01°)
4.26579518801613e+05	(-1.92600693675962e+01dB,-8.37485437740152e+01°)
4.31519076827786e+05	(-1.93588970068355e+01dB,-8.38195466229095e+01°)
4.36515832240187e+05	(-1.94577510264321e+01dB,-8.38897554453721e+01°)
4.41570447353334e+05	(-1.95566308395062e+01dB,-8.39591787040184e+01°)
4.46683592150985e+05	(-1.96555358719347e+01dB,-8.40278247853358e+01°)
4.51855944374944e+05	(-1.97544655620871e+01dB,-8.40957019998795e+01°)
4.57088189614897e+05	(-1.98534193605665e+01dB,-8.41628185824884e+01°)
4.62381021399283e+05	(-1.99523967299556e+01dB,-8.42291826925181e+01°)
4.67735141287221e+05	(-2.00513971445667e+01dB,-8.42948024140921e+01°)
4.73151258961504e+05	(-2.01504200901969e+01dB,-8.43596857563696e+01°)
4.78630092322662e+05	(-2.02494650638883e+01dB,-8.44238406538284e+01°)
4.84172367584123e+05	(-2.03485315736918e+01dB,-8.44872749665635e+01°)
4.89778819368470e+05	(-2.04476191384362e+01dB,-8.45499964806001e+01°)
4.95450190804815e+05	(-2.05467272875011e+01dB,-8.46120129082200e+01°)
5.01187233627297e+05	(-2.06458555605948e+01dB,-8.46733318883007e+01°)
5.06990708274729e+05	(-2.07450035075358e+01dB,-8.47339609866673e+01°)
5.12861383991390e+05	(-2.08441706880392e+01dB,-8.47939076964559e+01°)
5.18800038928987e+05	(-2.09433566715066e+01dB,-8.48531794384879e+01°)
5.24807460249798e+05	(-2.10425610368207e+01dB,-8.49117835616546e+01°)
5.30884444231015e+05	(-2.11417833721435e+01dB,-8.49697273433123e+01°)
5.37031796370279e+05	(-2.12410232747187e+01dB,-8.50270179896859e+01°)
5.43250331492460e+05	(-2.13402803506778e+01dB,-8.50836626362822e+01°)
5.49540873857652e+05	(-2.14395542148504e+01dB,-8.51396683483101e+01°)
5.55904257270431e+05	(-2.15388444905779e+01dB,-8.51950421211102e+01°)
5.62341325190377e+05	(-2.16381508095311e+01dB,-8.52497908805905e+01°)
5.68852930843870e+05	(-2.17374728115314e+01dB,-8.53039214836692e+01°)
5.75439937337186e+05	(-2.18368101443757e+01dB,-8.53574407187242e+01°)
5.82103217770901e+05	(-2.19361624636647e+01dB,-8.54103553060480e+01°)
5.88843655355618e+05	(-2.20355294326347e+01dB,-8.54626718983085e+01°)
5.95662143529040e+05	(-2.21349107219928e+01dB,-8.55143970810149e+01°)
6.02559586074388e+05	(-2.22343060097558e+01dB,-8.55655373729878e+01°)
6.09536897240200e+05	(-2.23337149810916e+01dB,-8.56160992268347e+01°)
6.16595001861513e+05	(-2.24331373281646e+01dB,-8.56660890294281e+01°)
6.23734835482451e+05	(-2.25325727499840e+01dB,-8.57155131023887e+01°)
6.30957344480225e+05	(-2.26320209522551e+01dB,-8.57643777025706e+01°)
6.38263486190581e+05	(-2.27314816472339e+01dB,-8.58126890225506e+01°)
6.45654229034688e+05	(-2.28309545535845e+01dB,-8.58604531911192e+01°)
6.53130552647505e+05	(-2.29304393962394e+01dB,-8.59076762737751e+01°)
6.60693448007630e+05	(-2.30299359062633e+01dB,-8.59543642732204e+01°)
6.68343917568649e+05	(-2.31294438207187e+01dB,-8.60005231298592e+01°)
6.76082975392016e+05	(-2.32289628825352e+01dB,-8.60461587222963e+01°)
6.83911647281464e+05	(-2.33284928403813e+01dB,-8.60912768678383e+01°)
6.91830970918972e+05	(-2.34280334485385e+01dB,-8.61358833229954e+01°)
6.99841996002309e+05	(-2.35275844667784e+01dB,-8.61799837839838e+01°)
7.07945784384174e+05	(-2.36271456602426e+01dB,-8.62235838872291e+01°)
7.16143410212939e+05	(-2.37267167993246e+01dB,-8.62666892098696e+01°)
7.24435960075027e+05	(-2.38262976595544e+01dB,-8.63093052702610e+01°)
7.32824533138942e+05	(-2.39258880214858e+01dB,-8.63514375284792e+01°)
7.41310241300956e+05	(-2.40254876705857e+01dB,-8.63930913868249e+01°)
7.49894209332495e+05	(-2.41250963971259e+01dB,-8.64342721903263e+01°)
7.58577575029223e+05	(-2.42247139960775e+01dB,-8.64749852272421e+01°)
7.67361489361859e+05	(-2.43243402670070e+01dB,-8.65152357295639e+01°)
7.76247116628732e+05	(-2.44239750139749e+01dB,-8.65550288735170e+01°)
7.85235634610112e+05	(-2.45236180454365e+01dB,-8.65943697800610e+01°)
7.94328234724323e+05	(-2.46232691741450e+01dB,-8.66332635153884e+01°)
8.03526122185659e+05	(-2.47229282170561e+01dB,-8.66717150914233e+01°)
8.12830516164141e+05	(-2.48225949952351e+01dB,-8.67097294663169e+01°)
8.22242649947114e+05	(-2.49222693337662e+01dB,-8.67473115449430e+01°)
8.31763771102714e+05	(-2.50219510616629e+01dB,-8.67844661793909e+01°)
8.41395141645239e+05	(-2.51216400117813e+01dB,-8.68211981694571e+01°)
8.51138038202421e+05	(-2.52213360207349e+01dB,-8.68575122631347e+01°)
8.60993752184646e+05	(-2.53210389288108e+01dB,-8.68934131571011e+01°)
8.70963589956126e+05	(-2.54207485798884e+01dB,-8.69289054972035e+01°)
8.81048873008060e+05	(-2.55204648213595e+01dB,-8.69639938789424e+01°)
8.91250938133792e+05	(-2.56201875040502e+01dB,-8.69986828479525e+01°)
9.01571137606004e+05	(-2.57199164821445e+01dB,-8.70329769004816e+01°)
9.12010839355958e+05	(-2.58196516131095e+01dB,-8.70668804838674e+01°)
9.22571427154812e+05	(-2.59193927576224e+01dB,-8.71003979970105e+01°)
9.33254300797040e+05	(-2.60191397794987e+01dB,-8.71335337908468e+01°)
9.44060876285973e+05	(-2.61188925456226e+01dB,-8.71662921688151e+01°)
9.54992586021486e+05	(-2.62186509258783e+01dB,-8.71986773873244e+01°)
9.66050878989865e+05	(-2.63184147930831e+01dB,-8.72306936562160e+01°)
9.77237220955863e+05	(-2.64181840229220e+01dB,-8.72623451392250e+01°)
9.88553094656991e+05	(-2.65179584938836e+01dB,-8.72936359544372e+01°)
1.00000000000000e+06	(-2.66177380871970e+01dB,-8.73245701747444e+01°)
Step Information: N=9  (Step: 9/10)
1.00000000000000e+02	(-1.91437393203317e-05dB,-1.20293927133503e-01°)
1.01157945425990e+02	(-1.95896532850229e-05dB,-1.21686860995734e-01°)
1.02329299228075e+02	(-2.00459538748479e-05dB,-1.23095924125552e-01°)
1.03514216667934e+02	(-2.05128830234540e-05dB,-1.24521303285929e-01°)
1.04712854805090e+02	(-2.09906882933721e-05dB,-1.25963187402272e-01°)
1.05925372517729e+02	(-2.14796230235637e-05dB,-1.27421767587451e-01°)
1.07151930523761e+02	(-2.19799464518955e-05dB,-1.28897237167128e-01°)
1.08392691402120e+02	(-2.24919238491861e-05dB,-1.30389791705368e-01°)
1.09647819614319e+02	(-2.30158266696472e-05dB,-1.31899629030555e-01°)
1.10917481526240e+02	(-2.35519326878237e-05dB,-1.33426949261602e-01°)
1.12201845430196e+02	(-2.41005261528921e-05dB,-1.34971954834467e-01°)
1.13501081567232e+02	(-2.46618979294593e-05dB,-1.36534850528977e-01°)
1.14815362149688e+02	(-2.52363456586114e-05dB,-1.38115843495959e-01°)
1.16144861384034e+02	(-2.58241739151067e-05dB,-1.39715143284686e-01°)
1.17489755493953e+02	(-2.64256943693900e-05dB,-1.41332961870644e-01°)
1.18850222743702e+02	(-2.70412259467141e-05dB,-1.42969513683613e-01°)
1.20226443461741e+02	(-2.76710950065134e-05dB,-1.44625015636081e-01°)
1.21618600064637e+02	(-2.83156355092405e-05dB,-1.46299687151978e-01°)
1.23026877081238e+02	(-2.89751891880259e-05dB,-1.47993750195754e-01°)
1.24451461177139e+02	(-2.96501057425168e-05dB,-1.49707429301782e-01°)
1.25892541179417e+02	(-3.03407430134303e-05dB,-1.51440951604103e-01°)
1.27350308101666e+02	(-3.10474671802510e-05dB,-1.53194546866525e-01°)
1.28824955169314e+02	(-3.17706529483207e-05dB,-1.54968447513059e-01°)
1.30316677845230e+02	(-3.25106837523234e-05dB,-1.56762888658706e-01°)
1.31825673855641e+02	(-3.32679519568767e-05dB,-1.58578108140617e-01°)
1.33352143216333e+02	(-3.40428590696607e-05dB,-1.60414346549587e-01°)
1.34896288259166e+02	(-3.48358159410465e-05dB,-1.62271847261940e-01°)
1.36458313658893e+02	(-3.56472430042275e-05dB,-1.64150856471763e-01°)
1.38038426460289e+02	(-3.64775704738850e-05dB,-1.66051623223520e-01°)
1.39636836105594e+02	(-3.73272385901773e-05dB,-1.67974399445050e-01°)
1.41253754462276e+02	(-3.81966978473018e-05dB,-1.69919439980932e-01°)
1.42889395851111e+02	(-3.90864092297706e-05dB,-1.71887002626247e-01°)
1.44543977074593e+02	(-3.99968444660460e-05dB,-1.73877348160727e-01°)
1.46217717445672e+02	(-4.09284862657830e-05dB,-1.75890740383301e-01°)
1.47910838816821e+02	(-4.18818285840733e-05dB,-1.77927446147033e-01°)
1.49623565609444e+02	(-4.28573768799047e-05dB,-1.79987735394476e-01°)
1.51356124843621e+02	(-4.38556483881223e-05dB,-1.82071881193422e-01°)
1.53108746168203e+02	(-4.48771723913898e-05dB,-1.84180159773074e-01°)
1.54881661891249e+02	(-4.59224904931164e-05dB,-1.86312850560635e-01°)
1.56675107010815e+02	(-4.69921569222086e-05dB,-1.88470236218317e-01°)
1.58489319246112e+02	(-4.80867388108201e-05dB,-1.90652602680778e-01°)
1.60324539069005e+02	(-4.92068165019988e-05dB,-1.92860239192997e-01°)
1.62181009735893e+02	(-5.03529838534764e-05dB,-1.95093438348577e-01°)
1.64058977319954e+02	(-5.15258485607465e-05dB,-1.97352496128504e-01°)
1.65958690743757e+02	(-5.27260324685719e-05dB,-1.99637711940339e-01°)
1.67880401812257e+02	(-5.39541719066017e-05dB,-2.01949388657879e-01°)
1.69824365246175e+02	(-5.52109180288464e-05dB,-2.04287832661258e-01°)
1.71790838715759e+02	(-5.64969371502630e-05dB,-2.06653353877530e-01°)
1.73780082874938e+02	(-5.78129111132340e-05dB,-2.09046265821709e-01°)
1.75792361395870e+02	(-5.91595376337991e-05dB,-2.11466885638285e-01°)
1.77827941003893e+02	(-6.05375306816382e-05dB,-2.13915534143224e-01°)
1.79887091512879e+02	(-6.19476208590938e-05dB,-2.16392535866450e-01°)
1.81970085860999e+02	(-6.33905557830869e-05dB,-2.18898219094816e-01°)
1.84077200146896e+02	(-6.48671004834290e-05dB,-2.21432915915577e-01°)
1.86208713666287e+02	(-6.63780378078865e-05dB,-2.23996962260362e-01°)
1.88364908948981e+02	(-6.79241688388193e-05dB,-2.26590697949650e-01°)
1.90546071796325e+02	(-6.95063133204292e-05dB,-2.29214466737769e-01°)
1.92752491319094e+02	(-7.11253100792604e-05dB,-2.31868616358406e-01°)
1.94984459975805e+02	(-7.27820174987048e-05dB,-2.34553498570649e-01°)
1.97242273611486e+02	(-7.44773139317935e-05dB,-2.37269469205554e-01°)
1.99526231496889e+02	(-7.62120982094587e-05dB,-2.40016888213258e-01°)
2.01836636368157e+02	(-7.79872900861178e-05dB,-2.42796119710629e-01°)
2.04173794466954e+02	(-7.98038307431202e-05dB,-2.45607532029470e-01°)
2.06538015581054e+02	(-8.16626832796604e-05dB,-2.48451497765279e-01°)
2.08929613085405e+02	(-8.35648332316610e-05dB,-2.51328393826569e-01°)
2.11348903983666e+02	(-8.55112890839079e-05dB,-2.54238601484764e-01°)
2.13796208950224e+02	(-8.75030828140125e-05dB,-2.57182506424664e-01°)
2.16271852372703e+02	(-8.95412704354134e-05dB,-2.60160498795496e-01°)
2.18776162394956e+02	(-9.16269325538823e-05dB,-2.63172973262553e-01°)
2.21309470960565e+02	(-9.37611749491071e-05dB,-2.66220329059433e-01°)
2.23872113856835e+02	(-9.59451291495292e-05dB,-2.69302970040872e-01°)
2.26464430759307e+02	(-9.81799530409358e-05dB,-2.72421304736198e-01°)
2.29086765276778e+02	(-1.00466831477952e-04dB,-2.75575746403392e-01°)
2.31739464996849e+02	(-1.02806976909999e-04dB,-2.78766713083777e-01°)
2.34422881531993e+02	(-1.05201630025588e-04dB,-2.81994627657340e-01°)
2.37137370566167e+02	(-1.07652060412037e-04dB,-2.85259917898688e-01°)
2.39883291901950e+02	(-1.10159567220989e-04dB,-2.88563016533651e-01°)
2.42661009508243e+02	(-1.12725479868648e-04dB,-2.91904361296540e-01°)
2.45470891568504e+02	(-1.15351158731203e-04dB,-2.95284394988061e-01°)
2.48313310529558e+02	(-1.18037995868217e-04dB,-2.98703565533903e-01°)
2.51188643150959e+02	(-1.20787415761461e-04dB,-3.02162326043992e-01°)
2.54097270554932e+02	(-1.23600876068215e-04dB,-3.05661134872439e-01°)
2.57039578276888e+02	(-1.26479868397719e-04dB,-3.09200455678173e-01°)
2.60015956316529e+02	(-1.29425919097282e-04dB,-3.12780757486272e-01°)
2.63026799189540e+02	(-1.32440590064430e-04dB,-3.16402514750005e-01°)
2.66072505979882e+02	(-1.35525479572567e-04dB,-3.20066207413586e-01°)
2.69153480392693e+02	(-1.38682223119784e-04dB,-3.23772320975653e-01°)
2.72270130807793e+02	(-1.41912494296007e-04dB,-3.27521346553474e-01°)
2.75422870333818e+02	(-1.45218005665581e-04dB,-3.31313780947900e-01°)
2.78612116862979e+02	(-1.48600509681685e-04dB,-3.35150126709060e-01°)
2.81838293126447e+02	(-1.52061799609438e-04dB,-3.39030892202818e-01°)
2.85101826750393e+02	(-1.55603710482773e-04dB,-3.42956591677985e-01°)
2.88403150312662e+02	(-1.59228120066140e-04dB,-3.46927745334322e-01°)
2.91742701400119e+02	(-1.62936949864436e-04dB,-3.50944879391307e-01°)
2.95120922666640e+02	(-1.66732166127168e-04dB,-3.55008526157710e-01°)
2.98538261891798e+02	(-1.70615780899881e-04dB,-3.59119224101955e-01°)
3.01995172040204e+02	(-1.74589853087164e-04dB,-3.63277517923305e-01°)
3.05492111321553e+02	(-1.78656489541724e-04dB,-3.67483958623853e-01°)
3.09029543251361e+02	(-1.82817846186247e-04dB,-3.71739103581351e-01°)
3.12607936712398e+02	(-1.87076129150715e-04dB,-3.76043516622875e-01°)
3.16227766016840e+02	(-1.91433595945419e-04dB,-3.80397768099332e-01°)
3.19889510969142e+02	(-1.95892556655200e-04dB,-3.84802434960830e-01°)
3.23593656929630e+02	(-2.00455375160717e-04dB,-3.89258100832911e-01°)
3.27340694878840e+02	(-2.05124470402166e-04dB,-3.93765356093661e-01°)
3.31131121482593e+02	(-2.09902317645906e-04dB,-3.98324797951711e-01°)
3.34965439157830e+02	(-2.14791449808006e-04dB,-4.02937030525123e-01°)
3.38844156139205e+02	(-2.19794458787463e-04dB,-4.07602664921196e-01°)
3.42767786546453e+02	(-2.24913996853441e-04dB,-4.12322319317178e-01°)
3.46736850452534e+02	(-2.30152778030607e-04dB,-4.17096619041913e-01°)
3.50751873952571e+02	(-2.35513579555853e-04dB,-4.21926196658420e-01°)
3.54813389233578e+02	(-2.40999243339875e-04dB,-4.26811692047424e-01°)
3.58921934645008e+02	(-2.46612677473130e-04dB,-4.31753752491839e-01°)
3.63078054770104e+02	(-2.52356857777153e-04dB,-4.36753032762232e-01°)
3.67282300498087e+02	(-2.58234829359760e-04dB,-4.41810195203260e-01°)
3.71535229097175e+02	(-2.64249708254184e-04dB,-4.46925909821094e-01°)
3.75837404288447e+02	(-2.70404683054387e-04dB,-4.52100854371861e-01°)
3.80189396320564e+02	(-2.76703016603445e-04dB,-4.57335714451083e-01°)
3.84591782045357e+02	(-2.83148047731156e-04dB,-4.62631183584152e-01°)
3.89045144994284e+02	(-2.89743193019650e-04dB,-4.67987963317838e-01°)
3.93550075455781e+02	(-2.96491948607613e-04dB,-4.73406763312851e-01°)
3.98107170553500e+02	(-3.03397892048566e-04dB,-4.78888301437452e-01°)
4.02717034325462e+02	(-3.10464684212574e-04dB,-4.84433303862148e-01°)
4.07380277804116e+02	(-3.17696071204399e-04dB,-4.90042505155465e-01°)
4.12097519097334e+02	(-3.25095886374289e-04dB,-4.95716648380817e-01°)
4.16869383470339e+02	(-3.32668052330735e-04dB,-5.01456485194491e-01°)
4.21696503428586e+02	(-3.40416583022722e-04dB,-5.07262775944738e-01°)
4.26579518801596e+02	(-3.48345585868326e-04dB,-5.13136289772016e-01°)
4.31519076827769e+02	(-3.56459263927729e-04dB,-5.19077804710364e-01°)
4.36515832240170e+02	(-3.64761918138014e-04dB,-5.25088107789941e-01°)
4.41570447353316e+02	(-3.73257949577922e-04dB,-5.31167995140740e-01°)
4.46683592150967e+02	(-3.81951861805006e-04dB,-5.37318272097480e-01°)
4.51855944374926e+02	(-3.90848263247816e-04dB,-5.43539753305698e-01°)
4.57088189614879e+02	(-3.99951869633852e-04dB,-5.49833262829057e-01°)
4.62381021399264e+02	(-4.09267506498591e-04dB,-5.56199634257873e-01°)
4.67735141287202e+02	(-4.18800111735107e-04dB,-5.62639710818880e-01°)
4.73151258961485e+02	(-4.28554738210308e-04dB,-5.69154345486252e-01°)
4.78630092322643e+02	(-4.38536556446852e-04dB,-5.75744401093887e-01°)
4.84172367584104e+02	(-4.48750857344686e-04dB,-5.82410750448968e-01°)
4.89778819368451e+02	(-4.59203055005871e-04dB,-5.89154276446825e-01°)
4.95450190804795e+02	(-4.69898689588449e-04dB,-5.95975872187099e-01°)
5.01187233627277e+02	(-4.80843430235626e-04dB,-6.02876441091231e-01°)
5.06990708274709e+02	(-4.92043078088016e-04dB,-6.09856897021284e-01°)
5.12861383991370e+02	(-5.03503569351927e-04dB,-6.16918164400123e-01°)
5.18800038928966e+02	(-5.15230978445890e-04dB,-6.24061178332957e-01°)
5.24807460249778e+02	(-5.27231521203249e-04dB,-6.31286884730263e-01°)
5.30884444230993e+02	(-5.39511558183861e-04dB,-6.38596240432105e-01°)
5.37031796370258e+02	(-5.52077598025477e-04dB,-6.45990213333867e-01°)
5.43250331492438e+02	(-5.64936300897496e-04dB,-6.53469782513411e-01°)
5.49540873857630e+02	(-5.78094482023347e-04dB,-6.61035938359680e-01°)
5.55904257270409e+02	(-5.91559115288859e-04dB,-6.68689682702753e-01°)
5.62341325190355e+02	(-6.05337336941455e-04dB,-6.76432028945384e-01°)
5.68852930843847e+02	(-6.19436449350285e-04dB,-6.84264002196017e-01°)
5.75439937337163e+02	(-6.33863924893839e-04dB,-6.92186639403323e-01°)
5.82103217770877e+02	(-6.48627409896940e-04dB,-7.00200989492244e-01°)
5.88843655355595e+02	(-6.63734728689457e-04dB,-7.08308113501582e-01°)
5.95662143529017e+02	(-6.79193887737559e-04dB,-7.16509084723149e-01°)
6.02559586074364e+02	(-6.95013079895745e-04dB,-7.24804988842476e-01°)
6.09536897240176e+02	(-7.11200688721789e-04dB,-7.33196924081121e-01°)
6.16595001861489e+02	(-7.27765292933708e-04dB,-7.41686001340574e-01°)
6.23734835482426e+02	(-7.44715670943159e-04dB,-7.50273344347795e-01°)
6.30957344480200e+02	(-7.62060805487487e-04dB,-7.58960089802380e-01°)
6.38263486190556e+02	(-7.79809888403820e-04dB,-7.67747387525392e-01°)
6.45654229034662e+02	(-7.97972325479641e-04dB,-7.76636400609864e-01°)
6.53130552647479e+02	(-8.16557741432905e-04dB,-7.85628305572996e-01°)
6.60693448007603e+02	(-8.35575985000492e-04dB,-7.94724292510054e-01°)
6.68343917568622e+02	(-8.55037134152375e-04dB,-8.03925565250016e-01°)
6.76082975391989e+02	(-8.74951501424757e-04dB,-8.13233341512939e-01°)
6.83911647281437e+02	(-8.95329639369322e-04dB,-8.22648853069115e-01°)
6.91830970918944e+02	(-9.16182346137881e-04dB,-8.32173345899989e-01°)
6.99841996002281e+02	(-9.37520671195701e-04dB,-8.41808080360895e-01°)
7.07945784384146e+02	(-9.59355921160632e-04dB,-8.51554331345602e-01°)
7.16143410212910e+02	(-9.81699665786379e-04dB,-8.61413388452700e-01°)
7.24435960074998e+02	(-1.00456374408127e-03dB,-8.71386556153852e-01°)
7.32824533138912e+02	(-1.02796027056829e-03dB,-8.81475153963913e-01°)
7.41310241300926e+02	(-1.05190164168263e-03dB,-8.91680516612947e-01°)
7.49894209332465e+02	(-1.07640054234428e-03dB,-9.02003994220168e-01°)
7.58577575029193e+02	(-1.10146995264407e-03dB,-9.12446952469806e-01°)
7.67361489361828e+02	(-1.12712315471540e-03dB,-9.23010772788932e-01°)
7.76247116628701e+02	(-1.15337373976295e-03dB,-9.33696852527261e-01°)
7.85235634610081e+02	(-1.18023561522689e-03dB,-9.44506605138941e-01°)
7.94328234724291e+02	(-1.20772301215820e-03dB,-9.55441460366363e-01°)
8.03526122185627e+02	(-1.23585049271314e-03dB,-9.66502864426011e-01°)
8.12830516164109e+02	(-1.26463295787333e-03dB,-9.77692280196347e-01°)
8.22242649947081e+02	(-1.29408565530442e-03dB,-9.89011187407795e-01°)
8.31763771102681e+02	(-1.32422418741626e-03dB,-1.00046108283481e+00°)
8.41395141645205e+02	(-1.35506451960998e-03dB,-1.01204348049005e+00°)
8.51138038202387e+02	(-1.38662298871020e-03dB,-1.02375991182072e+00°)
8.60993752184611e+02	(-1.41891631159113e-03dB,-1.03561192590705e+00°)
8.70963589956091e+02	(-1.45196159401092e-03dB,-1.04760108966292e+00°)
8.81048873008025e+02	(-1.48577633964957e-03dB,-1.05972898803877e+00°)
8.91250938133757e+02	(-1.52037845934092e-03dB,-1.07199722422665e+00°)
9.01571137605968e+02	(-1.55578628054576e-03dB,-1.08440741986756e+00°)
9.12010839355921e+02	(-1.59201855701619e-03dB,-1.09696121526103e+00°)
9.22571427154775e+02	(-1.62909447870336e-03dB,-1.10966026957697e+00°)
9.33254300797003e+02	(-1.66703368188819e-03dB,-1.12250626106990e+00°)
9.44060876285936e+02	(-1.70585625954308e-03dB,-1.13550088729542e+00°)
9.54992586021448e+02	(-1.74558277193615e-03dB,-1.14864586532907e+00°)
9.66050878989826e+02	(-1.78623425749345e-03dB,-1.16194293198758e+00°)
9.77237220955823e+02	(-1.82783224388271e-03dB,-1.17539384405245e+00°)
9.88553094656952e+02	(-1.87039875938604e-03dB,-1.18900037849606e+00°)
1.00000000000001e+03	(-1.91395634451073e-03dB,-1.20276433271007e+00°)
1.01157945425991e+03	(-1.95852806389299e-03dB,-1.21668752473640e+00°)
1.02329299228077e+03	(-2.00413751844865e-03dB,-1.23077179350061e+00°)
1.03514216667936e+03	(-2.05080885782568e-03dB,-1.24501899904787e+00°)
1.04712854805091e+03	(-2.09856679314724e-03dB,-1.25943102278134e+00°)
1.05925372517730e+03	(-2.14743661002099e-03dB,-1.27400976770321e+00°)
1.07151930523762e+03	(-2.19744418189033e-03dB,-1.28875715865824e+00°)
1.08392691402122e+03	(-2.24861598365503e-03dB,-1.30367514257990e+00°)
1.09647819614320e+03	(-2.30097910563771e-03dB,-1.31876568873915e+00°)
1.10917481526242e+03	(-2.35456126784616e-03dB,-1.33403078899581e+00°)
1.12201845430198e+03	(-2.40939083459514e-03dB,-1.34947245805267e+00°)
1.13501081567233e+03	(-2.46549682943490e-03dB,-1.36509273371215e+00°)
1.14815362149690e+03	(-2.52290895043856e-03dB,-1.38089367713578e+00°)
1.16144861384036e+03	(-2.58165758585421e-03dB,-1.39687737310635e+00°)
1.17489755493955e+03	(-2.64177383009503e-03dB,-1.41304593029281e+00°)
1.18850222743704e+03	(-2.70328950011471e-03dB,-1.42940148151792e+00°)
1.20226443461743e+03	(-2.76623715215491e-03dB,-1.44594618402870e+00°)
1.21618600064639e+03	(-2.83065009887738e-03dB,-1.46268221976973e+00°)
1.23026877081240e+03	(-2.89656242689935e-03dB,-1.47961179565919e+00°)
1.24451461177140e+03	(-2.96400901471977e-03dB,-1.49673714386784e+00°)
1.25892541179419e+03	(-3.03302555106844e-03dB,-1.51406052210078e+00°)
1.27350308101668e+03	(-3.10364855367722e-03dB,-1.53158421388223e+00°)
1.28824955169315e+03	(-3.17591538848620e-03dB,-1.54931052884310e+00°)
1.30316677845232e+03	(-3.24986428927427e-03dB,-1.56724180301151e+00°)
1.31825673855643e+03	(-3.32553437776946e-03dB,-1.58538039910637e+00°)
1.33352143216334e+03	(-3.40296568420254e-03dB,-1.60372870683382e+00°)
1.34896288259167e+03	(-3.48219916833408e-03dB,-1.62228914318666e+00°)
1.36458313658895e+03	(-3.56327674097737e-03dB,-1.64106415274691e+00°)
1.38038426460291e+03	(-3.64624128600700e-03dB,-1.66005620799127e+00°)
1.39636836105596e+03	(-3.73113668287632e-03dB,-1.67926780959969e+00°)
1.41253754462278e+03	(-3.81800782964339e-03dB,-1.69870148676701e+00°)
1.42889395851112e+03	(-3.90690066654506e-03dB,-1.71835979751769e+00°)
1.44543977074595e+03	(-3.99786220009649e-03dB,-1.73824532902358e+00°)
1.46217717445674e+03	(-4.09094052774823e-03dB,-1.75836069792494e+00°)
1.47910838816823e+03	(-4.18618486310906e-03dB,-1.77870855065443e+00°)
1.49623565609446e+03	(-4.28364556175114e-03dB,-1.79929156376443e+00°)
1.51356124843623e+03	(-4.38337414760880e-03dB,-1.82011244425737e+00°)
1.53108746168205e+03	(-4.48542333995855e-03dB,-1.84117392991935e+00°)
1.54881661891251e+03	(-4.58984708106679e-03dB,-1.86247878965691e+00°)
1.56675107010817e+03	(-4.69670056441207e-03dB,-1.88402982383704e+00°)
1.58489319246114e+03	(-4.80604026360390e-03dB,-1.90582986463041e+00°)
1.60324539069007e+03	(-4.91792396193397e-03dB,-1.92788177635780e+00°)
1.62181009735896e+03	(-5.03241078260187e-03dB,-1.95018845583985e+00°)
1.64058977319957e+03	(-5.14956121966598e-03dB,-1.97275283274999e+00°)
1.65958690743759e+03	(-5.26943716965636e-03dB,-1.99557786997074e+00°)
1.67880401812259e+03	(-5.39210196394306e-03dB,-2.01866656395321e+00°)
1.69824365246177e+03	(-5.51762040182357e-03dB,-2.04202194507989e+00°)
1.71790838715762e+03	(-5.64605878439204e-03dB,-2.06564707803084e+00°)
1.73780082874940e+03	(-5.77748494914747e-03dB,-2.08954506215305e+00°)
1.75792361395872e+03	(-5.91196830540998e-03dB,-2.11371903183321e+00°)
1.77827941003895e+03	(-6.04957987055193e-03dB,-2.13817215687372e+00°)
1.79887091512882e+03	(-6.19039230703972e-03dB,-2.16290764287212e+00°)
1.81970085861001e+03	(-6.33447996032181e-03dB,-2.18792873160373e+00°)
1.84077200146899e+03	(-6.48191889758903e-03dB,-2.21323870140771e+00°)
1.86208713666290e+03	(-6.63278694740227e-03dB,-2.23884086757635e+00°)
1.88364908948983e+03	(-6.78716374023760e-03dB,-2.26473858274778e+00°)
1.90546071796328e+03	(-6.94513074993262e-03dB,-2.29093523730193e+00°)
1.92752491319097e+03	(-7.10677133610155e-03dB,-2.31743425975983e+00°)
1.94984459975808e+03	(-7.27217078747681e-03dB,-2.34423911718625e+00°)
1.97242273611489e+03	(-7.44141636627171e-03dB,-2.37135331559555e+00°)
1.99526231496891e+03	(-7.61459735352413e-03dB,-2.39878040036096e+00°)
2.01836636368160e+03	(-7.79180509547243e-03dB,-2.42652395662705e+00°)
2.04173794466956e+03	(-7.97313305098538e-03dB,-2.45458760972547e+00°)
2.06538015581057e+03	(-8.15867684006172e-03dB,-2.48297502559401e+00°)
2.08929613085408e+03	(-8.34853429343187e-03dB,-2.51168991119885e+00°)
2.11348903983668e+03	(-8.54280550326993e-03dB,-2.54073601496008e+00°)
2.13796208950227e+03	(-8.74159287506102e-03dB,-2.57011712718035e+00°)
2.16271852372706e+03	(-8.94500118063326e-03dB,-2.59983708047680e+00°)
2.18776162394959e+03	(-9.15313761238230e-03dB,-2.62989975021607e+00°)
2.21309470960568e+03	(-9.36611183872862e-03dB,-2.66030905495248e+00°)
2.23872113856838e+03	(-9.58403606080966e-03dB,-2.69106895686929e+00°)
2.26464430759310e+03	(-9.80702507045688e-03dB,-2.72218346222308e+00°)
2.29086765276781e+03	(-1.00351963094609e-02dB,-2.75365662179107e+00°)
2.31739464996852e+03	(-1.02686699301931e-02dB,-2.78549253132156e+00°)
2.34422881531996e+03	(-1.05075688575629e-02dB,-2.81769533198719e+00°)
2.37137370566170e+03	(-1.07520188523659e-02dB,-2.85026921084127e+00°)
2.39883291901953e+03	(-1.10021485760699e-02dB,-2.88321840127685e+00°)
2.42661009508246e+03	(-1.12580896570239e-02dB,-2.91654718348866e+00°)
2.45470891568508e+03	(-1.15199767581637e-02dB,-2.95025988493782e+00°)
2.48313310529562e+03	(-1.17879476462281e-02dB,-2.98436088081929e+00°)
2.51188643150963e+03	(-1.20621432625064e-02dB,-3.01885459453187e+00°)
2.54097270554935e+03	(-1.23427077951730e-02dB,-3.05374549815090e+00°)
2.57039578276891e+03	(-1.26297887532273e-02dB,-3.08903811290341e+00°)
2.60015956316532e+03	(-1.29235370420880e-02dB,-3.12473700964574e+00°)
2.63026799189543e+03	(-1.32241070408369e-02dB,-3.16084680934356e+00°)
2.66072505979886e+03	(-1.35316566812162e-02dB,-3.19737218355409e+00°)
2.69153480392697e+03	(-1.38463475283347e-02dB,-3.23431785491064e+00°)
2.72270130807796e+03	(-1.41683448631892e-02dB,-3.27168859760921e+00°)
2.75422870333822e+03	(-1.44978177670015e-02dB,-3.30948923789710e+00°)
2.78612116862982e+03	(-1.48349392074003e-02dB,-3.34772465456345e+00°)
2.81838293126451e+03	(-1.51798861265301e-02dB,-3.38639977943166e+00°)
2.85101826750396e+03	(-1.55328395310824e-02dB,-3.42551959785343e+00°)
2.88403150312666e+03	(-1.58939845842905e-02dB,-3.46508914920446e+00°)
2.91742701400122e+03	(-1.62635106999850e-02dB,-3.50511352738158e+00°)
2.95120922666644e+03	(-1.66416116386701e-02dB,-3.54559788130125e+00°)
2.98538261891802e+03	(-1.70284856057224e-02dB,-3.58654741539928e+00°)
3.01995172040208e+03	(-1.74243353517262e-02dB,-3.62796739013161e+00°)
3.05492111321557e+03	(-1.78293682750098e-02dB,-3.66986312247597e+00°)
3.09029543251365e+03	(-1.82437965263990e-02dB,-3.71223998643442e+00°)
3.12607936712402e+03	(-1.86678371162536e-02dB,-3.75510341353642e+00°)
3.16227766016844e+03	(-1.91017120238363e-02dB,-3.79845889334232e+00°)
3.19889510969146e+03	(-1.95456483090409e-02dB,-3.84231197394722e+00°)
3.23593656929635e+03	(-1.99998782265314e-02dB,-3.88666826248484e+00°)
3.27340694878845e+03	(-2.04646393423702e-02dB,-3.93153342563125e+00°)
3.31131121482598e+03	(-2.09401746531206e-02dB,-3.97691319010843e+00°)
3.34965439157834e+03	(-2.14267327075481e-02dB,-4.02281334318714e+00°)
3.38844156139209e+03	(-2.19245677309164e-02dB,-4.06923973318918e+00°)
3.42767786546457e+03	(-2.24339397519326e-02dB,-4.11619826998868e+00°)
3.46736850452539e+03	(-2.29551147324395e-02dB,-4.16369492551209e+00°)
3.50751873952575e+03	(-2.34883646998332e-02dB,-4.21173573423687e+00°)
3.54813389233583e+03	(-2.40339678823379e-02dB,-4.26032679368835e+00°)
3.58921934645013e+03	(-2.45922088471215e-02dB,-4.30947426493472e+00°)
3.63078054770109e+03	(-2.51633786413462e-02dB,-4.35918437307969e+00°)
3.67282300498092e+03	(-2.57477749362226e-02dB,-4.40946340775269e+00°)
3.71535229097180e+03	(-2.63457021740496e-02dB,-4.46031772359615e+00°)
3.75837404288452e+03	(-2.69574717184008e-02dB,-4.51175374074969e+00°)
3.80189396320569e+03	(-2.75834020074230e-02dB,-4.56377794533079e+00°)
3.84591782045362e+03	(-2.82238187103551e-02dB,-4.61639688991169e+00°)
3.89045144994289e+03	(-2.88790548873127e-02dB,-4.66961719399205e+00°)
3.93550075455786e+03	(-2.95494511523837e-02dB,-4.72344554446712e+00°)
3.98107170553506e+03	(-3.02353558401301e-02dB,-4.77788869609100e+00°)
4.02717034325468e+03	(-3.09371251754984e-02dB,-4.83295347193455e+00°)
4.07380277804121e+03	(-3.16551234472575e-02dB,-4.88864676383761e+00°)
4.12097519097339e+03	(-3.23897231849978e-02dB,-4.94497553285506e+00°)
4.16869383470344e+03	(-3.31413053397420e-02dB,-5.00194680969631e+00°)
4.21696503428591e+03	(-3.39102594682570e-02dB,-5.05956769515770e+00°)
4.26579518801602e+03	(-3.46969839210948e-02dB,-5.11784536054747e+00°)
4.31519076827775e+03	(-3.55018860344740e-02dB,-5.17678704810263e+00°)
4.36515832240175e+03	(-3.63253823260062e-02dB,-5.23640007139736e+00°)
4.41570447353322e+03	(-3.71678986943747e-02dB,-5.29669181574235e+00°)
4.46683592150973e+03	(-3.80298706230245e-02dB,-5.35766973857458e+00°)
4.51855944374932e+03	(-3.89117433878838e-02dB,-5.41934136983687e+00°)
4.57088189614885e+03	(-3.98139722692616e-02dB,-5.48171431234678e+00°)
4.62381021399271e+03	(-4.07370227679003e-02dB,-5.54479624215410e+00°)
4.67735141287209e+03	(-4.16813708252953e-02dB,-5.60859490888636e+00°)
4.73151258961491e+03	(-4.26475030483617e-02dB,-5.67311813608175e+00°)
4.78630092322649e+03	(-4.36359169384557e-02dB,-5.73837382150873e+00°)
4.84172367584110e+03	(-4.46471211248544e-02dB,-5.80436993747161e+00°)
4.89778819368457e+03	(-4.56816356027725e-02dB,-5.87111453110151e+00°)
4.95450190804801e+03	(-4.67399919759262e-02dB,-5.93861572463178e+00°)
5.01187233627284e+03	(-4.78227337037739e-02dB,-6.00688171565723e+00°)
5.06990708274716e+03	(-4.89304163534266e-02dB,-6.07592077737639e+00°)
5.12861383991376e+03	(-5.00636078563604e-02dB,-6.14574125881587e+00°)
5.18800038928973e+03	(-5.12228887699348e-02dB,-6.21635158503613e+00°)
5.24807460249785e+03	(-5.24088525438269e-02dB,-6.28776025731764e+00°)
5.30884444231001e+03	(-5.36221057913882e-02dB,-6.35997585332664e+00°)
5.37031796370265e+03	(-5.48632685660588e-02dB,-6.43300702725947e+00°)
5.43250331492446e+03	(-5.61329746428020e-02dB,-6.50686250996467e+00°)
5.49540873857637e+03	(-5.74318718047179e-02dB,-6.58155110904167e+00°)
5.55904257270416e+03	(-5.87606221348087e-02dB,-6.65708170891515e+00°)
5.62341325190362e+03	(-6.01199023130134e-02dB,-6.73346327088409e+00°)
5.68852930843855e+03	(-6.15104039185105e-02dB,-6.81070483314425e+00°)
5.75439937337170e+03	(-6.29328337373977e-02dB,-6.88881551078314e+00°)
5.82103217770885e+03	(-6.43879140757589e-02dB,-6.96780449574623e+00°)
5.88843655355603e+03	(-6.58763830781637e-02dB,-7.04768105677323e+00°)
5.95662143529025e+03	(-6.73989950516946e-02dB,-7.12845453930328e+00°)
6.02559586074372e+03	(-6.89565207954909e-02dB,-7.21013436534768e+00°)
6.09536897240184e+03	(-7.05497479358672e-02dB,-7.29273003332904e+00°)
6.16595001861497e+03	(-7.21794812670733e-02dB,-7.37625111788537e+00°)
6.23734835482434e+03	(-7.38465430976962e-02dB,-7.46070726963777e+00°)
6.30957344480208e+03	(-7.55517736027511e-02dB,-7.54610821492046e+00°)
6.38263486190564e+03	(-7.72960311815040e-02dB,-7.63246375547150e+00°)
6.45654229034671e+03	(-7.90801928210200e-02dB,-7.71978376808287e+00°)
6.53130552647488e+03	(-8.09051544655078e-02dB,-7.80807820420832e+00°)
6.60693448007612e+03	(-8.27718313914288e-02dB,-7.89735708952752e+00°)
6.68343917568631e+03	(-8.46811585884251e-02dB,-7.98763052346469e+00°)
6.76082975391998e+03	(-8.66340911460501e-02dB,-8.07890867866040e+00°)
6.83911647281446e+03	(-8.86316046463286e-02dB,-8.17120180039452e+00°)
6.91830970918953e+03	(-9.06746955621296e-02dB,-8.26452020595881e+00°)
6.99841996002291e+03	(-9.27643816613544e-02dB,-8.35887428397733e+00°)
7.07945784384155e+03	(-9.49017024169348e-02dB,-8.45427449367273e+00°)
7.16143410212920e+03	(-9.70877194226195e-02dB,-8.55073136407681e+00°)
7.24435960075008e+03	(-9.93235168145152e-02dB,-8.64825549318317e+00°)
7.32824533138922e+03	(-1.01610201698379e-01dB,-8.74685754704019e+00°)
7.41310241300936e+03	(-1.03948904582601e-01dB,-8.84654825878234e+00°)
7.49894209332474e+03	(-1.06340779816856e-01dB,-8.94733842759758e+00°)
7.58577575029203e+03	(-1.08787006036343e-01dB,-9.04923891762911e+00°)
7.67361489361838e+03	(-1.11288786611592e-01dB,-9.15226065680898e+00°)
7.76247116628711e+03	(-1.13847350103731e-01dB,-9.25641463562169e+00°)
7.85235634610092e+03	(-1.16463950725167e-01dB,-9.36171190579535e+00°)
7.94328234724302e+03	(-1.19139868805576e-01dB,-9.46816357891822e+00°)
8.03526122185638e+03	(-1.21876411263118e-01dB,-9.57578082497841e+00°)
8.12830516164120e+03	(-1.24674912080752e-01dB,-9.68457487082417e+00°)
8.22242649947092e+03	(-1.27536732787574e-01dB,-9.79455699854261e+00°)
8.31763771102692e+03	(-1.30463262944995e-01dB,-9.90573854375428e+00°)
8.41395141645217e+03	(-1.33455920637650e-01dB,-1.00181308938211e+01°)
8.51138038202398e+03	(-1.36516152968908e-01dB,-1.01317454859655e+01°)
8.60993752184623e+03	(-1.39645436560754e-01dB,-1.02465938052970e+01°)
8.70963589956103e+03	(-1.42845278057941e-01dB,-1.03626873827460e+01°)
8.81048873008037e+03	(-1.46117214636144e-01dB,-1.04800377928992e+01°)
8.91250938133769e+03	(-1.49462814513976e-01dB,-1.05986566517363e+01°)
9.01571137605980e+03	(-1.52883677468599e-01dB,-1.07185556142641e+01°)
9.12010839355933e+03	(-1.56381435354709e-01dB,-1.08397463720457e+01°)
9.22571427154787e+03	(-1.59957752626652e-01dB,-1.09622406506215e+01°)
9.33254300797015e+03	(-1.63614326863370e-01dB,-1.10860502068207e+01°)
9.44060876285948e+03	(-1.67352889295919e-01dB,-1.12111868259577e+01°)
9.54992586021461e+03	(-1.71175205337253e-01dB,-1.13376623189135e+01°)
9.66050878989839e+03	(-1.75083075113903e-01dB,-1.14654885190976e+01°)
9.77237220955837e+03	(-1.79078333999293e-01dB,-1.15946772792873e+01°)
9.88553094656965e+03	(-1.83162853148220e-01dB,-1.17252404683431e+01°)
1.00000000000003e+04	(-1.87338540032226e-01dB,-1.18571899677950e+01°)
1.01157945425993e+04	(-1.91607338975354e-01dB,-1.19905376682986e+01°)
1.02329299228078e+04	(-1.95971231689952e-01dB,-1.21252954659576e+01°)
1.03514216667937e+04	(-2.00432237811985e-01dB,-1.22614752585093e+01°)
1.04712854805093e+04	(-2.04992415435455e-01dB,-1.23990889413699e+01°)
1.05925372517732e+04	(-2.09653861645399e-01dB,-1.25381484035389e+01°)
1.07151930523764e+04	(-2.14418713048921e-01dB,-1.26786655233557e+01°)
1.08392691402123e+04	(-2.19289146303767e-01dB,-1.28206521641102e+01°)
1.09647819614321e+04	(-2.24267378643805e-01dB,-1.29641201695003e+01°)
1.10917481526243e+04	(-2.29355668400860e-01dB,-1.31090813589361e+01°)
1.12201845430199e+04	(-2.34556315522249e-01dB,-1.32555475226879e+01°)
1.13501081567235e+04	(-2.39871662083359e-01dB,-1.34035304168728e+01°)
1.14815362149691e+04	(-2.45304092794608e-01dB,-1.35530417582811e+01°)
1.16144861384037e+04	(-2.50856035502040e-01dB,-1.37040932190361e+01°)
1.17489755493956e+04	(-2.56529961680863e-01dB,-1.38566964210874e+01°)
1.18850222743705e+04	(-2.62328386921077e-01dB,-1.40108629305331e+01°)
1.20226443461745e+04	(-2.68253871404487e-01dB,-1.41666042517713e+01°)
1.21618600064640e+04	(-2.74309020372179e-01dB,-1.43239318214747e+01°)
1.23026877081242e+04	(-2.80496484581650e-01dB,-1.44828570023901e+01°)
1.24451461177142e+04	(-2.86818960752668e-01dB,-1.46433910769578e+01°)
1.25892541179420e+04	(-2.93279192000935e-01dB,-1.48055452407500e+01°)
1.27350308101670e+04	(-2.99879968258609e-01dB,-1.49693305957269e+01°)
1.28824955169317e+04	(-3.06624126680641e-01dB,-1.51347581433077e+01°)
1.30316677845234e+04	(-3.13514552035972e-01dB,-1.53018387772557e+01°)
1.31825673855644e+04	(-3.20554177082467e-01dB,-1.54705832763755e+01°)
1.33352143216336e+04	(-3.27745982924500e-01dB,-1.56410022970226e+01°)
1.34896288259169e+04	(-3.35092999352118e-01dB,-1.58131063654217e+01°)
1.36458313658896e+04	(-3.42598305160536e-01dB,-1.59869058697963e+01°)
1.38038426460292e+04	(-3.50265028448834e-01dB,-1.61624110523060e+01°)
1.39636836105598e+04	(-3.58096346896634e-01dB,-1.63396320007931e+01°)
1.41253754462279e+04	(-3.66095488017425e-01dB,-1.65185786403375e+01°)
1.42889395851114e+04	(-3.74265729387359e-01dB,-1.66992607246209e+01°)
1.44543977074597e+04	(-3.82610398848099e-01dB,-1.68816878270995e+01°)
1.46217717445676e+04	(-3.91132874682410e-01dB,-1.70658693319873e+01°)
1.47910838816825e+04	(-3.99836585761140e-01dB,-1.72518144250508e+01°)
1.49623565609448e+04	(-4.08725011660119e-01dB,-1.74395320842153e+01°)
1.51356124843625e+04	(-4.17801682745603e-01dB,-1.76290310699867e+01°)
1.53108746168207e+04	(-4.27070180226749e-01dB,-1.78203199156884e+01°)
1.54881661891253e+04	(-4.36534136173696e-01dB,-1.80134069175186e+01°)
1.56675107010819e+04	(-4.46197233499670e-01dB,-1.82083001244283e+01°)
1.58489319246116e+04	(-4.56063205905641e-01dB,-1.84050073278253e+01°)
1.60324539069009e+04	(-4.66135837785948e-01dB,-1.86035360511060e+01°)
1.62181009735898e+04	(-4.76418964093354e-01dB,-1.88038935390215e+01°)
1.64058977319959e+04	(-4.86916470161909e-01dB,-1.90060867468809e+01°)
1.65958690743761e+04	(-4.97632291486067e-01dB,-1.92101223295971e+01°)
1.67880401812261e+04	(-5.08570413454407e-01dB,-1.94160066305815e+01°)
1.69824365246179e+04	(-5.19734871036384e-01dB,-1.96237456704938e+01°)
1.71790838715764e+04	(-5.31129748420483e-01dB,-1.98333451358514e+01°)
1.73780082874943e+04	(-5.42759178602118e-01dB,-2.00448103675097e+01°)
1.75792361395875e+04	(-5.54627342919733e-01dB,-2.02581463490163e+01°)
1.77827941003898e+04	(-5.66738470537402e-01dB,-2.04733576948517e+01°)
1.79887091512884e+04	(-5.79096837872418e-01dB,-2.06904486385619e+01°)
1.81970085861004e+04	(-5.91706767966215e-01dB,-2.09094230207957e+01°)
1.84077200146901e+04	(-6.04572629797070e-01dB,-2.11302842772536e+01°)
1.86208713666292e+04	(-6.17698837533066e-01dB,-2.13530354265616e+01°)
1.88364908948986e+04	(-6.31089849723756e-01dB,-2.15776790580802e+01°)
1.90546071796331e+04	(-6.44750168429036e-01dB,-2.18042173196604e+01°)
1.92752491319099e+04	(-6.58684338283831e-01dB,-2.20326519053599e+01°)
1.94984459975810e+04	(-6.72896945497101e-01dB,-2.22629840431328e+01°)
1.97242273611491e+04	(-6.87392616783869e-01dB,-2.24952144825064e+01°)
1.99526231496894e+04	(-7.02176018228928e-01dB,-2.27293434822598e+01°)
2.01836636368162e+04	(-7.17251854080971e-01dB,-2.29653707981200e+01°)
2.04173794466959e+04	(-7.32624865475996e-01dB,-2.32032956704914e+01°)
2.06538015581059e+04	(-7.48299829088813e-01dB,-2.34431168122342e+01°)
2.08929613085410e+04	(-7.64281555711654e-01dB,-2.36848323965110e+01°)
2.11348903983671e+04	(-7.80574888758939e-01dB,-2.39284400447175e+01°)
2.13796208950230e+04	(-7.97184702697281e-01dB,-2.41739368145169e+01°)
2.16271852372709e+04	(-8.14115901400015e-01dB,-2.44213191879971e+01°)
2.18776162394962e+04	(-8.31373416425567e-01dB,-2.46705830599698e+01°)
2.21309470960571e+04	(-8.48962205219100e-01dB,-2.49217237264329e+01°)
2.23872113856841e+04	(-8.66887249237001e-01dB,-2.51747358732155e+01°)
2.26464430759313e+04	(-8.85153551993911e-01dB,-2.54296135648293e+01°)
2.29086765276784e+04	(-9.03766137032098e-01dB,-2.56863502335450e+01°)
2.31739464996855e+04	(-9.22730045813110e-01dB,-2.59449386687201e+01°)
2.34422881532000e+04	(-9.42050335531855e-01dB,-2.62053710063971e+01°)
2.37137370566173e+04	(-9.61732076853284e-01dB,-2.64676387191983e+01°)
2.39883291901957e+04	(-9.81780351572150e-01dB,-2.67317326065394e+01°)
2.42661009508249e+04	(-1.00220025019634e+00dB,-2.69976427851858e+01°)
2.45470891568511e+04	(-1.02299686945455e+00dB,-2.72653586801768e+01°)
2.48313310529565e+04	(-1.04417530972926e+00dB,-2.75348690161416e+01°)
2.51188643150966e+04	(-1.06574067241592e+00dB,-2.78061618090312e+01°)
2.54097270554939e+04	(-1.08769805720984e+00dB,-2.80792243582924e+01°)
2.57039578276895e+04	(-1.11005255932210e+00dB,-2.83540432395072e+01°)
2.60015956316536e+04	(-1.13280926662614e+00dB,-2.86306042975243e+01°)
2.63026799189547e+04	(-1.15597325673694e+00dB,-2.89088926401050e+01°)
2.66072505979890e+04	(-1.17954959402478e+00dB,-2.91888926321109e+01°)
2.69153480392700e+04	(-1.20354332656589e+00dB,-2.94705878902560e+01°)
2.72270130807800e+04	(-1.22795948303234e+00dB,-2.97539612784480e+01°)
2.75422870333826e+04	(-1.25280306952398e+00dB,-3.00389949037424e+01°)
2.78612116862986e+04	(-1.27807906634518e+00dB,-3.03256701129340e+01°)
2.81838293126455e+04	(-1.30379242472949e+00dB,-3.06139674898065e+01°)
2.85101826750400e+04	(-1.32994806351556e+00dB,-3.09038668530647e+01°)
2.88403150312670e+04	(-1.35655086577768e+00dB,-3.11953472549697e+01°)
2.91742701400126e+04	(-1.38360567541478e+00dB,-3.14883869806985e+01°)
2.95120922666648e+04	(-1.41111729370174e+00dB,-3.17829635484476e+01°)
2.98538261891806e+04	(-1.43909047580703e+00dB,-3.20790537103007e+01°)
3.01995172040212e+04	(-1.46752992728110e+00dB,-3.23766334538770e+01°)
3.05492111321561e+04	(-1.49644030051988e+00dB,-3.26756780047789e+01°)
3.09029543251369e+04	(-1.52582619120820e+00dB,-3.29761618298542e+01°)
3.12607936712406e+04	(-1.55569213474772e+00dB,-3.32780586412866e+01°)
3.16227766016848e+04	(-1.58604260267470e+00dB,-3.35813414015289e+01°)
3.19889510969150e+04	(-1.61688199907244e+00dB,-3.38859823290907e+01°)
3.23593656929639e+04	(-1.64821465698402e+00dB,-3.41919529051899e+01°)
3.27340694878849e+04	(-1.68004483483046e+00dB,-3.44992238812777e+01°)
3.31131121482602e+04	(-1.71237671284016e+00dB,-3.48077652874437e+01°)
3.34965439157839e+04	(-1.74521438949516e+00dB,-3.51175464417066e+01°)
3.38844156139214e+04	(-1.77856187800005e+00dB,-3.54285359601945e+01°)
3.42767786546462e+04	(-1.81242310277934e+00dB,-3.57407017682159e+01°)
3.46736850452543e+04	(-1.84680189600939e+00dB,-3.60540111122216e+01°)
3.50751873952580e+04	(-1.88170199419079e+00dB,-3.63684305726554e+01°)
3.54813389233588e+04	(-1.91712703476719e+00dB,-3.66839260776900e+01°)
3.58921934645017e+04	(-1.95308055279685e+00dB,-3.70004629178410e+01°)
3.63078054770114e+04	(-1.98956597768277e+00dB,-3.73180057614522e+01°)
3.67282300498097e+04	(-2.02658662996763e+00dB,-3.76365186710406e+01°)
3.71535229097185e+04	(-2.06414571819949e+00dB,-3.79559651204905e+01°)
3.75837404288457e+04	(-2.10224633587430e+00dB,-3.82763080130806e+01°)
3.80189396320574e+04	(-2.14089145846106e+00dB,-3.85975097003292e+01°)
3.84591782045367e+04	(-2.18008394051568e+00dB,-3.89195320016381e+01°)
3.89045144994294e+04	(-2.21982651288900e+00dB,-3.92423362247144e+01°)
3.93550075455791e+04	(-2.26012178003483e+00dB,-3.95658831867487e+01°)
3.98107170553511e+04	(-2.30097221742337e+00dB,-3.98901332363238e+01°)
4.02717034325473e+04	(-2.34238016906538e+00dB,-4.02150462760282e+01°)
4.07380277804127e+04	(-2.38434784515220e+00dB,-4.05405817857451e+01°)
4.12097519097345e+04	(-2.42687731981664e+00dB,-4.08666988465872e+01°)
4.16869383470350e+04	(-2.46997052901943e+00dB,-4.11933561654447e+01°)
4.21696503428597e+04	(-2.51362926856574e+00dB,-4.15205121001127e+01°)
4.26579518801608e+04	(-2.55785519225603e+00dB,-4.18481246849625e+01°)
4.31519076827780e+04	(-2.60264981017527e+00dB,-4.21761516571190e+01°)
4.36515832240181e+04	(-2.64801448712422e+00dB,-4.25045504831073e+01°)
4.41570447353328e+04	(-2.69395044119625e+00dB,-4.28332783859261e+01°)
4.46683592150979e+04	(-2.74045874250269e+00dB,-4.31622923725093e+01°)
4.51855944374938e+04	(-2.78754031204984e+00dB,-4.34915492615311e+01°)
4.57088189614891e+04	(-2.83519592076972e+00dB,-4.38210057115132e+01°)
4.62381021399277e+04	(-2.88342618870708e+00dB,-4.41506182491885e+01°)
4.67735141287215e+04	(-2.93223158436432e+00dB,-4.44803432980770e+01°)
4.73151258961497e+04	(-2.98161242420576e+00dB,-4.48101372072279e+01°)
4.78630092322655e+04	(-3.03156887232251e+00dB,-4.51399562800816e+01°)
4.84172367584117e+04	(-3.08210094025853e+00dB,-4.54697568034066e+01°)
4.89778819368464e+04	(-3.13320848699844e+00dB,-4.57994950762615e+01°)
4.95450190804808e+04	(-3.18489121911692e+00dB,-4.61291274389384e+01°)
5.01187233627290e+04	(-3.23714869108956e+00dB,-4.64586103018396e+01°)
5.06990708274723e+04	(-3.28998030576430e+00dB,-4.67879001742408e+01°)
5.12861383991383e+04	(-3.34338531499251e+00dB,-4.71169536928949e+01°)
5.18800038928980e+04	(-3.39736282041822e+00dB,-4.74457276504309e+01°)
5.24807460249792e+04	(-3.45191177442377e+00dB,-4.77741790235024e+01°)
5.30884444231008e+04	(-3.50703098122978e+00dB,-4.81022650006418e+01°)
5.37031796370272e+04	(-3.56271909814697e+00dB,-4.84299430097762e+01°)
5.43250331492453e+04	(-3.61897463697709e+00dB,-4.87571707453625e+01°)
5.49540873857645e+04	(-3.67579596555980e+00dB,-4.90839061951006e+01°)
5.55904257270424e+04	(-3.73318130946221e+00dB,-4.94101076661852e+01°)
5.62341325190370e+04	(-3.79112875380734e+00dB,-4.97357338110553e+01°)
5.68852930843862e+04	(-3.84963624523754e+00dB,-5.00607436526068e+01°)
5.75439937337178e+04	(-3.90870159400862e+00dB,-5.03850966088300e+01°)
5.82103217770893e+04	(-3.96832247621029e+00dB,-5.07087525168395e+01°)
5.88843655355611e+04	(-4.02849643610816e+00dB,-5.10316716562627e+01°)
5.95662143529032e+04	(-4.08922088860233e+00dB,-5.13538147719578e+01°)
6.02559586074380e+04	(-4.15049312179761e+00dB,-5.16751430960306e+01°)
6.09536897240192e+04	(-4.21231029967983e+00dB,-5.19956183691247e+01°)
6.16595001861505e+04	(-4.27466946489306e+00dB,-5.23152028609599e+01°)
6.23734835482442e+04	(-4.33756754161187e+00dB,-5.26338593900944e+01°)
6.30957344480217e+04	(-4.40100133850314e+00dB,-5.29515513428926e+01°)
6.38263486190573e+04	(-4.46496755177138e+00dB,-5.32682426916770e+01°)
6.45654229034680e+04	(-4.52946276828182e+00dB,-5.35838980120492e+01°)
6.53130552647497e+04	(-4.59448346875516e+00dB,-5.38984824993645e+01°)
6.60693448007621e+04	(-4.66002603102799e+00dB,-5.42119619843475e+01°)
6.68343917568640e+04	(-4.72608673337279e+00dB,-5.45243029478389e+01°)
6.76082975392007e+04	(-4.79266175787153e+00dB,-5.48354725346649e+01°)
6.83911647281455e+04	(-4.85974719383658e+00dB,-5.51454385666215e+01°)
6.91830970918963e+04	(-4.92733904127312e+00dB,-5.54541695545716e+01°)
6.99841996002300e+04	(-4.99543321437690e+00dB,-5.57616347096507e+01°)
7.07945784384165e+04	(-5.06402554506139e+00dB,-5.60678039535821e+01°)
7.16143410212929e+04	(-5.13311178650849e+00dB,-5.63726479281014e+01°)
7.24435960075018e+04	(-5.20268761673689e+00dB,-5.66761380034961e+01°)
7.32824533138932e+04	(-5.27274864218257e+00dB,-5.69782462862628e+01°)
7.41310241300946e+04	(-5.34329040128561e+00dB,-5.72789456258909e+01°)
7.49894209332484e+04	(-5.41430836807801e+00dB,-5.75782096207797e+01°)
7.58577575029213e+04	(-5.48579795576713e+00dB,-5.78760126233004e+01°)
7.67361489361848e+04	(-5.55775452030955e+00dB,-5.81723297440139e+01°)
7.76247116628722e+04	(-5.63017336397034e+00dB,-5.84671368550567e+01°)
7.85235634610102e+04	(-5.70304973886291e+00dB,-5.87604105927109e+01°)
7.94328234724312e+04	(-5.77637885046468e+00dB,-5.90521283591729e+01°)
8.03526122185648e+04	(-5.85015586110410e+00dB,-5.93422683235376e+01°)
8.12830516164131e+04	(-5.92437589341477e+00dB,-5.96308094220166e+01°)
8.22242649947103e+04	(-5.99903403375237e+00dB,-5.99177313574093e+01°)
8.31763771102703e+04	(-6.07412533557061e+00dB,-6.02030145978462e+01°)
8.41395141645228e+04	(-6.14964482275248e+00dB,-6.04866403748257e+01°)
8.51138038202410e+04	(-6.22558749289312e+00dB,-6.07685906805664e+01°)
8.60993752184634e+04	(-6.30194832053120e+00dB,-6.10488482646962e+01°)
8.70963589956115e+04	(-6.37872226032549e+00dB,-6.13273966303014e+01°)
8.81048873008049e+04	(-6.45590425017396e+00dB,-6.16042200293592e+01°)
8.91250938133780e+04	(-6.53348921427243e+00dB,-6.18793034575776e+01°)
9.01571137605992e+04	(-6.61147206611054e+00dB,-6.21526326486667e+01°)
9.12010839355946e+04	(-6.68984771140264e+00dB,-6.24241940680653e+01°)
9.22571427154799e+04	(-6.76861105095145e+00dB,-6.26939749061483e+01°)
9.33254300797028e+04	(-6.84775698344279e+00dB,-6.29619630709391e+01°)
9.44060876285961e+04	(-6.92728040816957e+00dB,-6.32281471803525e+01°)
9.54992586021474e+04	(-7.00717622768354e+00dB,-6.34925165539919e+01°)
9.66050878989852e+04	(-7.08743935037362e+00dB,-6.37550612045265e+01°)
9.77237220955849e+04	(-7.16806469296957e+00dB,-6.40157718286734e+01°)
9.88553094656978e+04	(-7.24904718297015e+00dB,-6.42746397978079e+01°)
1.00000000000004e+05	(-7.33038176099500e+00dB,-6.45316571482274e+01°)
1.01157945425994e+05	(-7.41206338305957e+00dB,-6.47868165710927e+01°)
1.02329299228080e+05	(-7.49408702277284e+00dB,-6.50401114020705e+01°)
1.03514216667939e+05	(-7.57644767345735e+00dB,-6.52915356106990e+01°)
1.04712854805094e+05	(-7.65914035019161e+00dB,-6.55410837895026e+01°)
1.05925372517733e+05	(-7.74216009177485e+00dB,-6.57887511428749e+01°)
1.07151930523765e+05	(-7.82550196261418e+00dB,-6.60345334757537e+01°)
1.08392691402125e+05	(-7.90916105453462e+00dB,-6.62784271821098e+01°)
1.09647819614323e+05	(-7.99313248851231e+00dB,-6.65204292332697e+01°)
1.10917481526245e+05	(-8.07741141633148e+00dB,-6.67605371660926e+01°)
1.12201845430201e+05	(-8.16199302216576e+00dB,-6.69987490710222e+01°)
1.13501081567236e+05	(-8.24687252408475e+00dB,-6.72350635800321e+01°)
1.14815362149693e+05	(-8.33204517548646e+00dB,-6.74694798544840e+01°)
1.16144861384039e+05	(-8.41750626645683e+00dB,-6.77019975729147e+01°)
1.17489755493958e+05	(-8.50325112505707e+00dB,-6.79326169187730e+01°)
1.18850222743707e+05	(-8.58927511854020e+00dB,-6.81613385681186e+01°)
1.20226443461746e+05	(-8.67557365449780e+00dB,-6.83881636773031e+01°)
1.21618600064642e+05	(-8.76214218193819e+00dB,-6.86130938706461e+01°)
1.23026877081243e+05	(-8.84897619229750e+00dB,-6.88361312281217e+01°)
1.24451461177144e+05	(-8.93607122038486e+00dB,-6.90572782730701e+01°)
1.25892541179422e+05	(-9.02342284526310e+00dB,-6.92765379599466e+01°)
1.27350308101671e+05	(-9.11102669106653e+00dB,-6.94939136621219e+01°)
1.28824955169319e+05	(-9.19887842775713e+00dB,-6.97094091597451e+01°)
1.30316677845235e+05	(-9.28697377182079e+00dB,-6.99230286276808e+01°)
1.31825673855646e+05	(-9.37530848690511e+00dB,-7.01347766235324e+01°)
1.33352143216338e+05	(-9.46387838440030e+00dB,-7.03446580757594e+01°)
1.34896288259171e+05	(-9.55267932396475e+00dB,-7.05526782719012e+01°)
1.36458313658898e+05	(-9.64170721399696e+00dB,-7.07588428469140e+01°)
1.38038426460294e+05	(-9.73095801205538e+00dB,-7.09631577716306e+01°)
1.39636836105600e+05	(-9.82042772522774e+00dB,-7.11656293413509e+01°)
1.41253754462281e+05	(-9.91011241045154e+00dB,-7.13662641645691e+01°)
1.42889395851116e+05	(-1.00000081747874e+01dB,-7.15650691518466e+01°)
1.44543977074599e+05	(-1.00901111756465e+01dB,-7.17620515048343e+01°)
1.46217717445678e+05	(-1.01804176209746e+01dB,-7.19572187054521e+01°)
1.47910838816827e+05	(-1.02709237693928e+01dB,-7.21505785052293e+01°)
1.49623565609450e+05	(-1.03616259302986e+01dB,-7.23421389148118e+01°)
1.51356124843627e+05	(-1.04525204639262e+01dB,-7.25319081936395e+01°)
1.53108746168210e+05	(-1.05436037813707e+01dB,-7.27198948397979e+01°)
1.54881661891255e+05	(-1.06348723445750e+01dB,-7.29061075800476e+01°)
1.56675107010822e+05	(-1.07263226662825e+01dB,-7.30905553600345e+01°)
1.58489319246118e+05	(-1.08179513099567e+01dB,-7.32732473346829e+01°)
1.60324539069011e+05	(-1.09097548896688e+01dB,-7.34541928587742e+01°)
1.62181009735900e+05	(-1.10017300699549e+01dB,-7.36334014777129e+01°)
1.64058977319961e+05	(-1.10938735656454e+01dB,-7.38108829184809e+01°)
1.65958690743763e+05	(-1.11861821416655e+01dB,-7.39866470807821e+01°)
1.67880401812263e+05	(-1.12786526128107e+01dB,-7.41607040283772e+01°)
1.69824365246182e+05	(-1.13712818434966e+01dB,-7.43330639806095e+01°)
1.71790838715766e+05	(-1.14640667474863e+01dB,-7.45037373041231e+01°)
1.73780082874945e+05	(-1.15570042875943e+01dB,-7.46727345047711e+01°)
1.75792361395877e+05	(-1.16500914753708e+01dB,-7.48400662197158e+01°)
1.77827941003900e+05	(-1.17433253707647e+01dB,-7.50057432097190e+01°)
1.79887091512887e+05	(-1.18367030817692e+01dB,-7.51697763516223e+01°)
1.81970085861006e+05	(-1.19302217640494e+01dB,-7.53321766310162e+01°)
1.84077200146904e+05	(-1.20238786205532e+01dB,-7.54929551350970e+01°)
1.86208713666295e+05	(-1.21176709011074e+01dB,-7.56521230457093e+01°)
1.88364908948988e+05	(-1.22115959019995e+01dB,-7.58096916325748e+01°)
1.90546071796333e+05	(-1.23056509655453e+01dB,-7.59656722467025e+01°)
1.92752491319102e+05	(-1.23998334796455e+01dB,-7.61200763139818e+01°)
1.94984459975813e+05	(-1.24941408773299e+01dB,-7.62729153289535e+01°)
1.97242273611494e+05	(-1.25885706362913e+01dB,-7.64242008487599e+01°)
1.99526231496897e+05	(-1.26831202784103e+01dB,-7.65739444872677e+01°)
2.01836636368165e+05	(-1.27777873692705e+01dB,-7.67221579093660e+01°)
2.04173794466962e+05	(-1.28725695176663e+01dB,-7.68688528254332e+01°)
2.06538015581062e+05	(-1.29674643751034e+01dB,-7.70140409859719e+01°)
2.08929613085413e+05	(-1.30624696352925e+01dB,-7.71577341764103e+01°)
2.11348903983674e+05	(-1.31575830336379e+01dB,-7.72999442120646e+01°)
2.13796208950233e+05	(-1.32528023467203e+01dB,-7.74406829332630e+01°)
2.16271852372712e+05	(-1.33481253917758e+01dB,-7.75799622006261e+01°)
2.18776162394965e+05	(-1.34435500261708e+01dB,-7.77177938905018e+01°)
2.21309470960574e+05	(-1.35390741468739e+01dB,-7.78541898905524e+01°)
2.23872113856844e+05	(-1.36346956899254e+01dB,-7.79891620954898e+01°)
2.26464430759316e+05	(-1.37304126299043e+01dB,-7.81227224029576e+01°)
2.29086765276788e+05	(-1.38262229793941e+01dB,-7.82548827095548e+01°)
2.31739464996858e+05	(-1.39221247884477e+01dB,-7.83856549070009e+01°)
2.34422881532003e+05	(-1.40181161440516e+01dB,-7.85150508784378e+01°)
2.37137370566176e+05	(-1.41141951695899e+01dB,-7.86430824948653e+01°)
2.39883291901960e+05	(-1.42103600243095e+01dB,-7.87697616117083e+01°)
2.42661009508252e+05	(-1.43066089027845e+01dB,-7.88951000655132e+01°)
2.45470891568514e+05	(-1.44029400343834e+01dB,-7.90191096707677e+01°)
2.48313310529568e+05	(-1.44993516827371e+01dB,-7.91418022168455e+01°)
2.51188643150969e+05	(-1.45958421452083e+01dB,-7.92631894650685e+01°)
2.54097270554942e+05	(-1.46924097523641e+01dB,-7.93832831458873e+01°)
2.57039578276898e+05	(-1.47890528674507e+01dB,-7.95020949561746e+01°)
2.60015956316539e+05	(-1.48857698858704e+01dB,-7.96196365566300e+01°)
2.63026799189550e+05	(-1.49825592346625e+01dB,-7.97359195692931e+01°)
2.66072505979893e+05	(-1.50794193719869e+01dB,-7.98509555751619e+01°)
2.69153480392704e+05	(-1.51763487866118e+01dB,-7.99647561119140e+01°)
2.72270130807804e+05	(-1.52733459974048e+01dB,-8.00773326717275e+01°)
2.75422870333829e+05	(-1.53704095528279e+01dB,-8.01886966992000e+01°)
2.78612116862990e+05	(-1.54675380304376e+01dB,-8.02988595893610e+01°)
2.81838293126458e+05	(-1.55647300363879e+01dB,-8.04078326857777e+01°)
2.85101826750404e+05	(-1.56619842049395e+01dB,-8.05156272787493e+01°)
2.88403150312674e+05	(-1.57592991979721e+01dB,-8.06222546035887e+01°)
2.91742701400130e+05	(-1.58566737045029e+01dB,-8.07277258389888e+01°)
2.95120922666652e+05	(-1.59541064402095e+01dB,-8.08320521054704e+01°)
2.98538261891810e+05	(-1.60515961469574e+01dB,-8.09352444639100e+01°)
3.01995172040216e+05	(-1.61491415923339e+01dB,-8.10373139141453e+01°)
3.05492111321565e+05	(-1.62467415691859e+01dB,-8.11382713936546e+01°)
3.09029543251373e+05	(-1.63443948951644e+01dB,-8.12381277763101e+01°)
3.12607936712410e+05	(-1.64421004122737e+01dB,-8.13368938712006e+01°)
3.16227766016853e+05	(-1.65398569864260e+01dB,-8.14345804215236e+01°)
3.19889510969155e+05	(-1.66376635070024e+01dB,-8.15311981035423e+01°)
3.23593656929643e+05	(-1.67355188864186e+01dB,-8.16267575256080e+01°)
3.27340694878854e+05	(-1.68334220596970e+01dB,-8.17212692272432e+01°)
3.31131121482607e+05	(-1.69313719840444e+01dB,-8.18147436782861e+01°)
3.34965439157843e+05	(-1.70293676384349e+01dB,-8.19071912780920e+01°)
3.38844156139218e+05	(-1.71274080231996e+01dB,-8.19986223547911e+01°)
3.42767786546466e+05	(-1.72254921596209e+01dB,-8.20890471646017e+01°)
3.46736850452548e+05	(-1.73236190895338e+01dB,-8.21784758911939e+01°)
3.50751873952585e+05	(-1.74217878749322e+01dB,-8.22669186451061e+01°)
3.54813389233592e+05	(-1.75199975975813e+01dB,-8.23543854632086e+01°)
3.58921934645022e+05	(-1.76182473586359e+01dB,-8.24408863082159e+01°)
3.63078054770118e+05	(-1.77165362782642e+01dB,-8.25264310682438e+01°)
3.67282300498102e+05	(-1.78148634952778e+01dB,-8.26110295564107e+01°)
3.71535229097190e+05	(-1.79132281667671e+01dB,-8.26946915104815e+01°)
3.75837404288462e+05	(-1.80116294677429e+01dB,-8.27774265925523e+01°)
3.80189396320579e+05	(-1.81100665907830e+01dB,-8.28592443887744e+01°)
3.84591782045372e+05	(-1.82085387456855e+01dB,-8.29401544091165e+01°)
3.89045144994299e+05	(-1.83070451591265e+01dB,-8.30201660871633e+01°)
3.93550075455796e+05	(-1.84055850743247e+01dB,-8.30992887799496e+01°)
3.98107170553516e+05	(-1.85041577507110e+01dB,-8.31775317678280e+01°)
4.02717034325478e+05	(-1.86027624636031e+01dB,-8.32549042543688e+01°)
4.07380277804132e+05	(-1.87013985038867e+01dB,-8.33314153662925e+01°)
4.12097519097350e+05	(-1.88000651777016e+01dB,-8.34070741534307e+01°)
4.16869383470355e+05	(-1.88987618061328e+01dB,-8.34818895887175e+01°)
4.21696503428603e+05	(-1.89974877249078e+01dB,-8.35558705682073e+01°)
4.26579518801613e+05	(-1.90962422840985e+01dB,-8.36290259111203e+01°)
4.31519076827786e+05	(-1.91950248478288e+01dB,-8.37013643599130e+01°)
4.36515832240187e+05	(-1.92938347939873e+01dB,-8.37728945803732e+01°)
4.41570447353334e+05	(-1.93926715139446e+01dB,-8.38436251617387e+01°)
4.46683592150985e+05	(-1.94915344122768e+01dB,-8.39135646168383e+01°)
4.51855944374944e+05	(-1.95904229064930e+01dB,-8.39827213822542e+01°)
4.57088189614897e+05	(-1.96893364267680e+01dB,-8.40511038185055e+01°)
4.62381021399283e+05	(-1.97882744156805e+01dB,-8.41187202102508e+01°)
4.67735141287221e+05	(-1.98872363279551e+01dB,-8.41855787665100e+01°)
4.73151258961504e+05	(-1.99862216302103e+01dB,-8.42516876209035e+01°)
4.78630092322662e+05	(-2.00852298007098e+01dB,-8.43170548319094e+01°)
4.84172367584123e+05	(-2.01842603291200e+01dB,-8.43816883831361e+01°)
4.89778819368470e+05	(-2.02833127162708e+01dB,-8.44455961836115e+01°)
4.95450190804815e+05	(-2.03823864739216e+01dB,-8.45087860680857e+01°)
5.01187233627297e+05	(-2.04814811245315e+01dB,-8.45712657973492e+01°)
5.06990708274729e+05	(-2.05805962010342e+01dB,-8.46330430585633e+01°)
5.12861383991390e+05	(-2.06797312466169e+01dB,-8.46941254656042e+01°)
5.18800038928987e+05	(-2.07788858145035e+01dB,-8.47545205594185e+01°)
5.24807460249798e+05	(-2.08780594677422e+01dB,-8.48142358083903e+01°)
5.30884444231015e+05	(-2.09772517789972e+01dB,-8.48732786087194e+01°)
5.37031796370279e+05	(-2.10764623303443e+01dB,-8.49316562848096e+01°)
5.43250331492460e+05	(-2.11756907130707e+01dB,-8.49893760896663e+01°)
5.49540873857652e+05	(-2.12749365274785e+01dB,-8.50464452053038e+01°)
5.55904257270431e+05	(-2.13741993826924e+01dB,-8.51028707431611e+01°)
5.62341325190377e+05	(-2.14734788964713e+01dB,-8.51586597445253e+01°)
5.68852930843870e+05	(-2.15727746950229e+01dB,-8.52138191809631e+01°)
5.75439937337186e+05	(-2.16720864128228e+01dB,-8.52683559547591e+01°)
5.82103217770901e+05	(-2.17714136924373e+01dB,-8.53222768993613e+01°)
5.88843655355618e+05	(-2.18707561843488e+01dB,-8.53755887798319e+01°)
5.95662143529040e+05	(-2.19701135467857e+01dB,-8.54282982933048e+01°)
6.02559586074388e+05	(-2.20694854455554e+01dB,-8.54804120694477e+01°)
6.09536897240200e+05	(-2.21688715538807e+01dB,-8.55319366709297e+01°)
6.16595001861513e+05	(-2.22682715522394e+01dB,-8.55828785938937e+01°)
6.23734835482451e+05	(-2.23676851282073e+01dB,-8.56332442684319e+01°)
6.30957344480225e+05	(-2.24671119763045e+01dB,-8.56830400590666e+01°)
6.38263486190581e+05	(-2.25665517978448e+01dB,-8.57322722652335e+01°)
6.45654229034688e+05	(-2.26660043007881e+01dB,-8.57809471217688e+01°)
6.53130552647505e+05	(-2.27654691995956e+01dB,-8.58290707993986e+01°)
6.60693448007630e+05	(-2.28649462150891e+01dB,-8.58766494052317e+01°)
6.68343917568649e+05	(-2.29644350743114e+01dB,-8.59236889832539e+01°)
6.76082975392016e+05	(-2.30639355103917e+01dB,-8.59701955148245e+01°)
6.83911647281464e+05	(-2.31634472624117e+01dB,-8.60161749191752e+01°)
6.91830970918972e+05	(-2.32629700752762e+01dB,-8.60616330539096e+01°)
6.99841996002309e+05	(-2.33625036995856e+01dB,-8.61065757155042e+01°)
7.07945784384174e+05	(-2.34620478915111e+01dB,-8.61510086398106e+01°)
7.16143410212939e+05	(-2.35616024126726e+01dB,-8.61949375025587e+01°)
7.24435960075027e+05	(-2.36611670300193e+01dB,-8.62383679198594e+01°)
7.32824533138942e+05	(-2.37607415157126e+01dB,-8.62813054487091e+01°)
7.41310241300956e+05	(-2.38603256470116e+01dB,-8.63237555874931e+01°)
7.49894209332495e+05	(-2.39599192061614e+01dB,-8.63657237764895e+01°)
7.58577575029223e+05	(-2.40595219802825e+01dB,-8.64072153983728e+01°)
7.67361489361859e+05	(-2.41591337612644e+01dB,-8.64482357787172e+01°)
7.76247116628732e+05	(-2.42587543456598e+01dB,-8.64887901864992e+01°)
7.85235634610112e+05	(-2.43583835345821e+01dB,-8.65288838345991e+01°)
7.94328234724323e+05	(-2.44580211336045e+01dB,-8.65685218803022e+01°)
8.03526122185659e+05	(-2.45576669526617e+01dB,-8.66077094257988e+01°)
8.12830516164141e+05	(-2.46573208059534e+01dB,-8.66464515186825e+01°)
8.22242649947114e+05	(-2.47569825118499e+01dB,-8.66847531524478e+01°)
8.31763771102714e+05	(-2.48566518927998e+01dB,-8.67226192669862e+01°)
8.41395141645239e+05	(-2.49563287752399e+01dB,-8.67600547490799e+01°)
8.51138038202421e+05	(-2.50560129895063e+01dB,-8.67970644328954e+01°)
8.60993752184646e+05	(-2.51557043697486e+01dB,-8.68336531004733e+01°)
8.70963589956126e+05	(-2.52554027538446e+01dB,-8.68698254822179e+01°)
8.81048873008060e+05	(-2.53551079833182e+01dB,-8.69055862573839e+01°)
8.91250938133792e+05	(-2.54548199032576e+01dB,-8.69409400545614e+01°)
9.01571137606004e+05	(-2.55545383622369e+01dB,-8.69758914521582e+01°)
9.12010839355958e+05	(-2.56542632122381e+01dB,-8.70104449788802e+01°)
9.22571427154812e+05	(-2.57539943085753e+01dB,-8.70446051142098e+01°)
9.33254300797040e+05	(-2.58537315098205e+01dB,-8.70783762888808e+01°)
9.44060876285973e+05	(-2.59534746777313e+01dB,-8.71117628853521e+01°)
9.54992586021486e+05	(-2.60532236771795e+01dB,-8.71447692382775e+01°)
9.66050878989865e+05	(-2.61529783760819e+01dB,-8.71773996349741e+01°)
9.77237220955863e+05	(-2.62527386453326e+01dB,-8.72096583158871e+01°)
9.88553094656991e+05	(-2.63525043587358e+01dB,-8.72415494750521e+01°)
1.00000000000000e+06	(-2.64522753929414e+01dB,-8.72730772605549e+01°)
Step Information: N=10  (Step: 10/10)
1.00000000000000e+02	(-3.45956211327062e-05dB,-1.61711443811680e-01°)
1.01157945425990e+02	(-3.54014533840156e-05dB,-1.63583963960935e-01°)
1.02329299228075e+02	(-3.62260557272056e-05dB,-1.65478166516054e-01°)
1.03514216667934e+02	(-3.70698653627742e-05dB,-1.67394302534970e-01°)
1.04712854805090e+02	(-3.79333296787144e-05dB,-1.69332625982291e-01°)
1.05925372517729e+02	(-3.88169064838980e-05dB,-1.71293393762938e-01°)
1.07151930523761e+02	(-3.97210642539953e-05dB,-1.73276865756186e-01°)
1.08392691402120e+02	(-4.06462823658248e-05dB,-1.75283304850079e-01°)
1.09647819614319e+02	(-4.15930513741330e-05dB,-1.77312976976259e-01°)
1.10917481526240e+02	(-4.25618732507672e-05dB,-1.79366151145188e-01°)
1.12201845430196e+02	(-4.35532616653151e-05dB,-1.81443099481784e-01°)
1.13501081567232e+02	(-4.45677422493513e-05dB,-1.83544097261462e-01°)
1.14815362149688e+02	(-4.56058528741858e-05dB,-1.85669422946598e-01°)
1.16144861384034e+02	(-4.66681439440428e-05dB,-1.87819358223412e-01°)
1.17489755493953e+02	(-4.77551786844190e-05dB,-1.89994188039275e-01°)
1.18850222743702e+02	(-4.88675334352642e-05dB,-1.92194200640452e-01°)
1.20226443461741e+02	(-5.00057979624857e-05dB,-1.94419687610277e-01°)
1.21618600064637e+02	(-5.11705757665613e-05dB,-1.96670943907773e-01°)
1.23026877081238e+02	(-5.23624844056178e-05dB,-1.98948267906716e-01°)
1.24451461177139e+02	(-5.35821558281544e-05dB,-2.01251961435148e-01°)
1.25892541179417e+02	(-5.48302366893744e-05dB,-2.03582329815354e-01°)
1.27350308101666e+02	(-5.61073887215203e-05dB,-2.05939681904293e-01°)
1.28824955169314e+02	(-5.74142890550297e-05dB,-2.08324330134503e-01°)
1.30316677845230e+02	(-5.87516305994816e-05dB,-2.10736590555474e-01°)
1.31825673855641e+02	(-6.01201224071861e-05dB,-2.13176782875499e-01°)
1.33352143216333e+02	(-6.15204900358119e-05dB,-2.15645230504012e-01°)
1.34896288259166e+02	(-6.29534759495883e-05dB,-2.18142260594415e-01°)
1.36458313658893e+02	(-6.44198399031524e-05dB,-2.20668204087394e-01°)
1.38038426460289e+02	(-6.59203593475761e-05dB,-2.23223395754742e-01°)
1.39636836105594e+02	(-6.74558298460408e-05dB,-2.25808174243687e-01°)
1.41253754462276e+02	(-6.90270654827617e-05dB,-2.28422882121727e-01°)
1.42889395851111e+02	(-7.06348993104896e-05dB,-2.31067865921990e-01°)
1.44543977074593e+02	(-7.22801837835494e-05dB,-2.33743476189115e-01°)
1.46217717445672e+02	(-7.39637912092031e-05dB,-2.36450067525659e-01°)
1.47910838816821e+02	(-7.56866142144453e-05dB,-2.39187998639047e-01°)
1.49623565609444e+02	(-7.74495662147306e-05dB,-2.41957632389059e-01°)
1.51356124843621e+02	(-7.92535819029537e-05dB,-2.44759335835867e-01°)
1.53108746168203e+02	(-8.10996177393980e-05dB,-2.47593480288628e-01°)
1.54881661891249e+02	(-8.29886524609739e-05dB,-2.50460441354633e-01°)
1.56675107010815e+02	(-8.49216876010675e-05dB,-2.53360598989032e-01°)
1.58489319246112e+02	(-8.68997480257873e-05dB,-2.56294337545126e-01°)
1.60324539069005e+02	(-8.89238824624997e-05dB,-2.59262045825241e-01°)
1.62181009735893e+02	(-9.09951640707986e-05dB,-2.62264117132189e-01°)
1.64058977319954e+02	(-9.31146910028720e-05dB,-2.65300949321329e-01°)
1.65958690743757e+02	(-9.52835869899097e-05dB,-2.68372944853216e-01°)
1.67880401812257e+02	(-9.75030019314082e-05dB,-2.71480510846872e-01°)
1.69824365246175e+02	(-9.97741125153393e-05dB,-2.74624059133661e-01°)
1.71790838715759e+02	(-1.02098122831573e-04dB,-2.77804006311790e-01°)
1.73780082874938e+02	(-1.04476265010378e-04dB,-2.81020773801441e-01°)
1.75792361395870e+02	(-1.06909799892752e-04dB,-2.84274787900534e-01°)
1.77827941003893e+02	(-1.09400017672790e-04dB,-2.87566479841134e-01°)
1.79887091512879e+02	(-1.11948238595990e-04dB,-2.90896285846514e-01°)
1.81970085860999e+02	(-1.14555813662387e-04dB,-2.94264647188869e-01°)
1.84077200146896e+02	(-1.17224125333556e-04dB,-2.97672010247701e-01°)
1.86208713666287e+02	(-1.19954588271431e-04dB,-3.01118826568875e-01°)
1.88364908948981e+02	(-1.22748650085827e-04dB,-3.04605552924351e-01°)
1.90546071796325e+02	(-1.25607792097387e-04dB,-3.08132651372619e-01°)
1.92752491319094e+02	(-1.28533530134290e-04dB,-3.11700589319811e-01°)
1.94984459975805e+02	(-1.31527415324154e-04dB,-3.15309839581536e-01°)
1.97242273611486e+02	(-1.34591034922580e-04dB,-3.18960880445414e-01°)
1.99526231496889e+02	(-1.37726013150393e-04dB,-3.22654195734335e-01°)
2.01836636368157e+02	(-1.40934012058851e-04dB,-3.26390274870454e-01°)
2.04173794466954e+02	(-1.44216732409339e-04dB,-3.30169612939910e-01°)
2.06538015581054e+02	(-1.47575914570420e-04dB,-3.33992710758301e-01°)
2.08929613085405e+02	(-1.51013339443834e-04dB,-3.37860074936910e-01°)
2.11348903983666e+02	(-1.54530829413648e-04dB,-3.41772217949691e-01°)
2.13796208950224e+02	(-1.58130249302172e-04dB,-3.45729658201030e-01°)
2.16271852372703e+02	(-1.61813507360602e-04dB,-3.49732920094288e-01°)
2.18776162394956e+02	(-1.65582556286675e-04dB,-3.53782534101121e-01°)
2.21309470960565e+02	(-1.69439394253913e-04dB,-3.57879036831619e-01°)
2.23872113856835e+02	(-1.73386065973667e-04dB,-3.62022971105229e-01°)
2.26464430759307e+02	(-1.77424663775497e-04dB,-3.66214886022512e-01°)
2.29086765276778e+02	(-1.81557328714573e-04dB,-3.70455337037718e-01°)
2.31739464996849e+02	(-1.85786251715730e-04dB,-3.74744886032193e-01°)
2.34422881531993e+02	(-1.90113674724299e-04dB,-3.79084101388638e-01°)
2.37137370566167e+02	(-1.94541891901308e-04dB,-3.83473558066217e-01°)
2.39883291901950e+02	(-1.99073250832207e-04dB,-3.87913837676530e-01°)
2.42661009508243e+02	(-2.03710153776113e-04dB,-3.92405528560455e-01°)
2.45470891568504e+02	(-2.08455058941112e-04dB,-3.96949225865885e-01°)
2.48313310529558e+02	(-2.13310481778872e-04dB,-4.01545531626345e-01°)
2.51188643150959e+02	(-2.18278996319773e-04dB,-4.06195054840520e-01°)
2.54097270554932e+02	(-2.23363236552433e-04dB,-4.10898411552696e-01°)
2.57039578276888e+02	(-2.28565897790712e-04dB,-4.15656224934119e-01°)
2.60015956316529e+02	(-2.33889738124638e-04dB,-4.20469125365302e-01°)
2.63026799189540e+02	(-2.39337579872335e-04dB,-4.25337750519259e-01°)
2.66072505979882e+02	(-2.44912311083079e-04dB,-4.30262745445708e-01°)
2.69153480392693e+02	(-2.50616887056781e-04dB,-4.35244762656238e-01°)
2.72270130807793e+02	(-2.56454331918471e-04dB,-4.40284462210448e-01°)
2.75422870333818e+02	(-2.62427740215951e-04dB,-4.45382511803079e-01°)
2.78612116862979e+02	(-2.68540278559924e-04dB,-4.50539586852144e-01°)
2.81838293126447e+02	(-2.74795187306580e-04dB,-4.55756370588070e-01°)
2.85101826750393e+02	(-2.81195782268190e-04dB,-4.61033554143859e-01°)
2.88403150312662e+02	(-2.87745456474846e-04dB,-4.66371836646286e-01°)
2.91742701400119e+02	(-2.94447681968069e-04dB,-4.71771925308136e-01°)
2.95120922666640e+02	(-3.01306011636889e-04dB,-4.77234535521510e-01°)
2.98538261891798e+02	(-3.08324081116649e-04dB,-4.82760390952184e-01°)
3.01995172040204e+02	(-3.15505610695577e-04dB,-4.88350223635060e-01°)
3.05492111321553e+02	(-3.22854407290832e-04dB,-4.94004774070706e-01°)
3.09029543251361e+02	(-3.30374366476687e-04dB,-4.99724791323000e-01°)
3.12607936712398e+02	(-3.38069474533967e-04dB,-5.05511033117891e-01°)
3.16227766016840e+02	(-3.45943810569953e-04dB,-5.11364265943294e-01°)
3.19889510969142e+02	(-3.54001548673053e-04dB,-5.17285265150122e-01°)
3.23593656929630e+02	(-3.62246960132155e-04dB,-5.23274815054473e-01°)
3.27340694878840e+02	(-3.70684415690750e-04dB,-5.29333709040992e-01°)
3.31131121482593e+02	(-3.79318387866707e-04dB,-5.35462749667404e-01°)
3.34965439157830e+02	(-3.88153453321296e-04dB,-5.41662748770248e-01°)
3.38844156139205e+02	(-3.97194295282292e-04dB,-5.47934527571816e-01°)
3.42767786546453e+02	(-4.06445706020194e-04dB,-5.54278916788310e-01°)
3.46736850452534e+02	(-4.15912589394921e-04dB,-5.60696756739240e-01°)
3.50751873952571e+02	(-4.25599963448885e-04dB,-5.67188897458061e-01°)
3.54813389233578e+02	(-4.35512963064767e-04dB,-5.73756198804078e-01°)
3.58921934645008e+02	(-4.45656842678346e-04dB,-5.80399530575623e-01°)
3.63078054770104e+02	(-4.56036979075333e-04dB,-5.87119772624523e-01°)
3.67282300498087e+02	(-4.66658874224947e-04dB,-5.93917814971872e-01°)
3.71535229097175e+02	(-4.77528158203290e-04dB,-6.00794557925121e-01°)
3.75837404288447e+02	(-4.88650592167933e-04dB,-6.07750912196495e-01°)
3.80189396320564e+02	(-5.00032071415569e-04dB,-6.14787799022770e-01°)
3.84591782045357e+02	(-5.11678628489924e-04dB,-6.21906150286396e-01°)
3.89045144994284e+02	(-5.23596436400702e-04dB,-6.29106908638009e-01°)
3.93550075455781e+02	(-5.35791811860023e-04dB,-6.36391027620327e-01°)
3.98107170553500e+02	(-5.48271218654014e-04dB,-6.43759471793460e-01°)
4.02717034325462e+02	(-5.61041271052156e-04dB,-6.51213216861635e-01°)
4.07380277804116e+02	(-5.74108737312256e-04dB,-6.58753249801362e-01°)
4.12097519097334e+02	(-5.87480543261769e-04dB,-6.66380568991056e-01°)
4.16869383470339e+02	(-6.01163775960293e-04dB,-6.74096184342123e-01°)
4.21696503428586e+02	(-6.15165687463503e-04dB,-6.81901117431536e-01°)
4.26579518801596e+02	(-6.29493698651879e-04dB,-6.89796401635903e-01°)
4.31519076827769e+02	(-6.44155403158000e-04dB,-6.97783082267067e-01°)
4.36515832240170e+02	(-6.59158571397223e-04dB,-7.05862216709226e-01°)
4.41570447353316e+02	(-6.74511154660297e-04dB,-7.14034874557606e-01°)
4.46683592150967e+02	(-6.90221289344106e-04dB,-7.22302137758710e-01°)
4.51855944374926e+02	(-7.06297301244369e-04dB,-7.30665100752132e-01°)
4.57088189614879e+02	(-7.22747709962372e-04dB,-7.39124870613995e-01°)
4.62381021399264e+02	(-7.39581233419974e-04dB,-7.47682567201981e-01°)
4.67735141287202e+02	(-7.56806792461671e-04dB,-7.56339323302017e-01°)
4.73151258961485e+02	(-7.74433515589064e-04dB,-7.65096284776598e-01°)
4.78630092322643e+02	(-7.92470743785303e-04dB,-7.73954610714790e-01°)
4.84172367584104e+02	(-8.10928035445926e-04dB,-7.82915473583910e-01°)
4.89778819368451e+02	(-8.29815171456604e-04dB,-7.91980059382922e-01°)
4.95450190804795e+02	(-8.49142160350303e-04dB,-8.01149567797543e-01°)
5.01187233627277e+02	(-8.68919243608492e-04dB,-8.10425212357103e-01°)
5.06990708274709e+02	(-8.89156901081343e-04dB,-8.19808220593153e-01°)
5.12861383991370e+02	(-9.09865856528860e-04dB,-8.29299834199856e-01°)
5.18800038928966e+02	(-9.31057083290689e-04dB,-8.38901309196174e-01°)
5.24807460249778e+02	(-9.52741810091357e-04dB,-8.48613916089864e-01°)
5.30884444230993e+02	(-9.74931526980008e-04dB,-8.58438940043319e-01°)
5.37031796370258e+02	(-9.97637991408518e-04dB,-8.68377681041248e-01°)
5.43250331492438e+02	(-1.02087323443739e-03dB,-8.78431454060233e-01°)
5.49540873857630e+02	(-1.04464956711577e-03dB,-8.88601589240179e-01°)
5.55904257270409e+02	(-1.06897958697768e-03dB,-8.98889432057670e-01°)
5.62341325190355e+02	(-1.09387618470474e-03dB,-9.09296343501257e-01°)
5.68852930843847e+02	(-1.11935255094279e-03dB,-9.19823700248691e-01°)
5.75439937337163e+02	(-1.14542218327248e-03dB,-9.30472894846128e-01°)
5.82103217770877e+02	(-1.17209889334827e-03dB,-9.41245335889324e-01°)
5.88843655355595e+02	(-1.19939681419439e-03dB,-9.52142448206832e-01°)
5.95662143529017e+02	(-1.22733040767505e-03dB,-9.63165673045234e-01°)
6.02559586074364e+02	(-1.25591447214287e-03dB,-9.74316468256421e-01°)
6.09536897240176e+02	(-1.28516415024723e-03dB,-9.85596308486937e-01°)
6.16595001861489e+02	(-1.31509493694683e-03dB,-9.97006685369418e-01°)
6.23734835482426e+02	(-1.34572268769007e-03dB,-1.00854910771614e+00°)
6.30957344480200e+02	(-1.37706362679678e-03dB,-1.02022510171470e+00°)
6.38263486190556e+02	(-1.40913435602134e-03dB,-1.03203621112584e+00°)
6.45654229034662e+02	(-1.44195186332695e-03dB,-1.04398399748345e+00°)
6.53130552647479e+02	(-1.47553353186443e-03dB,-1.05607004029678e+00°)
6.60693448007603e+02	(-1.50989714913435e-03dB,-1.06829593725482e+00°)
6.68343917568622e+02	(-1.54506091640299e-03dB,-1.08066330443300e+00°)
6.76082975391989e+02	(-1.58104345829782e-03dB,-1.09317377650202e+00°)
6.83911647281437e+02	(-1.61786383264058e-03dB,-1.10582900693911e+00°)
6.91830970918944e+02	(-1.65554154052075e-03dB,-1.11863066824147e+00°)
6.99841996002281e+02	(-1.69409653657482e-03dB,-1.13158045214208e+00°)
7.07945784384146e+02	(-1.73354923953034e-03dB,-1.14468006982786e+00°)
7.16143410212910e+02	(-1.77392054297506e-03dB,-1.15793125216018e+00°)
7.24435960074998e+02	(-1.81523182638043e-03dB,-1.17133574989776e+00°)
7.32824533138912e+02	(-1.85750496639662e-03dB,-1.18489533392197e+00°)
7.41310241300926e+02	(-1.90076234837795e-03dB,-1.19861179546459e+00°)
7.49894209332465e+02	(-1.94502687819348e-03dB,-1.21248694633800e+00°)
7.58577575029193e+02	(-1.99032199432604e-03dB,-1.22652261916783e+00°)
7.67361489361828e+02	(-2.03667168021032e-03dB,-1.24072066762814e+00°)
7.76247116628701e+02	(-2.08410047689619e-03dB,-1.25508296667909e+00°)
7.85235634610081e+02	(-2.13263349597836e-03dB,-1.26961141280717e+00°)
7.94328234724291e+02	(-2.18229643284842e-03dB,-1.28430792426798e+00°)
8.03526122185627e+02	(-2.23311558021938e-03dB,-1.29917444133160e+00°)
8.12830516164109e+02	(-2.28511784200744e-03dB,-1.31421292653058e+00°)
8.22242649947081e+02	(-2.33833074748450e-03dB,-1.32942536491051e+00°)
8.31763771102681e+02	(-2.39278246580760e-03dB,-1.34481376428331e+00°)
8.41395141645205e+02	(-2.44850182084039e-03dB,-1.36038015548311e+00°)
8.51138038202387e+02	(-2.50551830634898e-03dB,-1.37612659262494e+00°)
8.60993752184611e+02	(-2.56386210152482e-03dB,-1.39205515336598e+00°)
8.70963589956091e+02	(-2.62356408688411e-03dB,-1.40816793916971e+00°)
8.81048873008025e+02	(-2.68465586052454e-03dB,-1.42446707557269e+00°)
8.91250938133757e+02	(-2.74716975475778e-03dB,-1.44095471245419e+00°)
9.01571137605968e+02	(-2.81113885313062e-03dB,-1.45763302430862e+00°)
9.12010839355921e+02	(-2.87659700782500e-03dB,-1.47450421052073e+00°)
9.22571427154775e+02	(-2.94357885748465e-03dB,-1.49157049564373e+00°)
9.33254300797003e+02	(-3.01211984542306e-03dB,-1.50883412968021e+00°)
9.44060876285936e+02	(-3.08225623827084e-03dB,-1.52629738836599e+00°)
9.54992586021448e+02	(-3.15402514504443e-03dB,-1.54396257345685e+00°)
9.66050878989826e+02	(-3.22746453665848e-03dB,-1.56183201301820e+00°)
9.77237220955823e+02	(-3.30261326588704e-03dB,-1.57990806171772e+00°)
9.88553094656952e+02	(-3.37951108777854e-03dB,-1.59819310112087e+00°)
1.00000000000001e+03	(-3.45819868054028e-03dB,-1.61668953998955e+00°)
1.01157945425991e+03	(-3.53871766691785e-03dB,-1.63539981458361e+00°)
1.02329299228077e+03	(-3.62111063605798e-03dB,-1.65432638896547e+00°)
1.03514216667936e+03	(-3.70542116584856e-03dB,-1.67347175530778e+00°)
1.04712854805091e+03	(-3.79169384582190e-03dB,-1.69283843420409e+00°)
1.05925372517730e+03	(-3.87997430054632e-03dB,-1.71242897498269e+00°)
1.07151930523762e+03	(-3.97030921356803e-03dB,-1.73224595602343e+00°)
1.08392691402122e+03	(-4.06274635190194e-03dB,-1.75229198507780e+00°)
1.09647819614320e+03	(-4.15733459108121e-03dB,-1.77256969959200e+00°)
1.10917481526242e+03	(-4.25412394078621e-03dB,-1.79308176703323e+00°)
1.12201845430198e+03	(-4.35316557105828e-03dB,-1.81383088521919e+00°)
1.13501081567233e+03	(-4.45451183912637e-03dB,-1.83481978265064e+00°)
1.14815362149690e+03	(-4.55821631681838e-03dB,-1.85605121884726e+00°)
1.16144861384036e+03	(-4.66433381863362e-03dB,-1.87752798468667e+00°)
1.17489755493955e+03	(-4.77292043044328e-03dB,-1.89925290274670e+00°)
1.18850222743704e+03	(-4.88403353884911e-03dB,-1.92122882765083e+00°)
1.20226443461743e+03	(-4.99773186120788e-03dB,-1.94345864641698e+00°)
1.21618600064639e+03	(-5.11407547636329e-03dB,-1.96594527880947e+00°)
1.23026877081240e+03	(-5.23312585605345e-03dB,-1.98869167769429e+00°)
1.24451461177140e+03	(-5.35494589705112e-03dB,-2.01170082939765e+00°)
1.25892541179419e+03	(-5.47959995404154e-03dB,-2.03497575406779e+00°)
1.27350308101668e+03	(-5.60715387324491e-03dB,-2.05851950604013e+00°)
1.28824955169315e+03	(-5.73767502680088e-03dB,-2.08233517420570e+00°)
1.30316677845232e+03	(-5.87123234795419e-03dB,-2.10642588238283e+00°)
1.31825673855643e+03	(-6.00789636702109e-03dB,-2.13079478969227e+00°)
1.33352143216334e+03	(-6.14773924819613e-03dB,-2.15544509093552e+00°)
1.34896288259167e+03	(-6.29083482717789e-03dB,-2.18038001697655e+00°)
1.36458313658895e+03	(-6.43725864967549e-03dB,-2.20560283512680e+00°)
1.38038426460291e+03	(-6.58708801076369e-03dB,-2.23111684953351e+00°)
1.39636836105596e+03	(-6.74040199514474e-03dB,-2.25692540157143e+00°)
1.41253754462278e+03	(-6.89728151834479e-03dB,-2.28303187023777e+00°)
1.42889395851112e+03	(-7.05780936881311e-03dB,-2.30943967255050e+00°)
1.44543977074595e+03	(-7.22207025099091e-03dB,-2.33615226394998e+00°)
1.46217717445674e+03	(-7.39015082937300e-03dB,-2.36317313870391e+00°)
1.47910838816823e+03	(-7.56213977353062e-03dB,-2.39050583031549e+00°)
1.49623565609446e+03	(-7.73812780420494e-03dB,-2.41815391193498e+00°)
1.51356124843623e+03	(-7.91820774039889e-03dB,-2.44612099677445e+00°)
1.53108746168205e+03	(-8.10247454756264e-03dB,-2.47441073852587e+00°)
1.54881661891251e+03	(-8.29102538684771e-03dB,-2.50302683178236e+00°)
1.56675107010817e+03	(-8.48395966549619e-03dB,-2.53197301246274e+00°)
1.58489319246114e+03	(-8.68137908835668e-03dB,-2.56125305823928e+00°)
1.60324539069007e+03	(-8.88338771055685e-03dB,-2.59087078896859e+00°)
1.62181009735896e+03	(-9.09009199137260e-03dB,-2.62083006712575e+00°)
1.64058977319957e+03	(-9.30160084931229e-03dB,-2.65113479824151e+00°)
1.65958690743759e+03	(-9.51802571843122e-03dB,-2.68178893134268e+00°)
1.67880401812259e+03	(-9.73948060591701e-03dB,-2.71279645939549e+00°)
1.69824365246177e+03	(-9.96608215098165e-03dB,-2.74416141975212e+00°)
1.71790838715762e+03	(-1.01979496850469e-02dB,-2.77588789460013e+00°)
1.73780082874940e+03	(-1.04352052933227e-02dB,-2.80798001141494e+00°)
1.75792361395872e+03	(-1.06779738777136e-02dB,-2.84044194341522e+00°)
1.77827941003895e+03	(-1.09263832211779e-02dB,-2.87327791002110e+00°)
1.79887091512882e+03	(-1.11805640535151e-02dB,-2.90649217731533e+00°)
1.81970085861001e+03	(-1.14406501186009e-02dB,-2.94008905850711e+00°)
1.84077200146899e+03	(-1.17067782431555e-02dB,-2.97407291439873e+00°)
1.86208713666290e+03	(-1.19790884070307e-02dB,-3.00844815385481e+00°)
1.88364908948983e+03	(-1.22577238150569e-02dB,-3.04321923427422e+00°)
1.90546071796328e+03	(-1.25428309705042e-02dB,-3.07839066206447e+00°)
1.92752491319097e+03	(-1.28345597501669e-02dB,-3.11396699311863e+00°)
1.94984459975808e+03	(-1.31330634811171e-02dB,-3.14995283329458e+00°)
1.97242273611489e+03	(-1.34384990191651e-02dB,-3.18635283889664e+00°)
1.99526231496891e+03	(-1.37510268290522e-02dB,-3.22317171715940e+00°)
2.01836636368160e+03	(-1.40708110664228e-02dB,-3.26041422673368e+00°)
2.04173794466956e+03	(-1.43980196616059e-02dB,-3.29808517817459e+00°)
2.06538015581057e+03	(-1.47328244052441e-02dB,-3.33618943443148e+00°)
2.08929613085408e+03	(-1.50754010358271e-02dB,-3.37473191133981e+00°)
2.11348903983668e+03	(-1.54259293291136e-02dB,-3.41371757811473e+00°)
2.13796208950227e+03	(-1.57845931895703e-02dB,-3.45315145784624e+00°)
2.16271852372706e+03	(-1.61515807437751e-02dB,-3.49303862799597e+00°)
2.18776162394959e+03	(-1.65270844358879e-02dB,-3.53338422089526e+00°)
2.21309470960568e+03	(-1.69113011252133e-02dB,-3.57419342424451e+00°)
2.23872113856838e+03	(-1.73044321858888e-02dB,-3.61547148161364e+00°)
2.26464430759310e+03	(-1.77066836087512e-02dB,-3.65722369294359e+00°)
2.29086765276781e+03	(-1.81182661054163e-02dB,-3.69945541504851e+00°)
2.31739464996852e+03	(-1.85393952146327e-02dB,-3.74217206211874e+00°)
2.34422881531996e+03	(-1.89702914109381e-02dB,-3.78537910622417e+00°)
2.37137370566170e+03	(-1.94111802156836e-02dB,-3.82908207781804e+00°)
2.39883291901953e+03	(-1.98622923104293e-02dB,-3.87328656624079e+00°)
2.42661009508246e+03	(-2.03238636528254e-02dB,-3.91799822022389e+00°)
2.45470891568508e+03	(-2.07961355949751e-02dB,-3.96322274839341e+00°)
2.48313310529562e+03	(-2.12793550043378e-02dB,-4.00896591977321e+00°)
2.51188643150963e+03	(-2.17737743872420e-02dB,-4.05523356428733e+00°)
2.54097270554935e+03	(-2.22796520150350e-02dB,-4.10203157326162e+00°)
2.57039578276891e+03	(-2.27972520529398e-02dB,-4.14936589992418e+00°)
2.60015956316532e+03	(-2.33268446916489e-02dB,-4.19724255990440e+00°)
2.63026799189543e+03	(-2.38687062817340e-02dB,-4.24566763173045e+00°)
2.66072505979886e+03	(-2.44231194709036e-02dB,-4.29464725732486e+00°)
2.69153480392697e+03	(-2.49903733441721e-02dB,-4.34418764249789e+00°)
2.72270130807796e+03	(-2.55707635669900e-02dB,-4.39429505743847e+00°)
2.75422870333822e+03	(-2.61645925313951e-02dB,-4.44497583720247e+00°)
2.78612116862982e+03	(-2.67721695052441e-02dB,-4.49623638219779e+00°)
2.81838293126451e+03	(-2.73938107845640e-02dB,-4.54808315866616e+00°)
2.85101826750396e+03	(-2.80298398491084e-02dB,-4.60052269916115e+00°)
2.88403150312666e+03	(-2.86805875211390e-02dB,-4.65356160302222e+00°)
2.91742701400122e+03	(-2.93463921275374e-02dB,-4.70720653684421e+00°)
2.95120922666644e+03	(-3.00275996652627e-02dB,-4.76146423494218e+00°)
2.98538261891802e+03	(-3.07245639702366e-02dB,-4.81634149981091e+00°)
3.01995172040208e+03	(-3.14376468897236e-02dB,-4.87184520257891e+00°)
3.05492111321557e+03	(-3.21672184582381e-02dB,-4.92798228345636e+00°)
3.09029543251365e+03	(-3.29136570770776e-02dB,-4.98475975217663e+00°)
3.12607936712402e+03	(-3.36773496974981e-02dB,-5.04218468843087e+00°)
3.16227766016844e+03	(-3.44586920076553e-02dB,-5.10026424229524e+00°)
3.19889510969146e+03	(-3.52580886232930e-02dB,-5.15900563465028e+00°)
3.23593656929635e+03	(-3.60759532823370e-02dB,-5.21841615759191e+00°)
3.27340694878845e+03	(-3.69127090433593e-02dB,-5.27850317483354e+00°)
3.31131121482598e+03	(-3.77687884880624e-02dB,-5.33927412209878e+00°)
3.34965439157834e+03	(-3.86446339277892e-02dB,-5.40073650750417e+00°)
3.38844156139209e+03	(-3.95406976141503e-02dB,-5.46289791193127e+00°)
3.42767786546457e+03	(-4.04574419538168e-02dB,-5.52576598938767e+00°)
3.46736850452539e+03	(-4.13953397275732e-02dB,-5.58934846735621e+00°)
3.50751873952575e+03	(-4.23548743136452e-02dB,-5.65365314713170e+00°)
3.54813389233583e+03	(-4.33365399154182e-02dB,-5.71868790414461e+00°)
3.58921934645013e+03	(-4.43408417935707e-02dB,-5.78446068827098e+00°)
3.63078054770109e+03	(-4.53682965027216e-02dB,-5.85097952412780e+00°)
3.67282300498092e+03	(-4.64194321326218e-02dB,-5.91825251135318e+00°)
3.71535229097180e+03	(-4.74947885539670e-02dB,-5.98628782487059e+00°)
3.75837404288452e+03	(-4.85949176689245e-02dB,-6.05509371513622e+00°)
3.80189396320569e+03	(-4.97203836663786e-02dB,-6.12467850836887e+00°)
3.84591782045362e+03	(-5.08717632820023e-02dB,-6.19505060676136e+00°)
3.89045144994289e+03	(-5.20496460632063e-02dB,-6.26621848867270e+00°)
3.93550075455786e+03	(-5.32546346390195e-02dB,-6.33819070880005e+00°)
3.98107170553506e+03	(-5.44873449949639e-02dB,-6.41097589832962e+00°)
4.02717034325468e+03	(-5.57484067529790e-02dB,-6.48458276506553e+00°)
4.07380277804121e+03	(-5.70384634564850e-02dB,-6.55902009353563e+00°)
4.12097519097339e+03	(-5.83581728605748e-02dB,-6.63429674507332e+00°)
4.16869383470344e+03	(-5.97082072274709e-02dB,-6.71042165787427e+00°)
4.21696503428591e+03	(-6.10892536272358e-02dB,-6.78740384702704e+00°)
4.26579518801602e+03	(-6.25020142438424e-02dB,-6.86525240451641e+00°)
4.31519076827775e+03	(-6.39472066865911e-02dB,-6.94397649919837e+00°)
4.36515832240175e+03	(-6.54255643070025e-02dB,-7.02358537674551e+00°)
4.41570447353322e+03	(-6.69378365211543e-02dB,-7.10408835956167e+00°)
4.46683592150973e+03	(-6.84847891375756e-02dB,-7.18549484666459e+00°)
4.51855944374932e+03	(-7.00672046906873e-02dB,-7.26781431353528e+00°)
4.57088189614885e+03	(-7.16858827798531e-02dB,-7.35105631193275e+00°)
4.62381021399271e+03	(-7.33416404140892e-02dB,-7.43523046967283e+00°)
4.67735141287209e+03	(-7.50353123624451e-02dB,-7.52034649036964e+00°)
4.73151258961491e+03	(-7.67677515100939e-02dB,-7.60641415313829e+00°)
4.78630092322649e+03	(-7.85398292201645e-02dB,-7.69344331225729e+00°)
4.84172367584110e+03	(-8.03524357013315e-02dB,-7.78144389678935e+00°)
4.89778819368457e+03	(-8.22064803812082e-02dB,-7.87042591015868e+00°)
4.95450190804801e+03	(-8.41028922855026e-02dB,-7.96039942968362e+00°)
5.01187233627284e+03	(-8.60426204230261e-02dB,-8.05137460606258e+00°)
5.06990708274716e+03	(-8.80266341764827e-02dB,-8.14336166281190e+00°)
5.12861383991376e+03	(-9.00559236991070e-02dB,-8.23637089565374e+00°)
5.18800038928973e+03	(-9.21315003171017e-02dB,-8.33041267185235e+00°)
5.24807460249785e+03	(-9.42543969378924e-02dB,-8.42549742949685e+00°)
5.30884444231001e+03	(-9.64256684641738e-02dB,-8.52163567672870e+00°)
5.37031796370265e+03	(-9.86463922137293e-02dB,-8.61883799091194e+00°)
5.43250331492446e+03	(-1.00917668344993e-01dB,-8.71711501774439e+00°)
5.49540873857637e+03	(-1.03240620288333e-01dB,-8.81647747030759e+00°)
5.55904257270416e+03	(-1.05616395183000e-01dB,-8.91693612805370e+00°)
5.62341325190362e+03	(-1.08046164319698e-01dB,-9.01850183572717e+00°)
5.68852930843855e+03	(-1.10531123588718e-01dB,-9.12118550221908e+00°)
5.75439937337170e+03	(-1.13072493933576e-01dB,-9.22499809935193e+00°)
5.82103217770885e+03	(-1.15671521810078e-01dB,-9.32995066059293e+00°)
5.88843655355603e+03	(-1.18329479650718e-01dB,-9.43605427969306e+00°)
5.95662143529025e+03	(-1.21047666334346e-01dB,-9.54332010925023e+00°)
6.02559586074372e+03	(-1.23827407660945e-01dB,-9.65175935919359e+00°)
6.09536897240184e+03	(-1.26670056831488e-01dB,-9.76138329518707e+00°)
6.16595001861497e+03	(-1.29576994932667e-01dB,-9.87220323694947e+00°)
6.23734835482434e+03	(-1.32549631426396e-01dB,-9.98423055648873e+00°)
6.30957344480208e+03	(-1.35589404643963e-01dB,-1.00974766762479e+01°)
6.38263486190564e+03	(-1.38697782284608e-01dB,-1.02119530671600e+01°)
6.45654229034671e+03	(-1.41876261918411e-01dB,-1.03276712466099e+01°)
6.53130552647488e+03	(-1.45126371493274e-01dB,-1.04446427762995e+01°)
6.60693448007612e+03	(-1.48449669845792e-01dB,-1.05628792600141e+01°)
6.68343917568631e+03	(-1.51847747215803e-01dB,-1.06823923412885e+01°)
6.76082975391998e+03	(-1.55322225764402e-01dB,-1.08031937009670e+01°)
6.83911647281446e+03	(-1.58874760095127e-01dB,-1.09252950546580e+01°)
6.91830970918953e+03	(-1.62507037778082e-01dB,-1.10487081500780e+01°)
6.99841996002291e+03	(-1.66220779876739e-01dB,-1.11734447642834e+01°)
7.07945784384155e+03	(-1.70017741477044e-01dB,-1.12995167007867e+01°)
7.16143410212920e+03	(-1.73899712218579e-01dB,-1.14269357865544e+01°)
7.24435960075008e+03	(-1.77868516827420e-01dB,-1.15557138688835e+01°)
7.32824533138922e+03	(-1.81926015650300e-01dB,-1.16858628121545e+01°)
7.41310241300936e+03	(-1.86074105189770e-01dB,-1.18173944944569e+01°)
7.49894209332474e+03	(-1.90314718639868e-01dB,-1.19503208040846e+01°)
7.58577575029203e+03	(-1.94649826421962e-01dB,-1.20846536358987e+01°)
7.67361489361838e+03	(-1.99081436720262e-01dB,-1.22204048875548e+01°)
7.76247116628711e+03	(-2.03611596016547e-01dB,-1.23575864555907e+01°)
7.85235634610092e+03	(-2.08242389623657e-01dB,-1.24962102313729e+01°)
7.94328234724302e+03	(-2.12975942217169e-01dB,-1.26362880968990e+01°)
8.03526122185638e+03	(-2.17814418364762e-01dB,-1.27778319204512e+01°)
8.12830516164120e+03	(-2.22760023052701e-01dB,-1.29208535521010e+01°)
8.22242649947092e+03	(-2.27815002208825e-01dB,-1.30653648190595e+01°)
8.31763771102692e+03	(-2.32981643221431e-01dB,-1.32113775208726e+01°)
8.41395141645217e+03	(-2.38262275453439e-01dB,-1.33589034244564e+01°)
8.51138038202398e+03	(-2.43659270751090e-01dB,-1.35079542589719e+01°)
8.60993752184623e+03	(-2.49175043946544e-01dB,-1.36585417105355e+01°)
8.70963589956103e+03	(-2.54812053353608e-01dB,-1.38106774167619e+01°)
8.81048873008037e+03	(-2.60572801255835e-01dB,-1.39643729611390e+01°)
8.91250938133769e+03	(-2.66459834386206e-01dB,-1.41196398672299e+01°)
9.01571137605980e+03	(-2.72475744397562e-01dB,-1.42764895927016e+01°)
9.12010839355933e+03	(-2.78623168322929e-01dB,-1.44349335231769e+01°)
9.22571427154787e+03	(-2.84904789024879e-01dB,-1.45949829659085e+01°)
9.33254300797015e+03	(-2.91323335632940e-01dB,-1.47566491432718e+01°)
9.44060876285948e+03	(-2.97881583968173e-01dB,-1.49199431860758e+01°)
9.54992586021461e+03	(-3.04582356953889e-01dB,-1.50848761266904e+01°)
9.66050878989839e+03	(-3.11428525011491e-01dB,-1.52514588919866e+01°)
9.77237220955837e+03	(-3.18423006440417e-01dB,-1.54197022960916e+01°)
9.88553094656965e+03	(-3.25568767781054e-01dB,-1.55896170329535e+01°)
1.00000000000003e+04	(-3.32868824159553e-01dB,-1.57612136687184e+01°)
1.01157945425993e+04	(-3.40326239613366e-01dB,-1.59345026339157e+01°)
1.02329299228078e+04	(-3.47944127396318e-01dB,-1.61094942154542e+01°)
1.03514216667937e+04	(-3.55725650262012e-01dB,-1.62861985484251e+01°)
1.04712854805093e+04	(-3.63674020724351e-01dB,-1.64646256077153e+01°)
1.05925372517732e+04	(-3.71792501293785e-01dB,-1.66447851994283e+01°)
1.07151930523764e+04	(-3.80084404688143e-01dB,-1.68266869521146e+01°)
1.08392691402123e+04	(-3.88553094016531e-01dB,-1.70103403078121e+01°)
1.09647819614321e+04	(-3.97201982935066e-01dB,-1.71957545128967e+01°)
1.10917481526243e+04	(-4.06034535772970e-01dB,-1.73829386087455e+01°)
1.12201845430199e+04	(-4.15054267627599e-01dB,-1.75719014222136e+01°)
1.13501081567235e+04	(-4.24264744427005e-01dB,-1.77626515559267e+01°)
1.14815362149691e+04	(-4.33669582958489e-01dB,-1.79551973783916e+01°)
1.16144861384037e+04	(-4.43272450861685e-01dB,-1.81495470139281e+01°)
1.17489755493956e+04	(-4.53077066584637e-01dB,-1.83457083324245e+01°)
1.18850222743705e+04	(-4.63087199301296e-01dB,-1.85436889389213e+01°)
1.20226443461745e+04	(-4.73306668788964e-01dB,-1.87434961630263e+01°)
1.21618600064640e+04	(-4.83739345263974e-01dB,-1.89451370481662e+01°)
1.23026877081242e+04	(-4.94389149174129e-01dB,-1.91486183406792e+01°)
1.24451461177142e+04	(-5.05260050946234e-01dB,-1.93539464787548e+01°)
1.25892541179420e+04	(-5.16356070687144e-01dB,-1.95611275812259e+01°)
1.27350308101670e+04	(-5.27681277836664e-01dB,-1.97701674362205e+01°)
1.28824955169317e+04	(-5.39239790770742e-01dB,-1.99810714896790e+01°)
1.30316677845234e+04	(-5.51035776353289e-01dB,-2.01938448337461e+01°)
1.31825673855644e+04	(-5.63073449435041e-01dB,-2.04084921950445e+01°)
1.33352143216336e+04	(-5.75357072297827e-01dB,-2.06250179228392e+01°)
1.34896288259169e+04	(-5.87890954042697e-01dB,-2.08434259771019e+01°)
1.36458313658896e+04	(-6.00679449920279e-01dB,-2.10637199164860e+01°)
1.38038426460292e+04	(-6.13726960601857e-01dB,-2.12859028862214e+01°)
1.39636836105598e+04	(-6.27037931389602e-01dB,-2.15099776059417e+01°)
1.41253754462279e+04	(-6.40616851364476e-01dB,-2.17359463574551e+01°)
1.42889395851114e+04	(-6.54468252470363e-01dB,-2.19638109724710e+01°)
1.44543977074597e+04	(-6.68596708532940e-01dB,-2.21935728202962e+01°)
1.46217717445676e+04	(-6.83006834211980e-01dB,-2.24252327955143e+01°)
1.47910838816825e+04	(-6.97703283885723e-01dB,-2.26587913056618e+01°)
1.49623565609448e+04	(-7.12690750466044e-01dB,-2.28942482589176e+01°)
1.51356124843625e+04	(-7.27973964143221e-01dB,-2.31316030518208e+01°)
1.53108746168207e+04	(-7.43557691059167e-01dB,-2.33708545570322e+01°)
1.54881661891253e+04	(-7.59446731908049e-01dB,-2.36120011111592e+01°)
1.56675107010819e+04	(-7.75645920463334e-01dB,-2.38550405026585e+01°)
1.58489319246116e+04	(-7.92160122030342e-01dB,-2.40999699598381e+01°)
1.60324539069009e+04	(-8.08994231823540e-01dB,-2.43467861389753e+01°)
1.62181009735898e+04	(-8.26153173267850e-01dB,-2.45954851125708e+01°)
1.64058977319959e+04	(-8.43641896223400e-01dB,-2.48460623577602e+01°)
1.65958690743761e+04	(-8.61465375133246e-01dB,-2.50985127449018e+01°)
1.67880401812261e+04	(-8.79628607093691e-01dB,-2.53528305263634e+01°)
1.69824365246179e+04	(-8.98136609847003e-01dB,-2.56090093255295e+01°)
1.71790838715764e+04	(-9.16994419696434e-01dB,-2.58670421260503e+01°)
1.73780082874943e+04	(-9.36207089343571e-01dB,-2.61269212613566e+01°)
1.75792361395875e+04	(-9.55779685648259e-01dB,-2.63886384044634e+01°)
1.77827941003898e+04	(-9.75717287311406e-01dB,-2.66521845580845e+01°)
1.79887091512884e+04	(-9.96024982481222e-01dB,-2.69175500450837e+01°)
1.81970085861004e+04	(-1.01670786628355e+00dB,-2.71847244992858e+01°)
1.84077200146901e+04	(-1.03777103827714e+00dB,-2.74536968566723e+01°)
1.86208713666292e+04	(-1.05921959983493e+00dB,-2.77244553469856e+01°)
1.88364908948986e+04	(-1.08105865145252e+00dB,-2.79969874857678e+01°)
1.90546071796331e+04	(-1.10329328998519e+00dB,-2.82712800668574e+01°)
1.92752491319099e+04	(-1.12592860581516e+00dB,-2.85473191553704e+01°)
1.94984459975810e+04	(-1.14896967995088e+00dB,-2.88250900811891e+01°)
1.97242273611491e+04	(-1.17242158106012e+00dB,-2.91045774329844e+01°)
1.99526231496894e+04	(-1.19628936243939e+00dB,-2.93857650527955e+01°)
2.01836636368162e+04	(-1.22057805892184e+00dB,-2.96686360311919e+01°)
2.04173794466959e+04	(-1.24529268372626e+00dB,-2.99531727030409e+01°)
2.06538015581059e+04	(-1.27043822525013e+00dB,-3.02393566439051e+01°)
2.08929613085410e+04	(-1.29601964380961e+00dB,-3.05271686670915e+01°)
2.11348903983671e+04	(-1.32204186832969e+00dB,-3.08165888213770e+01°)
2.13796208950230e+04	(-1.34850979298805e+00dB,-3.11075963894294e+01°)
2.16271852372709e+04	(-1.37542827381610e+00dB,-3.14001698869478e+01°)
2.18776162394962e+04	(-1.40280212526122e+00dB,-3.16942870625400e+01°)
2.21309470960571e+04	(-1.43063611671406e+00dB,-3.19899248983591e+01°)
2.23872113856841e+04	(-1.45893496900523e+00dB,-3.22870596115151e+01°)
2.26464430759313e+04	(-1.48770335087588e+00dB,-3.25856666562810e+01°)
2.29086765276784e+04	(-1.51694587542655e+00dB,-3.28857207271084e+01°)
2.31739464996855e+04	(-1.54666709654933e+00dB,-3.31871957624674e+01°)
2.34422881532000e+04	(-1.57687150534806e+00dB,-3.34900649495261e+01°)
2.37137370566173e+04	(-1.60756352655191e+00dB,-3.37943007296795e+01°)
2.39883291901957e+04	(-1.63874751492738e+00dB,-3.40998748049411e+01°)
2.42661009508249e+04	(-1.67042775169430e+00dB,-3.44067581452039e+01°)
2.45470891568511e+04	(-1.70260844095129e+00dB,-3.47149209963811e+01°)
2.48313310529565e+04	(-1.73529370611634e+00dB,-3.50243328894301e+01°)
2.51188643150966e+04	(-1.76848758638829e+00dB,-3.53349626502646e+01°)
2.54097270554939e+04	(-1.80219403323507e+00dB,-3.56467784105588e+01°)
2.57039578276895e+04	(-1.83641690691458e+00dB,-3.59597476194409e+01°)
2.60015956316536e+04	(-1.87115997303426e+00dB,-3.62738370560776e+01°)
2.63026799189547e+04	(-1.90642689915542e+00dB,-3.65890128431445e+01°)
2.66072505979890e+04	(-1.94222125144818e+00dB,-3.69052404611765e+01°)
2.69153480392700e+04	(-1.97854649140346e+00dB,-3.72224847637930e+01°)
2.72270130807800e+04	(-2.01540597260777e+00dB,-3.75407099937853e+01°)
2.75422870333826e+04	(-2.05280293758701e+00dB,-3.78598798000570e+01°)
2.78612116862986e+04	(-2.09074051472527e+00dB,-3.81799572554025e+01°)
2.81838293126455e+04	(-2.12922171526458e+00dB,-3.85009048751083e+01°)
2.85101826750400e+04	(-2.16824943039143e+00dB,-3.88226846363588e+01°)
2.88403150312670e+04	(-2.20782642841599e+00dB,-3.91452579984269e+01°)
2.91742701400126e+04	(-2.24795535204942e+00dB,-3.94685859236270e+01°)
2.95120922666648e+04	(-2.28863871578515e+00dB,-3.97926288990074e+01°)
2.98538261891806e+04	(-2.32987890338914e+00dB,-4.01173469587544e+01°)
3.01995172040212e+04	(-2.37167816550461e+00dB,-4.04426997072819e+01°)
3.05492111321561e+04	(-2.41403861737609e+00dB,-4.07686463429752e+01°)
3.09029543251369e+04	(-2.45696223669766e+00dB,-4.10951456825583e+01°)
3.12607936712406e+04	(-2.50045086158989e+00dB,-4.14221561860508e+01°)
3.16227766016848e+04	(-2.54450618870995e+00dB,-4.17496359822797e+01°)
3.19889510969150e+04	(-2.58912977149880e+00dB,-4.20775428949087e+01°)
3.23593656929639e+04	(-2.63432301856947e+00dB,-4.24058344689477e+01°)
3.27340694878849e+04	(-2.68008719223970e+00dB,-4.27344679977027e+01°)
3.31131121482602e+04	(-2.72642340721246e+00dB,-4.30634005501247e+01°)
3.34965439157839e+04	(-2.77333262940703e+00dB,-4.33925889985164e+01°)
3.38844156139214e+04	(-2.82081567494335e+00dB,-4.37219900465531e+01°)
3.42767786546462e+04	(-2.86887320928187e+00dB,-4.40515602575740e+01°)
3.46736850452543e+04	(-2.91750574652082e+00dB,-4.43812560830991e+01°)
3.50751873952580e+04	(-2.96671364885251e+00dB,-4.47110338915264e+01°)
3.54813389233588e+04	(-3.01649712617980e+00dB,-4.50408499969625e+01°)
3.58921934645017e+04	(-3.06685623589369e+00dB,-4.53706606881420e+01°)
3.63078054770114e+04	(-3.11779088281251e+00dB,-4.57004222573867e+01°)
3.67282300498097e+04	(-3.16930081928277e+00dB,-4.60300910295599e+01°)
3.71535229097185e+04	(-3.22138564544157e+00dB,-4.63596233909677e+01°)
3.75837404288457e+04	(-3.27404480963987e+00dB,-4.66889758181614e+01°)
3.80189396320574e+04	(-3.32727760902572e+00dB,-4.70181049065938e+01°)
3.84591782045367e+04	(-3.38108319028615e+00dB,-4.73469673990844e+01°)
3.89045144994294e+04	(-3.43546055054605e+00dB,-4.76755202140485e+01°)
3.93550075455791e+04	(-3.49040853842195e+00dB,-4.80037204734436e+01°)
3.98107170553511e+04	(-3.54592585522857e+00dB,-4.83315255303918e+01°)
4.02717034325473e+04	(-3.60201105633516e+00dB,-4.86588929964337e+01°)
4.07380277804127e+04	(-3.65866255266893e+00dB,-4.89857807683731e+01°)
4.12097519097345e+04	(-3.71587861236211e+00dB,-4.93121470546708e+01°)
4.16869383470350e+04	(-3.77365736253901e+00dB,-4.96379504013496e+01°)
4.21696503428597e+04	(-3.83199679123936e+00dB,-4.99631497173718e+01°)
4.26579518801608e+04	(-3.89089474947361e+00dB,-5.02877042994533e+01°)
4.31519076827780e+04	(-3.95034895340591e+00dB,-5.06115738562794e+01°)
4.36515832240181e+04	(-4.01035698666006e+00dB,-5.09347185320897e+01°)
4.41570447353328e+04	(-4.07091630274367e+00dB,-5.12570989296004e+01°)
4.46683592150979e+04	(-4.13202422758528e+00dB,-5.15786761322346e+01°)
4.51855944374938e+04	(-4.19367796217944e+00dB,-5.18994117256340e+01°)
4.57088189614891e+04	(-4.25587458533415e+00dB,-5.22192678184251e+01°)
4.62381021399277e+04	(-4.31861105651519e+00dB,-5.25382070622174e+01°)
4.67735141287215e+04	(-4.38188421878159e+00dB,-5.28561926708121e+01°)
4.73151258961497e+04	(-4.44569080180650e+00dB,-5.31731884386005e+01°)
4.78630092322655e+04	(-4.51002742497756e+00dB,-5.34891587581365e+01°)
4.84172367584117e+04	(-4.57489060057069e+00dB,-5.38040686368672e+01°)
4.89778819368464e+04	(-4.64027673699145e+00dB,-5.41178837130074e+01°)
4.95450190804808e+04	(-4.70618214207779e+00dB,-5.44305702705492e+01°)
5.01187233627290e+04	(-4.77260302645814e+00dB,-5.47420952533946e+01°)
5.06990708274723e+04	(-4.83953550695880e+00dB,-5.50524262786074e+01°)
5.12861383991383e+04	(-4.90697561005445e+00dB,-5.53615316487769e+01°)
5.18800038928980e+04	(-4.97491927535599e+00dB,-5.56693803634913e+01°)
5.24807460249792e+04	(-5.04336235912938e+00dB,-5.59759421299205e+01°)
5.30884444231008e+04	(-5.11230063783999e+00dB,-5.62811873725085e+01°)
5.37031796370272e+04	(-5.18172981171619e+00dB,-5.65850872417777e+01°)
5.43250331492453e+04	(-5.25164550832683e+00dB,-5.68876136222512e+01°)
5.49540873857645e+04	(-5.32204328616673e+00dB,-5.71887391394976e+01°)
5.55904257270424e+04	(-5.39291863824475e+00dB,-5.74884371663081e+01°)
5.62341325190370e+04	(-5.46426699566911e+00dB,-5.77866818280140e+01°)
5.68852930843862e+04	(-5.53608373122464e+00dB,-5.80834480069566e+01°)
5.75439937337178e+04	(-5.60836416293701e+00dB,-5.83787113461222e+01°)
5.82103217770893e+04	(-5.68110355761884e+00dB,-5.86724482519551e+01°)
5.88843655355611e+04	(-5.75429713439318e+00dB,-5.89646358963660e+01°)
5.95662143529032e+04	(-5.82794006818959e+00dB,-5.92552522179494e+01°)
6.02559586074380e+04	(-5.90202749320855e+00dB,-5.95442759224306e+01°)
6.09536897240192e+04	(-5.97655450635002e+00dB,-5.98316864823588e+01°)
6.16595001861505e+04	(-6.05151617060212e+00dB,-6.01174641360671e+01°)
6.23734835482442e+04	(-6.12690751838614e+00dB,-6.04015898859198e+01°)
6.30957344480217e+04	(-6.20272355485437e+00dB,-6.06840454958672e+01°)
6.38263486190573e+04	(-6.27895926113721e+00dB,-6.09648134883325e+01°)
6.45654229034680e+04	(-6.35560959753663e+00dB,-6.12438771404499e+01°)
6.53130552647497e+04	(-6.43266950666271e+00dB,-6.15212204796807e+01°)
6.60693448007621e+04	(-6.51013391651082e+00dB,-6.17968282788286e+01°)
6.68343917568640e+04	(-6.58799774347664e+00dB,-6.20706860504786e+01°)
6.76082975392007e+04	(-6.66625589530682e+00dB,-6.23427800408856e+01°)
6.83911647281455e+04	(-6.74490327398307e+00dB,-6.26130972233345e+01°)
6.91830970918963e+04	(-6.82393477853778e+00dB,-6.28816252909994e+01°)
6.99841996002300e+04	(-6.90334530779940e+00dB,-6.31483526493244e+01°)
7.07945784384165e+04	(-6.98312976306612e+00dB,-6.34132684079524e+01°)
7.16143410212929e+04	(-7.06328305070632e+00dB,-6.36763623722258e+01°)
7.24435960075018e+04	(-7.14380008468479e+00dB,-6.39376250342848e+01°)
7.32824533138932e+04	(-7.22467578901369e+00dB,-6.41970475637866e+01°)
7.41310241300946e+04	(-7.30590510012741e+00dB,-6.44546217982716e+01°)
7.49894209332484e+04	(-7.38748296918066e+00dB,-6.47103402331981e+01°)
7.58577575029213e+04	(-7.46940436426943e+00dB,-6.49641960116727e+01°)
7.67361489361848e+04	(-7.55166427257444e+00dB,-6.52161829138969e+01°)
7.76247116628722e+04	(-7.63425770242678e+00dB,-6.54662953463542e+01°)
7.85235634610102e+04	(-7.71717968529606e+00dB,-6.57145283307607e+01°)
7.94328234724312e+04	(-7.80042527770081e+00dB,-6.59608774928005e+01°)
8.03526122185648e+04	(-7.88398956304170e+00dB,-6.62053390506680e+01°)
8.12830516164131e+04	(-7.96786765335774e+00dB,-6.64479098034382e+01°)
8.22242649947103e+04	(-8.05205469100611e+00dB,-6.66885871192855e+01°)
8.31763771102703e+04	(-8.13654585026615e+00dB,-6.69273689235714e+01°)
8.41395141645228e+04	(-8.22133633886823e+00dB,-6.71642536868196e+01°)
8.51138038202410e+04	(-8.30642139944850e+00dB,-6.73992404125981e+01°)
8.60993752184634e+04	(-8.39179631093008e+00dB,-6.76323286253265e+01°)
8.70963589956115e+04	(-8.47745638983204e+00dB,-6.78635183580255e+01°)
8.81048873008049e+04	(-8.56339699150715e+00dB,-6.80928101400261e+01°)
8.91250938133780e+04	(-8.64961351130934e+00dB,-6.83202049846538e+01°)
9.01571137605992e+04	(-8.73610138569247e+00dB,-6.85457043769050e+01°)
9.12010839355946e+04	(-8.82285609324137e+00dB,-6.87693102611284e+01°)
9.22571427154799e+04	(-8.90987315563669e+00dB,-6.89910250287283e+01°)
9.33254300797028e+04	(-8.99714813855483e+00dB,-6.92108515059002e+01°)
9.44060876285961e+04	(-9.08467665250448e+00dB,-6.94287929414150e+01°)
9.54992586021474e+04	(-9.17245435360111e+00dB,-6.96448529944616e+01°)
9.66050878989852e+04	(-9.26047694428115e+00dB,-6.98590357225609e+01°)
9.77237220955849e+04	(-9.34874017395712e+00dB,-7.00713455695616e+01°)
9.88553094656978e+04	(-9.43723983961549e+00dB,-7.02817873537285e+01°)
1.00000000000004e+05	(-9.52597178635868e+00dB,-7.04903662559334e+01°)
1.01157945425994e+05	(-9.61493190789299e+00dB,-7.06970878079569e+01°)
1.02329299228080e+05	(-9.70411614696386e+00dB,-7.09019578809108e+01°)
1.03514216667939e+05	(-9.79352049574026e+00dB,-7.11049826737877e+01°)
1.04712854805094e+05	(-9.88314099614964e+00dB,-7.13061687021476e+01°)
1.05925372517733e+05	(-9.97297374016530e+00dB,-7.15055227869452e+01°)
1.07151930523765e+05	(-1.00630148700475e+01dB,-7.17030520435074e+01°)
1.08392691402125e+05	(-1.01532605785404e+01dB,-7.18987638706646e+01°)
1.09647819614323e+05	(-1.02437071090253e+01dB,-7.20926659400427e+01°)
1.10917481526245e+05	(-1.03343507556338e+01dB,-7.22847661855191e+01°)
1.12201845430201e+05	(-1.04251878633204e+01dB,-7.24750727928491e+01°)
1.13501081567236e+05	(-1.05162148278968e+01dB,-7.26635941894642e+01°)
1.14815362149693e+05	(-1.06074280960303e+01dB,-7.28503390344486e+01°)
1.16144861384039e+05	(-1.06988241652064e+01dB,-7.30353162086939e+01°)
1.17489755493958e+05	(-1.07903995836582e+01dB,-7.32185348052378e+01°)
1.18850222743707e+05	(-1.08821509502635e+01dB,-7.34000041197864e+01°)
1.20226443461746e+05	(-1.09740749144113e+01dB,-7.35797336414236e+01°)
1.21618600064642e+05	(-1.10661681758388e+01dB,-7.37577330435092e+01°)
1.23026877081243e+05	(-1.11584274844409e+01dB,-7.39340121747657e+01°)
1.24451461177144e+05	(-1.12508496400528e+01dB,-7.41085810505563e+01°)
1.25892541179422e+05	(-1.13434314922077e+01dB,-7.42814498443529e+01°)
1.27350308101671e+05	(-1.14361699398703e+01dB,-7.44526288793970e+01°)
1.28824955169319e+05	(-1.15290619311484e+01dB,-7.46221286205499e+01°)
1.30316677845235e+05	(-1.16221044629820e+01dB,-7.47899596663363e+01°)
1.31825673855646e+05	(-1.17152945808134e+01dB,-7.49561327411769e+01°)
1.33352143216338e+05	(-1.18086293782375e+01dB,-7.51206586878120e+01°)
1.34896288259171e+05	(-1.19021059966347e+01dB,-7.52835484599137e+01°)
1.36458313658898e+05	(-1.19957216247869e+01dB,-7.54448131148867e+01°)
1.38038426460294e+05	(-1.20894734984778e+01dB,-7.56044638068552e+01°)
1.39636836105600e+05	(-1.21833589000788e+01dB,-7.57625117798358e+01°)
1.41253754462281e+05	(-1.22773751581209e+01dB,-7.59189683610933e+01°)
1.42889395851116e+05	(-1.23715196468546e+01dB,-7.60738449546793e+01°)
1.44543977074599e+05	(-1.24657897857974e+01dB,-7.62271530351498e+01°)
1.46217717445678e+05	(-1.25601830392712e+01dB,-7.63789041414616e+01°)
1.47910838816827e+05	(-1.26546969159292e+01dB,-7.65291098710436e+01°)
1.49623565609450e+05	(-1.27493289682741e+01dB,-7.66777818740428e+01°)
1.51356124843627e+05	(-1.28440767921684e+01dB,-7.68249318477397e+01°)
1.53108746168210e+05	(-1.29389380263365e+01dB,-7.69705715311344e+01°)
1.54881661891255e+05	(-1.30339103518605e+01dB,-7.71147126996968e+01°)
1.56675107010822e+05	(-1.31289914916705e+01dB,-7.72573671602822e+01°)
1.58489319246118e+05	(-1.32241792100288e+01dB,-7.73985467462060e+01°)
1.60324539069011e+05	(-1.33194713120101e+01dB,-7.75382633124780e+01°)
1.62181009735900e+05	(-1.34148656429776e+01dB,-7.76765287311908e+01°)
1.64058977319961e+05	(-1.35103600880557e+01dB,-7.78133548870619e+01°)
1.65958690743763e+05	(-1.36059525715999e+01dB,-7.79487536731244e+01°)
1.67880401812263e+05	(-1.37016410566650e+01dB,-7.80827369865650e+01°)
1.69824365246182e+05	(-1.37974235444709e+01dB,-7.82153167247062e+01°)
1.71790838715766e+05	(-1.38932980738677e+01dB,-7.83465047811285e+01°)
1.73780082874945e+05	(-1.39892627208002e+01dB,-7.84763130419320e+01°)
1.75792361395877e+05	(-1.40853155977718e+01dB,-7.86047533821315e+01°)
1.77827941003900e+05	(-1.41814548533093e+01dB,-7.87318376621853e+01°)
1.79887091512887e+05	(-1.42776786714276e+01dB,-7.88575777246520e+01°)
1.81970085861006e+05	(-1.43739852710959e+01dB,-7.89819853909747e+01°)
1.84077200146904e+05	(-1.44703729057056e+01dB,-7.91050724583875e+01°)
1.86208713666295e+05	(-1.45668398625389e+01dB,-7.92268506969430e+01°)
1.88364908948988e+05	(-1.46633844622409e+01dB,-7.93473318466579e+01°)
1.90546071796333e+05	(-1.47600050582931e+01dB,-7.94665276147723e+01°)
1.92752491319102e+05	(-1.48567000364901e+01dB,-7.95844496731216e+01°)
1.94984459975813e+05	(-1.49534678144190e+01dB,-7.97011096556173e+01°)
1.97242273611494e+05	(-1.50503068409426e+01dB,-7.98165191558340e+01°)
1.99526231496897e+05	(-1.51472155956853e+01dB,-7.99306897246998e+01°)
2.01836636368165e+05	(-1.52441925885234e+01dB,-8.00436328682883e+01°)
2.04173794466962e+05	(-1.53412363590790e+01dB,-8.01553600457071e+01°)
2.06538015581062e+05	(-1.54383454762185e+01dB,-8.02658826670838e+01°)
2.08929613085413e+05	(-1.55355185375546e+01dB,-8.03752120916431e+01°)
2.11348903983674e+05	(-1.56327541689536e+01dB,-8.04833596258748e+01°)
2.13796208950233e+05	(-1.57300510240470e+01dB,-8.05903365217902e+01°)
2.16271852372712e+05	(-1.58274077837480e+01dB,-8.06961539752624e+01°)
2.18776162394965e+05	(-1.59248231557728e+01dB,-8.08008231244505e+01°)
2.21309470960574e+05	(-1.60222958741672e+01dB,-8.09043550483036e+01°)
2.23872113856844e+05	(-1.61198246988381e+01dB,-8.10067607651425e+01°)
2.26464430759316e+05	(-1.62174084150905e+01dB,-8.11080512313182e+01°)
2.29086765276788e+05	(-1.63150458331696e+01dB,-8.12082373399425e+01°)
2.31739464996858e+05	(-1.64127357878090e+01dB,-8.13073299196903e+01°)
2.34422881532003e+05	(-1.65104771377832e+01dB,-8.14053397336711e+01°)
2.37137370566176e+05	(-1.66082687654672e+01dB,-8.15022774783667e+01°)
2.39883291901960e+05	(-1.67061095764003e+01dB,-8.15981537826340e+01°)
2.42661009508252e+05	(-1.68039984988566e+01dB,-8.16929792067704e+01°)
2.45470891568514e+05	(-1.69019344834208e+01dB,-8.17867642416399e+01°)
2.48313310529568e+05	(-1.69999165025696e+01dB,-8.18795193078572e+01°)
2.51188643150969e+05	(-1.70979435502595e+01dB,-8.19712547550296e+01°)
2.54097270554942e+05	(-1.71960146415195e+01dB,-8.20619808610530e+01°)
2.57039578276898e+05	(-1.72941288120505e+01dB,-8.21517078314611e+01°)
2.60015956316539e+05	(-1.73922851178299e+01dB,-8.22404457988257e+01°)
2.63026799189550e+05	(-1.74904826347223e+01dB,-8.23282048222070e+01°)
2.66072505979893e+05	(-1.75887204580959e+01dB,-8.24149948866508e+01°)
2.69153480392704e+05	(-1.76869977024448e+01dB,-8.25008259027327e+01°)
2.72270130807804e+05	(-1.77853135010171e+01dB,-8.25857077061462e+01°)
2.75422870333829e+05	(-1.78836670054487e+01dB,-8.26696500573339e+01°)
2.78612116862990e+05	(-1.79820573854028e+01dB,-8.27526626411600e+01°)
2.81838293126458e+05	(-1.80804838282154e+01dB,-8.28347550666230e+01°)
2.85101826750404e+05	(-1.81789455385461e+01dB,-8.29159368666063e+01°)
2.88403150312674e+05	(-1.82774417380351e+01dB,-8.29962174976660e+01°)
2.91742701400130e+05	(-1.83759716649653e+01dB,-8.30756063398545e+01°)
2.95120922666652e+05	(-1.84745345739303e+01dB,-8.31541126965783e+01°)
2.98538261891810e+05	(-1.85731297355079e+01dB,-8.32317457944883e+01°)
3.01995172040216e+05	(-1.86717564359391e+01dB,-8.33085147834029e+01°)
3.05492111321565e+05	(-1.87704139768127e+01dB,-8.33844287362599e+01°)
3.09029543251373e+05	(-1.88691016747550e+01dB,-8.34594966490993e+01°)
3.12607936712410e+05	(-1.89678188611250e+01dB,-8.35337274410735e+01°)
3.16227766016853e+05	(-1.90665648817154e+01dB,-8.36071299544840e+01°)
3.19889510969155e+05	(-1.91653390964581e+01dB,-8.36797129548449e+01°)
3.23593656929643e+05	(-1.92641408791355e+01dB,-8.37514851309704e+01°)
3.27340694878854e+05	(-1.93629696170963e+01dB,-8.38224550950868e+01°)
3.31131121482607e+05	(-1.94618247109775e+01dB,-8.38926313829666e+01°)
3.34965439157843e+05	(-1.95607055744303e+01dB,-8.39620224540849e+01°)
3.38844156139218e+05	(-1.96596116338512e+01dB,-8.40306366917962e+01°)
3.42767786546466e+05	(-1.97585423281192e+01dB,-8.40984824035318e+01°)
3.46736850452548e+05	(-1.98574971083360e+01dB,-8.41655678210156e+01°)
3.50751873952585e+05	(-1.99564754375721e+01dB,-8.42319011004983e+01°)
3.54813389233592e+05	(-2.00554767906181e+01dB,-8.42974903230093e+01°)
3.58921934645022e+05	(-2.01545006537392e+01dB,-8.43623434946248e+01°)
3.63078054770118e+05	(-2.02535465244356e+01dB,-8.44264685467517e+01°)
3.67282300498102e+05	(-2.03526139112069e+01dB,-8.44898733364272e+01°)
3.71535229097190e+05	(-2.04517023333210e+01dB,-8.45525656466311e+01°)
3.75837404288462e+05	(-2.05508113205875e+01dB,-8.46145531866140e+01°)
3.80189396320579e+05	(-2.06499404131355e+01dB,-8.46758435922364e+01°)
3.84591782045372e+05	(-2.07490891611955e+01dB,-8.47364444263212e+01°)
3.89045144994299e+05	(-2.08482571248859e+01dB,-8.47963631790172e+01°)
3.93550075455796e+05	(-2.09474438740029e+01dB,-8.48556072681745e+01°)
3.98107170553516e+05	(-2.10466489878155e+01dB,-8.49141840397291e+01°)
4.02717034325478e+05	(-2.11458720548639e+01dB,-8.49721007680982e+01°)
4.07380277804132e+05	(-2.12451126727616e+01dB,-8.50293646565849e+01°)
4.12097519097350e+05	(-2.13443704480024e+01dB,-8.50859828377908e+01°)
4.16869383470355e+05	(-2.14436449957702e+01dB,-8.51419623740378e+01°)
4.21696503428603e+05	(-2.15429359397531e+01dB,-8.51973102577968e+01°)
4.26579518801613e+05	(-2.16422429119614e+01dB,-8.52520334121244e+01°)
4.31519076827786e+05	(-2.17415655525484e+01dB,-8.53061386911058e+01°)
4.36515832240187e+05	(-2.18409035096359e+01dB,-8.53596328803045e+01°)
4.41570447353334e+05	(-2.19402564391427e+01dB,-8.54125226972176e+01°)
4.46683592150985e+05	(-2.20396240046160e+01dB,-8.54648147917364e+01°)
4.51855944374944e+05	(-2.21390058770673e+01dB,-8.55165157466132e+01°)
4.57088189614897e+05	(-2.22384017348112e+01dB,-8.55676320779308e+01°)
4.62381021399283e+05	(-2.23378112633068e+01dB,-8.56181702355787e+01°)
4.67735141287221e+05	(-2.24372341550035e+01dB,-8.56681366037315e+01°)
4.73151258961504e+05	(-2.25366701091895e+01dB,-8.57175375013313e+01°)
4.78630092322662e+05	(-2.26361188318427e+01dB,-8.57663791825744e+01°)
4.84172367584123e+05	(-2.27355800354860e+01dB,-8.58146678373994e+01°)
4.89778819368470e+05	(-2.28350534390444e+01dB,-8.58624095919795e+01°)
4.95450190804815e+05	(-2.29345387677060e+01dB,-8.59096105092158e+01°)
5.01187233627297e+05	(-2.30340357527850e+01dB,-8.59562765892340e+01°)
5.06990708274729e+05	(-2.31335441315883e+01dB,-8.60024137698817e+01°)
5.12861383991390e+05	(-2.32330636472845e+01dB,-8.60480279272282e+01°)
5.18800038928987e+05	(-2.33325940487758e+01dB,-8.60931248760653e+01°)
5.24807460249798e+05	(-2.34321350905724e+01dB,-8.61377103704088e+01°)
5.30884444231015e+05	(-2.35316865326694e+01dB,-8.61817901040013e+01°)
5.37031796370279e+05	(-2.36312481404273e+01dB,-8.62253697108157e+01°)
5.43250331492460e+05	(-2.37308196844532e+01dB,-8.62684547655584e+01°)
5.49540873857652e+05	(-2.38304009404866e+01dB,-8.63110507841737e+01°)
5.55904257270431e+05	(-2.39299916892858e+01dB,-8.63531632243471e+01°)
5.62341325190377e+05	(-2.40295917165177e+01dB,-8.63947974860094e+01°)
5.68852930843870e+05	(-2.41292008126500e+01dB,-8.64359589118398e+01°)
5.75439937337186e+05	(-2.42288187728451e+01dB,-8.64766527877689e+01°)
5.82103217770901e+05	(-2.43284453968566e+01dB,-8.65168843434804e+01°)
5.88843655355618e+05	(-2.44280804889280e+01dB,-8.65566587529127e+01°)
5.95662143529040e+05	(-2.45277238576937e+01dB,-8.65959811347587e+01°)
6.02559586074388e+05	(-2.46273753160819e+01dB,-8.66348565529655e+01°)
6.09536897240200e+05	(-2.47270346812194e+01dB,-8.66732900172315e+01°)
6.16595001861513e+05	(-2.48267017743389e+01dB,-8.67112864835029e+01°)
6.23734835482451e+05	(-2.49263764206882e+01dB,-8.67488508544689e+01°)
6.30957344480225e+05	(-2.50260584494409e+01dB,-8.67859879800546e+01°)
6.38263486190581e+05	(-2.51257476936097e+01dB,-8.68227026579121e+01°)
6.45654229034688e+05	(-2.52254439899608e+01dB,-8.68589996339107e+01°)
6.53130552647505e+05	(-2.53251471789311e+01dB,-8.68948836026238e+01°)
6.60693448007630e+05	(-2.54248571045464e+01dB,-8.69303592078146e+01°)
6.68343917568649e+05	(-2.55245736143413e+01dB,-8.69654310429194e+01°)
6.76082975392016e+05	(-2.56242965592820e+01dB,-8.70001036515286e+01°)
6.83911647281464e+05	(-2.57240257936890e+01dB,-8.70343815278654e+01°)
6.91830970918972e+05	(-2.58237611751633e+01dB,-8.70682691172623e+01°)
6.99841996002309e+05	(-2.59235025645126e+01dB,-8.71017708166344e+01°)
7.07945784384174e+05	(-2.60232498256804e+01dB,-8.71348909749511e+01°)
7.16143410212939e+05	(-2.61230028256757e+01dB,-8.71676338937045e+01°)
7.24435960075027e+05	(-2.62227614345050e+01dB,-8.72000038273755e+01°)
7.32824533138942e+05	(-2.63225255251050e+01dB,-8.72320049838967e+01°)
7.41310241300956e+05	(-2.64222949732775e+01dB,-8.72636415251132e+01°)
7.49894209332495e+05	(-2.65220696576252e+01dB,-8.72949175672398e+01°)
7.58577575029223e+05	(-2.66218494594893e+01dB,-8.73258371813159e+01°)
7.67361489361859e+05	(-2.67216342628880e+01dB,-8.73564043936570e+01°)
7.76247116628732e+05	(-2.68214239544572e+01dB,-8.73866231863036e+01°)
7.85235634610112e+05	(-2.69212184233910e+01dB,-8.74164974974669e+01°)
7.94328234724323e+05	(-2.70210175613854e+01dB,-8.74460312219715e+01°)
8.03526122185659e+05	(-2.71208212625817e+01dB,-8.74752282116947e+01°)
8.12830516164141e+05	(-2.72206294235120e+01dB,-8.75040922760034e+01°)
8.22242649947114e+05	(-2.73204419430454e+01dB,-8.75326271821870e+01°)
8.31763771102714e+05	(-2.74202587223358e+01dB,-8.75608366558879e+01°)
8.41395141645239e+05	(-2.75200796647706e+01dB,-8.75887243815281e+01°)
8.51138038202421e+05	(-2.76199046759207e+01dB,-8.76162940027331e+01°)
8.60993752184646e+05	(-2.77197336634911e+01dB,-8.76435491227525e+01°)
8.70963589956126e+05	(-2.78195665372736e+01dB,-8.76704933048771e+01°)
8.81048873008060e+05	(-2.79194032090996e+01dB,-8.76971300728528e+01°)
8.91250938133792e+05	(-2.80192435927943e+01dB,-8.77234629112914e+01°)
9.01571137606004e+05	(-2.81190876041318e+01dB,-8.77494952660781e+01°)
9.12010839355958e+05	(-2.82189351607917e+01dB,-8.77752305447755e+01°)
9.22571427154812e+05	(-2.83187861823158e+01dB,-8.78006721170243e+01°)
9.33254300797040e+05	(-2.84186405900666e+01dB,-8.78258233149409e+01°)
9.44060876285973e+05	(-2.85184983071860e+01dB,-8.78506874335117e+01°)
9.54992586021486e+05	(-2.86183592585555e+01dB,-8.78752677309836e+01°)
9.66050878989865e+05	(-2.87182233707571e+01dB,-8.78995674292518e+01°)
9.77237220955863e+05	(-2.88180905720347e+01dB,-8.79235897142438e+01°)
9.88553094656991e+05	(-2.89179607922570e+01dB,-8.79473377363006e+01°)
1.00000000000000e+06	(-2.90178339628804e+01dB,-8.79708146105536e+01°)
