Freq.	V(n001)	V(n003)
1.00000000000000e+02	(0.00000000000000e+00dB,0.00000000000000e+00°)	(-1.27046807301096e-05dB,-1.40400075554507e-01°)
1.01157945425990e+02	(0.00000000000000e+00dB,0.00000000000000e+00°)	(-1.30006105614319e-05dB,-1.42025830272050e-01°)
1.02329299228075e+02	(0.00000000000000e+00dB,0.00000000000000e+00°)	(-1.33034334791603e-05dB,-1.43670410300916e-01°)
1.03514216667934e+02	(0.00000000000000e+00dB,0.00000000000000e+00°)	(-1.36133100303257e-05dB,-1.45334033611622e-01°)
1.04712854805090e+02	(0.00000000000000e+00dB,0.00000000000000e+00°)	(-1.39304045315608e-05dB,-1.47016920705980e-01°)
1.05925372517729e+02	(0.00000000000000e+00dB,0.00000000000000e+00°)	(-1.42548850951394e-05dB,-1.48719294642529e-01°)
1.07151930523761e+02	(0.00000000000000e+00dB,0.00000000000000e+00°)	(-1.45869237774846e-05dB,-1.50441381100126e-01°)
1.08392691402120e+02	(0.00000000000000e+00dB,0.00000000000000e+00°)	(-1.49266966283525e-05dB,-1.52183408327045e-01°)
1.09647819614319e+02	(0.00000000000000e+00dB,0.00000000000000e+00°)	(-1.52743837805165e-05dB,-1.53945607191848e-01°)
1.10917481526240e+02	(0.00000000000000e+00dB,0.00000000000000e+00°)	(-1.56301695992412e-05dB,-1.55728211297865e-01°)
1.12201845430196e+02	(0.00000000000000e+00dB,0.00000000000000e+00°)	(-1.59942427102502e-05dB,-1.57531456906848e-01°)
1.13501081567232e+02	(0.00000000000000e+00dB,0.00000000000000e+00°)	(-1.63667961704152e-05dB,-1.59355583040724e-01°)
1.14815362149688e+02	(0.00000000000000e+00dB,0.00000000000000e+00°)	(-1.67480275024747e-05dB,-1.61200831494306e-01°)
1.16144861384034e+02	(0.00000000000000e+00dB,0.00000000000000e+00°)	(-1.71381388310069e-05dB,-1.63067446835264e-01°)
1.17489755493953e+02	(0.00000000000000e+00dB,0.00000000000000e+00°)	(-1.75373370106894e-05dB,-1.64955676505889e-01°)
1.18850222743702e+02	(0.00000000000000e+00dB,0.00000000000000e+00°)	(-1.79458336870542e-05dB,-1.66865770721293e-01°)
1.20226443461741e+02	(0.00000000000000e+00dB,0.00000000000000e+00°)	(-1.83638454623565e-05dB,-1.68797982711106e-01°)
1.21618600064637e+02	(0.00000000000000e+00dB,0.00000000000000e+00°)	(-1.87915939563306e-05dB,-1.70752568579511e-01°)
1.23026877081238e+02	(0.00000000000000e+00dB,0.00000000000000e+00°)	(-1.92293059836302e-05dB,-1.72729787406999e-01°)
1.24451461177139e+02	(0.00000000000000e+00dB,0.00000000000000e+00°)	(-1.96772136030132e-05dB,-1.74729901212178e-01°)
1.25892541179417e+02	(0.00000000000000e+00dB,0.00000000000000e+00°)	(-2.01355543169618e-05dB,-1.76753175168021e-01°)
1.27350308101666e+02	(0.00000000000000e+00dB,0.00000000000000e+00°)	(-2.06045711314754e-05dB,-1.78799877436458e-01°)
1.28824955169314e+02	(0.00000000000000e+00dB,0.00000000000000e+00°)	(-2.10845127257969e-05dB,-1.80870279282842e-01°)
1.30316677845230e+02	(0.00000000000000e+00dB,0.00000000000000e+00°)	(-2.15756335729584e-05dB,-1.82964655139540e-01°)
1.31825673855641e+02	(0.00000000000000e+00dB,0.00000000000000e+00°)	(-2.20781940651494e-05dB,-1.85083282605896e-01°)
1.33352143216333e+02	(0.00000000000000e+00dB,0.00000000000000e+00°)	(-2.25924606786217e-05dB,-1.87226442511815e-01°)
1.34896288259166e+02	(0.00000000000000e+00dB,0.00000000000000e+00°)	(-2.31187060681996e-05dB,-1.89394418930457e-01°)
1.36458313658893e+02	(0.00000000000000e+00dB,0.00000000000000e+00°)	(-2.36572092418288e-05dB,-1.91587499152757e-01°)
1.38038426460289e+02	(0.00000000000000e+00dB,0.00000000000000e+00°)	(-2.42082557592344e-05dB,-1.93805973967282e-01°)
1.39636836105594e+02	(0.00000000000000e+00dB,0.00000000000000e+00°)	(-2.47721377608570e-05dB,-1.96050137380307e-01°)
1.41253754462276e+02	(0.00000000000000e+00dB,0.00000000000000e+00°)	(-2.53491542185846e-05dB,-1.98320286806614e-01°)
1.42889395851111e+02	(0.00000000000000e+00dB,0.00000000000000e+00°)	(-2.59396110948741e-05dB,-2.00616723196673e-01°)
1.44543977074593e+02	(0.00000000000000e+00dB,0.00000000000000e+00°)	(-2.65438214189405e-05dB,-2.02939750896666e-01°)
1.46217717445672e+02	(0.00000000000000e+00dB,0.00000000000000e+00°)	(-2.71621055885993e-05dB,-2.05289677851999e-01°)
1.47910838816821e+02	(0.00000000000000e+00dB,0.00000000000000e+00°)	(-2.77947913972757e-05dB,-2.07666815492759e-01°)
1.49623565609444e+02	(0.00000000000000e+00dB,0.00000000000000e+00°)	(-2.84422143204185e-05dB,-2.10071478962677e-01°)
1.51356124843621e+02	(0.00000000000000e+00dB,0.00000000000000e+00°)	(-2.91047176051918e-05dB,-2.12503986902801e-01°)
1.53108746168203e+02	(0.00000000000000e+00dB,0.00000000000000e+00°)	(-2.97826525298883e-05dB,-2.14964661807678e-01°)
1.54881661891249e+02	(0.00000000000000e+00dB,0.00000000000000e+00°)	(-3.04763785466597e-05dB,-2.17453829809023e-01°)
1.56675107010815e+02	(0.00000000000000e+00dB,0.00000000000000e+00°)	(-3.11862634531773e-05dB,-2.19971820802898e-01°)
1.58489319246112e+02	(0.00000000000000e+00dB,0.00000000000000e+00°)	(-3.19126836578329e-05dB,-2.22518968564160e-01°)
1.60324539069005e+02	(0.00000000000000e+00dB,0.00000000000000e+00°)	(-3.26560243080058e-05dB,-2.25095610695516e-01°)
1.62181009735893e+02	(0.00000000000000e+00dB,0.00000000000000e+00°)	(-3.34166795244059e-05dB,-2.27702088735616e-01°)
1.64058977319954e+02	(0.00000000000000e+00dB,0.00000000000000e+00°)	(-3.41950526180603e-05dB,-2.30338748133543e-01°)
1.65958690743757e+02	(0.00000000000000e+00dB,0.00000000000000e+00°)	(-3.49915562880130e-05dB,-2.33005938388708e-01°)
1.67880401812257e+02	(0.00000000000000e+00dB,0.00000000000000e+00°)	(-3.58066128392769e-05dB,-2.35704013012618e-01°)
1.69824365246175e+02	(0.00000000000000e+00dB,0.00000000000000e+00°)	(-3.66406544210366e-05dB,-2.38433329611510e-01°)
1.71790838715759e+02	(0.00000000000000e+00dB,0.00000000000000e+00°)	(-3.74941232619596e-05dB,-2.41194249962622e-01°)
1.73780082874938e+02	(0.00000000000000e+00dB,0.00000000000000e+00°)	(-3.83674718669346e-05dB,-2.43987140007761e-01°)
1.75792361395870e+02	(0.00000000000000e+00dB,0.00000000000000e+00°)	(-3.92611632986714e-05dB,-2.46812369929573e-01°)
1.77827941003893e+02	(0.00000000000000e+00dB,0.00000000000000e+00°)	(-4.01756713715478e-05dB,-2.49670314145107e-01°)
1.79887091512879e+02	(0.00000000000000e+00dB,0.00000000000000e+00°)	(-4.11114810055363e-05dB,-2.52561351547462e-01°)
1.81970085860999e+02	(0.00000000000000e+00dB,0.00000000000000e+00°)	(-4.20690883400129e-05dB,-2.55485865263994e-01°)
1.84077200146896e+02	(0.00000000000000e+00dB,0.00000000000000e+00°)	(-4.30490011243299e-05dB,-2.58444242942483e-01°)
1.86208713666287e+02	(0.00000000000000e+00dB,0.00000000000000e+00°)	(-4.40517389135946e-05dB,-2.61436876712884e-01°)
1.88364908948981e+02	(0.00000000000000e+00dB,0.00000000000000e+00°)	(-4.50778333550965e-05dB,-2.64464163206328e-01°)
1.90546071796325e+02	(0.00000000000000e+00dB,0.00000000000000e+00°)	(-4.61278284969145e-05dB,-2.67526503682257e-01°)
1.92752491319094e+02	(0.00000000000000e+00dB,0.00000000000000e+00°)	(-4.72022810367372e-05dB,-2.70624304009246e-01°)
1.94984459975805e+02	(0.00000000000000e+00dB,0.00000000000000e+00°)	(-4.83017606786888e-05dB,-2.73757974817579e-01°)
1.97242273611486e+02	(0.00000000000000e+00dB,0.00000000000000e+00°)	(-4.94268503590077e-05dB,-2.76927931429180e-01°)
1.99526231496889e+02	(0.00000000000000e+00dB,0.00000000000000e+00°)	(-5.05781466163754e-05dB,-2.80134594029260e-01°)
2.01836636368157e+02	(0.00000000000000e+00dB,0.00000000000000e+00°)	(-5.17562598648498e-05dB,-2.83378387608964e-01°)
2.04173794466954e+02	(0.00000000000000e+00dB,0.00000000000000e+00°)	(-5.29618147487674e-05dB,-2.86659742124293e-01°)
2.06538015581054e+02	(0.00000000000000e+00dB,0.00000000000000e+00°)	(-5.41954504523235e-05dB,-2.89979092483266e-01°)
2.08929613085405e+02	(0.00000000000000e+00dB,0.00000000000000e+00°)	(-5.54578210776218e-05dB,-2.93336878673028e-01°)
2.11348903983666e+02	(0.00000000000000e+00dB,0.00000000000000e+00°)	(-5.67495959041118e-05dB,-2.96733545696124e-01°)
2.13796208950224e+02	(0.00000000000000e+00dB,0.00000000000000e+00°)	(-5.80714598640392e-05dB,-3.00169543793007e-01°)
2.16271852372703e+02	(0.00000000000000e+00dB,0.00000000000000e+00°)	(-5.94241138009222e-05dB,-3.03645328359220e-01°)
2.18776162394956e+02	(0.00000000000000e+00dB,0.00000000000000e+00°)	(-6.08082748996817e-05dB,-3.07161360091565e-01°)
2.21309470960565e+02	(0.00000000000000e+00dB,0.00000000000000e+00°)	(-6.22246770569835e-05dB,-3.10718105013417e-01°)
2.23872113856835e+02	(0.00000000000000e+00dB,0.00000000000000e+00°)	(-6.36740712409760e-05dB,-3.14316034531824e-01°)
2.26464430759307e+02	(0.00000000000000e+00dB,0.00000000000000e+00°)	(-6.51572259320327e-05dB,-3.17955625539141e-01°)
2.29086765276778e+02	(0.00000000000000e+00dB,0.00000000000000e+00°)	(-6.66749274853867e-05dB,-3.21637360400159e-01°)
2.31739464996849e+02	(0.00000000000000e+00dB,0.00000000000000e+00°)	(-6.82279806278092e-05dB,-3.25361727149133e-01°)
2.34422881531993e+02	(0.00000000000000e+00dB,0.00000000000000e+00°)	(-6.98172087517805e-05dB,-3.29129219362408e-01°)
2.37137370566167e+02	(0.00000000000000e+00dB,0.00000000000000e+00°)	(-7.14434544902837e-05dB,-3.32940336412682e-01°)
2.39883291901950e+02	(0.00000000000000e+00dB,0.00000000000000e+00°)	(-7.31075800726988e-05dB,-3.36795583430676e-01°)
2.42661009508243e+02	(0.00000000000000e+00dB,0.00000000000000e+00°)	(-7.48104678330622e-05dB,-3.40695471394000e-01°)
2.45470891568504e+02	(0.00000000000000e+00dB,0.00000000000000e+00°)	(-7.65530206344332e-05dB,-3.44640517190582e-01°)
2.48313310529558e+02	(0.00000000000000e+00dB,0.00000000000000e+00°)	(-7.83361623839101e-05dB,-3.48631243694803e-01°)
2.51188643150959e+02	(0.00000000000000e+00dB,0.00000000000000e+00°)	(-8.01608384936474e-05dB,-3.52668179830912e-01°)
2.54097270554932e+02	(0.00000000000000e+00dB,0.00000000000000e+00°)	(-8.20280164219146e-05dB,-3.56751860674592e-01°)
2.57039578276888e+02	(0.00000000000000e+00dB,0.00000000000000e+00°)	(-8.39386861408699e-05dB,-3.60882827459108e-01°)
2.60015956316529e+02	(0.00000000000000e+00dB,0.00000000000000e+00°)	(-8.58938606805199e-05dB,-3.65061627695945e-01°)
2.63026799189540e+02	(0.00000000000000e+00dB,0.00000000000000e+00°)	(-8.78945766929325e-05dB,-3.69288815263632e-01°)
2.66072505979882e+02	(0.00000000000000e+00dB,0.00000000000000e+00°)	(-8.99418949335228e-05dB,-3.73564950401143e-01°)
2.69153480392693e+02	(0.00000000000000e+00dB,0.00000000000000e+00°)	(-9.20369008918131e-05dB,-3.77890599866680e-01°)
2.72270130807793e+02	(0.00000000000000e+00dB,0.00000000000000e+00°)	(-9.41807053556591e-05dB,-3.82266337001020e-01°)
2.75422870333818e+02	(0.00000000000000e+00dB,0.00000000000000e+00°)	(-9.63744449320848e-05dB,-3.86692741708182e-01°)
2.78612116862979e+02	(0.00000000000000e+00dB,0.00000000000000e+00°)	(-9.86192827773828e-05dB,-3.91170400709580e-01°)
2.81838293126447e+02	(0.00000000000000e+00dB,0.00000000000000e+00°)	(-1.00916409063956e-04dB,-3.95699907422891e-01°)
2.85101826750393e+02	(0.00000000000000e+00dB,0.00000000000000e+00°)	(-1.03267041735499e-04dB,-4.00281862190756e-01°)
2.88403150312662e+02	(0.00000000000000e+00dB,0.00000000000000e+00°)	(-1.05672427093431e-04dB,-4.04916872299559e-01°)
2.91742701400119e+02	(0.00000000000000e+00dB,0.00000000000000e+00°)	(-1.08133840459508e-04dB,-4.09605552049088e-01°)
2.95120922666640e+02	(0.00000000000000e+00dB,0.00000000000000e+00°)	(-1.10652586853880e-04dB,-4.14348522853984e-01°)
2.98538261891798e+02	(0.00000000000000e+00dB,0.00000000000000e+00°)	(-1.13230001719434e-04dB,-4.19146413345181e-01°)
3.01995172040204e+02	(0.00000000000000e+00dB,0.00000000000000e+00°)	(-1.15867451585396e-04dB,-4.23999859414088e-01°)
3.05492111321553e+02	(0.00000000000000e+00dB,0.00000000000000e+00°)	(-1.18566334813869e-04dB,-4.28909504307642e-01°)
3.09029543251361e+02	(0.00000000000000e+00dB,0.00000000000000e+00°)	(-1.21328082326126e-04dB,-4.33875998723352e-01°)
3.12607936712398e+02	(0.00000000000000e+00dB,0.00000000000000e+00°)	(-1.24154158398349e-04dB,-4.38900000910688e-01°)
3.16227766016840e+02	(0.00000000000000e+00dB,0.00000000000000e+00°)	(-1.27046061384079e-04dB,-4.43982176715208e-01°)
3.19889510969142e+02	(0.00000000000000e+00dB,0.00000000000000e+00°)	(-1.30005324557214e-04dB,-4.49123199699008e-01°)
3.23593656929630e+02	(0.00000000000000e+00dB,0.00000000000000e+00°)	(-1.33033516895239e-04dB,-4.54323751232524e-01°)
3.27340694878840e+02	(0.00000000000000e+00dB,0.00000000000000e+00°)	(-1.36132243920311e-04dB,-4.59584520554520e-01°)
3.31131121482593e+02	(0.00000000000000e+00dB,0.00000000000000e+00°)	(-1.39303148543253e-04dB,-4.64906204886129e-01°)
3.34965439157830e+02	(0.00000000000000e+00dB,0.00000000000000e+00°)	(-1.42547911957701e-04dB,-4.70289509541694e-01°)
3.38844156139205e+02	(0.00000000000000e+00dB,0.00000000000000e+00°)	(-1.45868254498584e-04dB,-4.75735147975985e-01°)
3.42767786546453e+02	(0.00000000000000e+00dB,0.00000000000000e+00°)	(-1.49265936589328e-04dB,-4.81243841920450e-01°)
3.46736850452534e+02	(0.00000000000000e+00dB,0.00000000000000e+00°)	(-1.52742759624463e-04dB,-4.86816321433582e-01°)
3.50751873952571e+02	(0.00000000000000e+00dB,0.00000000000000e+00°)	(-1.56300566997861e-04dB,-4.92453325065751e-01°)
3.54813389233578e+02	(0.00000000000000e+00dB,0.00000000000000e+00°)	(-1.59941244993073e-04dB,-4.98155599877730e-01°)
3.58921934645008e+02	(0.00000000000000e+00dB,0.00000000000000e+00°)	(-1.63666723880065e-04dB,-5.03923901611854e-01°)
3.63078054770104e+02	(0.00000000000000e+00dB,0.00000000000000e+00°)	(-1.67478978825831e-04dB,-5.09758994723223e-01°)
3.67282300498087e+02	(0.00000000000000e+00dB,0.00000000000000e+00°)	(-1.71380031057691e-04dB,-5.15661652547639e-01°)
3.71535229097175e+02	(0.00000000000000e+00dB,0.00000000000000e+00°)	(-1.75371948853016e-04dB,-5.21632657361389e-01°)
3.75837404288447e+02	(0.00000000000000e+00dB,0.00000000000000e+00°)	(-1.79456848661081e-04dB,-5.27672800488711e-01°)
3.80189396320564e+02	(0.00000000000000e+00dB,0.00000000000000e+00°)	(-1.83636896238442e-04dB,-5.33782882425140e-01°)
3.84591782045357e+02	(0.00000000000000e+00dB,0.00000000000000e+00°)	(-1.87914307773709e-04dB,-5.39963712925840e-01°)
3.89045144994284e+02	(0.00000000000000e+00dB,0.00000000000000e+00°)	(-1.92291351081787e-04dB,-5.46216111122542e-01°)
3.93550075455781e+02	(0.00000000000000e+00dB,0.00000000000000e+00°)	(-1.96770346783649e-04dB,-5.52540905618182e-01°)
3.98107170553500e+02	(0.00000000000000e+00dB,0.00000000000000e+00°)	(-2.01353669561365e-04dB,-5.58938934622875e-01°)
4.02717034325462e+02	(0.00000000000000e+00dB,0.00000000000000e+00°)	(-2.06043749417963e-04dB,-5.65411046038951e-01°)
4.07380277804116e+02	(0.00000000000000e+00dB,0.00000000000000e+00°)	(-2.10843072924774e-04dB,-5.71958097584148e-01°)
4.12097519097334e+02	(0.00000000000000e+00dB,0.00000000000000e+00°)	(-2.15754184580668e-04dB,-5.78580956902041e-01°)
4.16869383470339e+02	(0.00000000000000e+00dB,0.00000000000000e+00°)	(-2.20779688173235e-04dB,-5.85280501694707e-01°)
4.21696503428586e+02	(0.00000000000000e+00dB,0.00000000000000e+00°)	(-2.25922248082138e-04dB,-5.92057619791750e-01°)
4.26579518801596e+02	(0.00000000000000e+00dB,0.00000000000000e+00°)	(-2.31184590798490e-04dB,-5.98913209336963e-01°)
4.31519076827769e+02	(0.00000000000000e+00dB,0.00000000000000e+00°)	(-2.36569506282267e-04dB,-6.05848178841387e-01°)
4.36515832240170e+02	(0.00000000000000e+00dB,0.00000000000000e+00°)	(-2.42079849470164e-04dB,-6.12863447334920e-01°)
4.41570447353316e+02	(0.00000000000000e+00dB,0.00000000000000e+00°)	(-2.47718541812430e-04dB,-6.19959944492445e-01°)
4.46683592150967e+02	(0.00000000000000e+00dB,0.00000000000000e+00°)	(-2.53488572800078e-04dB,-6.27138610756746e-01°)
4.51855944374926e+02	(0.00000000000000e+00dB,0.00000000000000e+00°)	(-2.59393001524915e-04dB,-6.34400397426395e-01°)
4.57088189614879e+02	(0.00000000000000e+00dB,0.00000000000000e+00°)	(-2.65434958356296e-04dB,-6.41746266839008e-01°)
4.62381021399264e+02	(0.00000000000000e+00dB,0.00000000000000e+00°)	(-2.71617646567761e-04dB,-6.49177192459054e-01°)
4.67735141287202e+02	(0.00000000000000e+00dB,0.00000000000000e+00°)	(-2.77944344010968e-04dB,-6.56694159006956e-01°)
4.73151258961485e+02	(0.00000000000000e+00dB,0.00000000000000e+00°)	(-2.84418404928522e-04dB,-6.64298162626320e-01°)
4.78630092322643e+02	(0.00000000000000e+00dB,0.00000000000000e+00°)	(-2.91043261640516e-04dB,-6.71990210962060e-01°)
4.84172367584104e+02	(0.00000000000000e+00dB,0.00000000000000e+00°)	(-2.97822426418204e-04dB,-6.79771323330706e-01°)
4.89778819368451e+02	(0.00000000000000e+00dB,0.00000000000000e+00°)	(-3.04759493350959e-04dB,-6.87642530849322e-01°)
4.95450190804795e+02	(0.00000000000000e+00dB,0.00000000000000e+00°)	(-3.11858140190135e-04dB,-6.95604876545280e-01°)
5.01187233627277e+02	(0.00000000000000e+00dB,0.00000000000000e+00°)	(-3.19122130418636e-04dB,-7.03659415564580e-01°)
5.06990708274709e+02	(0.00000000000000e+00dB,0.00000000000000e+00°)	(-3.26555315105480e-04dB,-7.11807215217910e-01°)
5.12861383991370e+02	(0.00000000000000e+00dB,0.00000000000000e+00°)	(-3.34161635031405e-04dB,-7.20049355185673e-01°)
5.18800038928966e+02	(0.00000000000000e+00dB,0.00000000000000e+00°)	(-3.41945122758594e-04dB,-7.28386927637073e-01°)
5.24807460249778e+02	(0.00000000000000e+00dB,0.00000000000000e+00°)	(-3.49909904758312e-04dB,-7.36821037384133e-01°)
5.30884444230993e+02	(0.00000000000000e+00dB,0.00000000000000e+00°)	(-3.58060203625408e-04dB,-7.45352802019742e-01°)
5.37031796370258e+02	(0.00000000000000e+00dB,0.00000000000000e+00°)	(-3.66400340266832e-04dB,-7.53983352068360e-01°)
5.43250331492438e+02	(0.00000000000000e+00dB,0.00000000000000e+00°)	(-3.74934736272482e-04dB,-7.62713831152550e-01°)
5.49540873857630e+02	(0.00000000000000e+00dB,0.00000000000000e+00°)	(-3.83667916133757e-04dB,-7.71545396089483e-01°)
5.55904257270409e+02	(0.00000000000000e+00dB,0.00000000000000e+00°)	(-3.92604509796809e-04dB,-7.80479217133642e-01°)
5.62341325190355e+02	(0.00000000000000e+00dB,0.00000000000000e+00°)	(-4.01749254970923e-04dB,-7.89516478035022e-01°)
5.68852930843847e+02	(0.00000000000000e+00dB,0.00000000000000e+00°)	(-4.11106999732074e-04dB,-7.98658376259422e-01°)
5.75439937337163e+02	(0.00000000000000e+00dB,0.00000000000000e+00°)	(-4.20682705060989e-04dB,-8.07906123129152e-01°)
5.82103217770877e+02	(0.00000000000000e+00dB,0.00000000000000e+00°)	(-4.30481447464224e-04dB,-8.17260943970031e-01°)
5.88843655355595e+02	(0.00000000000000e+00dB,0.00000000000000e+00°)	(-4.40508421705282e-04dB,-8.26724078309155e-01°)
5.95662143529017e+02	(0.00000000000000e+00dB,0.00000000000000e+00°)	(-4.50768943479877e-04dB,-8.36296779980379e-01°)
6.02559586074364e+02	(0.00000000000000e+00dB,0.00000000000000e+00°)	(-4.61268452325653e-04dB,-8.45980317356883e-01°)
6.09536897240176e+02	(0.00000000000000e+00dB,0.00000000000000e+00°)	(-4.72012514432665e-04dB,-8.55775973462816e-01°)
6.16595001861489e+02	(0.00000000000000e+00dB,0.00000000000000e+00°)	(-4.83006825623706e-04dB,-8.65685046173871e-01°)
6.23734835482426e+02	(0.00000000000000e+00dB,0.00000000000000e+00°)	(-4.94257214352102e-04dB,-8.75708848370062e-01°)
6.30957344480200e+02	(0.00000000000000e+00dB,0.00000000000000e+00°)	(-5.05769644853925e-04dB,-8.85848708142448e-01°)
6.38263486190556e+02	(0.00000000000000e+00dB,0.00000000000000e+00°)	(-5.17550220218363e-04dB,-8.96105968928197e-01°)
6.45654229034662e+02	(0.00000000000000e+00dB,0.00000000000000e+00°)	(-5.29605185682917e-04dB,-9.06481989710727e-01°)
6.53130552647479e+02	(0.00000000000000e+00dB,0.00000000000000e+00°)	(-5.41940931921019e-04dB,-9.16978145192692e-01°)
6.60693448007603e+02	(0.00000000000000e+00dB,0.00000000000000e+00°)	(-5.54563998412731e-04dB,-9.27595825968853e-01°)
6.68343917568622e+02	(0.00000000000000e+00dB,0.00000000000000e+00°)	(-5.67481076961214e-04dB,-9.38336438736969e-01°)
6.76082975391989e+02	(0.00000000000000e+00dB,0.00000000000000e+00°)	(-5.80699015180426e-04dB,-9.49201406451329e-01°)
6.83911647281437e+02	(0.00000000000000e+00dB,0.00000000000000e+00°)	(-5.94224820166207e-04dB,-9.60192168538140e-01°)
6.91830970918944e+02	(0.00000000000000e+00dB,0.00000000000000e+00°)	(-6.08065662162729e-04dB,-9.71310181053552e-01°)
6.99841996002281e+02	(0.00000000000000e+00dB,0.00000000000000e+00°)	(-6.22228878429703e-04dB,-9.82556916914659e-01°)
7.07945784384146e+02	(0.00000000000000e+00dB,0.00000000000000e+00°)	(-6.36721977051920e-04dB,-9.93933866057218e-01°)
7.16143410212910e+02	(0.00000000000000e+00dB,0.00000000000000e+00°)	(-6.51552640976584e-04dB,-1.00544253565680e+00°)
7.24435960074998e+02	(0.00000000000000e+00dB,0.00000000000000e+00°)	(-6.66728732064352e-04dB,-1.01708445032119e+00°)
7.32824533138912e+02	(0.00000000000000e+00dB,0.00000000000000e+00°)	(-6.82258295240881e-04dB,-1.02886115228413e+00°)
7.41310241300926e+02	(0.00000000000000e+00dB,0.00000000000000e+00°)	(-6.98149562768201e-04dB,-1.04077420161331e+00°)
7.49894209332465e+02	(0.00000000000000e+00dB,0.00000000000000e+00°)	(-7.14410958623355e-04dB,-1.05282517642285e+00°)
7.58577575029193e+02	(0.00000000000000e+00dB,0.00000000000000e+00°)	(-7.31051102931307e-04dB,-1.06501567306815e+00°)
7.67361489361828e+02	(0.00000000000000e+00dB,0.00000000000000e+00°)	(-7.48078816557229e-04dB,-1.07734730637233e+00°)
7.76247116628701e+02	(0.00000000000000e+00dB,0.00000000000000e+00°)	(-7.65503125761751e-04dB,-1.08982170982228e+00°)
7.85235634610081e+02	(0.00000000000000e+00dB,0.00000000000000e+00°)	(-7.83333266985715e-04dB,-1.10244053579471e+00°)
7.94328234724291e+02	(0.00000000000000e+00dB,0.00000000000000e+00°)	(-8.01578691756758e-04dB,-1.11520545577238e+00°)
8.03526122185627e+02	(0.00000000000000e+00dB,0.00000000000000e+00°)	(-8.20249071680098e-04dB,-1.12811816056341e+00°)
8.12830516164109e+02	(0.00000000000000e+00dB,0.00000000000000e+00°)	(-8.39354303550202e-04dB,-1.14118036051546e+00°)
8.22242649947081e+02	(0.00000000000000e+00dB,0.00000000000000e+00°)	(-8.58904514647968e-04dB,-1.15439378576475e+00°)
8.31763771102681e+02	(0.00000000000000e+00dB,0.00000000000000e+00°)	(-8.78910068021858e-04dB,-1.16776018643071e+00°)
8.41395141645205e+02	(0.00000000000000e+00dB,0.00000000000000e+00°)	(-8.99381568051997e-04dB,-1.18128133287717e+00°)
8.51138038202387e+02	(0.00000000000000e+00dB,0.00000000000000e+00°)	(-9.20329866008861e-04dB,-1.19495901591928e+00°)
8.60993752184611e+02	(0.00000000000000e+00dB,0.00000000000000e+00°)	(-9.41766065866997e-04dB,-1.20879504709044e+00°)
8.70963589956091e+02	(0.00000000000000e+00dB,0.00000000000000e+00°)	(-9.63701530109520e-04dB,-1.22279125884553e+00°)
8.81048873008025e+02	(0.00000000000000e+00dB,0.00000000000000e+00°)	(-9.86147885797320e-04dB,-1.23694950482569e+00°)
8.91250938133757e+02	(0.00000000000000e+00dB,0.00000000000000e+00°)	(-1.00911703071396e-03dB,-1.25127166009743e+00°)
9.01571137605968e+02	(0.00000000000000e+00dB,0.00000000000000e+00°)	(-1.03262113965575e-03dB,-1.26575962139147e+00°)
9.12010839355921e+02	(0.00000000000000e+00dB,0.00000000000000e+00°)	(-1.05667267089299e-03dB,-1.28041530736022e+00°)
9.22571427154775e+02	(0.00000000000000e+00dB,0.00000000000000e+00°)	(-1.08128437276398e-03dB,-1.29524065883184e+00°)
9.33254300797003e+02	(0.00000000000000e+00dB,0.00000000000000e+00°)	(-1.10646929042285e-03dB,-1.31023763905435e+00°)
9.44060876285936e+02	(0.00000000000000e+00dB,0.00000000000000e+00°)	(-1.13224077273941e-03dB,-1.32540823396646e+00°)
9.54992586021448e+02	(0.00000000000000e+00dB,0.00000000000000e+00°)	(-1.15861247939069e-03dB,-1.34075445245051e+00°)
9.66050878989826e+02	(0.00000000000000e+00dB,0.00000000000000e+00°)	(-1.18559838806386e-03dB,-1.35627832659609e+00°)
9.77237220955823e+02	(0.00000000000000e+00dB,0.00000000000000e+00°)	(-1.21321280186062e-03dB,-1.37198191196659e+00°)
9.88553094656952e+02	(0.00000000000000e+00dB,0.00000000000000e+00°)	(-1.24147035693943e-03dB,-1.38786728789061e+00°)
1.00000000000001e+03	(0.00000000000000e+00dB,0.00000000000000e+00°)	(-1.27038603012963e-03dB,-1.40393655769261e+00°)
1.01157945425991e+03	(0.00000000000000e+00dB,0.00000000000000e+00°)	(-1.29997514699090e-03dB,-1.42019184900578e+00°)
1.02329299228077e+03	(0.00000000000000e+00dB,0.00000000000000e+00°)	(-1.33025338983307e-03dB,-1.43663531403201e+00°)
1.03514216667936e+03	(0.00000000000000e+00dB,0.00000000000000e+00°)	(-1.36123680609367e-03dB,-1.45326912983943e+00°)
1.04712854805091e+03	(0.00000000000000e+00dB,0.00000000000000e+00°)	(-1.39294181677994e-03dB,-1.47009549863256e+00°)
1.05925372517730e+03	(0.00000000000000e+00dB,0.00000000000000e+00°)	(-1.42538522516744e-03dB,-1.48711664804733e+00°)
1.07151930523762e+03	(0.00000000000000e+00dB,0.00000000000000e+00°)	(-1.45858422570315e-03dB,-1.50433483144076e+00°)
1.08392691402122e+03	(0.00000000000000e+00dB,0.00000000000000e+00°)	(-1.49255641313428e-03dB,-1.52175232819926e+00°)
1.09647819614320e+03	(0.00000000000000e+00dB,0.00000000000000e+00°)	(-1.52731979176936e-03dB,-1.53937144401925e+00°)
1.10917481526242e+03	(0.00000000000000e+00dB,0.00000000000000e+00°)	(-1.56289278503369e-03dB,-1.55719451121745e+00°)
1.12201845430198e+03	(0.00000000000000e+00dB,0.00000000000000e+00°)	(-1.59929424521782e-03dB,-1.57522388903738e+00°)
1.13501081567233e+03	(0.00000000000000e+00dB,0.00000000000000e+00°)	(-1.63654346346947e-03dB,-1.59346196395995e+00°)
1.14815362149690e+03	(0.00000000000000e+00dB,0.00000000000000e+00°)	(-1.67466017995543e-03dB,-1.61191115000554e+00°)
1.16144861384036e+03	(0.00000000000000e+00dB,0.00000000000000e+00°)	(-1.71366459437407e-03dB,-1.63057388906709e+00°)
1.17489755493955e+03	(0.00000000000000e+00dB,0.00000000000000e+00°)	(-1.75357737656851e-03dB,-1.64945265120922e+00°)
1.18850222743704e+03	(0.00000000000000e+00dB,0.00000000000000e+00°)	(-1.79441967752913e-03dB,-1.66854993500786e+00°)
1.20226443461743e+03	(0.00000000000000e+00dB,0.00000000000000e+00°)	(-1.83621314055571e-03dB,-1.68786826787170e+00°)
1.21618600064639e+03	(0.00000000000000e+00dB,0.00000000000000e+00°)	(-1.87897991269326e-03dB,-1.70741020636767e+00°)
1.23026877081240e+03	(0.00000000000000e+00dB,0.00000000000000e+00°)	(-1.92274265648013e-03dB,-1.72717833656140e+00°)
1.24451461177140e+03	(0.00000000000000e+00dB,0.00000000000000e+00°)	(-1.96752456189759e-03dB,-1.74717527434901e+00°)
1.25892541179419e+03	(0.00000000000000e+00dB,0.00000000000000e+00°)	(-2.01334935870025e-03dB,-1.76740366581024e+00°)
1.27350308101668e+03	(0.00000000000000e+00dB,0.00000000000000e+00°)	(-2.06024132887974e-03dB,-1.78786618753530e+00°)
1.28824955169315e+03	(0.00000000000000e+00dB,0.00000000000000e+00°)	(-2.10822531959051e-03dB,-1.80856554699286e+00°)
1.30316677845232e+03	(0.00000000000000e+00dB,0.00000000000000e+00°)	(-2.15732675625224e-03dB,-1.82950448287489e+00°)
1.31825673855643e+03	(0.00000000000000e+00dB,0.00000000000000e+00°)	(-2.20757165597302e-03dB,-1.85068576544368e+00°)
1.33352143216334e+03	(0.00000000000000e+00dB,0.00000000000000e+00°)	(-2.25898664134315e-03dB,-1.87211219691118e+00°)
1.34896288259167e+03	(0.00000000000000e+00dB,0.00000000000000e+00°)	(-2.31159895454695e-03dB,-1.89378661180064e+00°)
1.36458313658895e+03	(0.00000000000000e+00dB,0.00000000000000e+00°)	(-2.36543647164976e-03dB,-1.91571187729682e+00°)
1.38038426460291e+03	(0.00000000000000e+00dB,0.00000000000000e+00°)	(-2.42052771748666e-03dB,-1.93789089364747e+00°)
1.39636836105596e+03	(0.00000000000000e+00dB,0.00000000000000e+00°)	(-2.47690188061289e-03dB,-1.96032659451761e+00°)
1.41253754462278e+03	(0.00000000000000e+00dB,0.00000000000000e+00°)	(-2.53458882879641e-03dB,-1.98302194737990e+00°)
1.42889395851112e+03	(0.00000000000000e+00dB,0.00000000000000e+00°)	(-2.59361912483091e-03dB,-2.00597995390773e+00°)
1.44543977074595e+03	(0.00000000000000e+00dB,0.00000000000000e+00°)	(-2.65402404262803e-03dB,-2.02920365035036e+00°)
1.46217717445674e+03	(0.00000000000000e+00dB,0.00000000000000e+00°)	(-2.71583558378648e-03dB,-2.05269610793923e+00°)
1.47910838816823e+03	(0.00000000000000e+00dB,0.00000000000000e+00°)	(-2.77908649448321e-03dB,-2.07646043327785e+00°)
1.49623565609446e+03	(0.00000000000000e+00dB,0.00000000000000e+00°)	(-2.84381028283020e-03dB,-2.10049976875798e+00°)
1.51356124843623e+03	(0.00000000000000e+00dB,0.00000000000000e+00°)	(-2.91004123648710e-03dB,-2.12481729294655e+00°)
1.53108746168205e+03	(0.00000000000000e+00dB,0.00000000000000e+00°)	(-2.97781444087682e-03dB,-2.14941622102112e+00°)
1.54881661891251e+03	(0.00000000000000e+00dB,0.00000000000000e+00°)	(-3.04716579766317e-03dB,-2.17429980516951e+00°)
1.56675107010817e+03	(0.00000000000000e+00dB,0.00000000000000e+00°)	(-3.11813204372092e-03dB,-2.19947133501479e+00°)
1.58489319246114e+03	(0.00000000000000e+00dB,0.00000000000000e+00°)	(-3.19075077054862e-03dB,-2.22493413804259e+00°)
1.60324539069007e+03	(0.00000000000000e+00dB,0.00000000000000e+00°)	(-3.26506044417156e-03dB,-2.25069158003850e+00°)
1.62181009735896e+03	(0.00000000000000e+00dB,0.00000000000000e+00°)	(-3.34110042535370e-03dB,-2.27674706550536e+00°)
1.64058977319957e+03	(0.00000000000000e+00dB,0.00000000000000e+00°)	(-3.41891099048747e-03dB,-2.30310403812072e+00°)
1.65958690743759e+03	(0.00000000000000e+00dB,0.00000000000000e+00°)	(-3.49853335281323e-03dB,-2.32976598117419e+00°)
1.67880401812259e+03	(0.00000000000000e+00dB,0.00000000000000e+00°)	(-3.58000968418115e-03dB,-2.35673641801604e+00°)
1.69824365246177e+03	(0.00000000000000e+00dB,0.00000000000000e+00°)	(-3.66338313731312e-03dB,-2.38401891250947e+00°)
1.71790838715762e+03	(0.00000000000000e+00dB,0.00000000000000e+00°)	(-3.74869786860178e-03dB,-2.41161706949801e+00°)
1.73780082874940e+03	(0.00000000000000e+00dB,0.00000000000000e+00°)	(-3.83599906141314e-03dB,-2.43953453526356e+00°)
1.75792361395872e+03	(0.00000000000000e+00dB,0.00000000000000e+00°)	(-3.92533294991346e-03dB,-2.46777499799401e+00°)
1.77827941003895e+03	(0.00000000000000e+00dB,0.00000000000000e+00°)	(-4.01674684349584e-03dB,-2.49634218826354e+00°)
1.79887091512882e+03	(0.00000000000000e+00dB,0.00000000000000e+00°)	(-4.11028915172313e-03dB,-2.52523987950559e+00°)
1.81970085861001e+03	(0.00000000000000e+00dB,0.00000000000000e+00°)	(-4.20600940989635e-03dB,-2.55447188850628e+00°)
1.84077200146899e+03	(0.00000000000000e+00dB,0.00000000000000e+00°)	(-4.30395830515366e-03dB,-2.58404207588247e+00°)
1.86208713666290e+03	(0.00000000000000e+00dB,0.00000000000000e+00°)	(-4.40418770321787e-03dB,-2.61395434658398e+00°)
1.88364908948983e+03	(0.00000000000000e+00dB,0.00000000000000e+00°)	(-4.50675067578532e-03dB,-2.64421265039694e+00°)
1.90546071796328e+03	(0.00000000000000e+00dB,0.00000000000000e+00°)	(-4.61170152845611e-03dB,-2.67482098243855e+00°)
1.92752491319097e+03	(0.00000000000000e+00dB,0.00000000000000e+00°)	(-4.71909582941364e-03dB,-2.70578338367895e+00°)
1.94984459975808e+03	(0.00000000000000e+00dB,0.00000000000000e+00°)	(-4.82899043872860e-03dB,-2.73710394145512e+00°)
1.97242273611489e+03	(0.00000000000000e+00dB,0.00000000000000e+00°)	(-4.94144353828873e-03dB,-2.76878678998701e+00°)
1.99526231496891e+03	(0.00000000000000e+00dB,0.00000000000000e+00°)	(-5.05651466248139e-03dB,-2.80083611090775e+00°)
2.01836636368160e+03	(0.00000000000000e+00dB,0.00000000000000e+00°)	(-5.17426472961985e-03dB,-2.83325613380450e+00°)
2.04173794466956e+03	(0.00000000000000e+00dB,0.00000000000000e+00°)	(-5.29475607396524e-03dB,-2.86605113674305e+00°)
2.06538015581057e+03	(0.00000000000000e+00dB,0.00000000000000e+00°)	(-5.41805247863817e-03dB,-2.89922544682660e+00°)
2.08929613085408e+03	(0.00000000000000e+00dB,0.00000000000000e+00°)	(-5.54421920915330e-03dB,-2.93278344073080e+00°)
2.11348903983668e+03	(0.00000000000000e+00dB,0.00000000000000e+00°)	(-5.67332304787007e-03dB,-2.96672954527364e+00°)
2.13796208950227e+03	(0.00000000000000e+00dB,0.00000000000000e+00°)	(-5.80543232908500e-03dB,-3.00106823796598e+00°)
2.16271852372706e+03	(0.00000000000000e+00dB,0.00000000000000e+00°)	(-5.94061697506387e-03dB,-3.03580404758468e+00°)
2.18776162394959e+03	(0.00000000000000e+00dB,0.00000000000000e+00°)	(-6.07894853287429e-03dB,-3.07094155474840e+00°)
2.21309470960568e+03	(0.00000000000000e+00dB,0.00000000000000e+00°)	(-6.22050021195026e-03dB,-3.10648539248472e+00°)
2.23872113856838e+03	(0.00000000000000e+00dB,0.00000000000000e+00°)	(-6.36534692273391e-03dB,-3.14244024683045e+00°)
2.26464430759310e+03	(0.00000000000000e+00dB,0.00000000000000e+00°)	(-6.51356531602571e-03dB,-3.17881085741268e+00°)
2.29086765276781e+03	(0.00000000000000e+00dB,0.00000000000000e+00°)	(-6.66523382330575e-03dB,-3.21560201804607e+00°)
2.31739464996852e+03	(0.00000000000000e+00dB,0.00000000000000e+00°)	(-6.82043269804425e-03dB,-3.25281857734373e+00°)
2.34422881531996e+03	(0.00000000000000e+00dB,0.00000000000000e+00°)	(-6.97924405786444e-03dB,-3.29046543931857e+00°)
2.37137370566170e+03	(0.00000000000000e+00dB,0.00000000000000e+00°)	(-7.14175192772479e-03dB,-3.32854756400351e+00°)
2.39883291901953e+03	(0.00000000000000e+00dB,0.00000000000000e+00°)	(-7.30804228408510e-03dB,-3.36706996806807e+00°)
2.42661009508246e+03	(0.00000000000000e+00dB,0.00000000000000e+00°)	(-7.47820310012510e-03dB,-3.40603772545331e+00°)
2.45470891568508e+03	(0.00000000000000e+00dB,0.00000000000000e+00°)	(-7.65232439196673e-03dB,-3.44545596800360e+00°)
2.48313310529562e+03	(0.00000000000000e+00dB,0.00000000000000e+00°)	(-7.83049826591658e-03dB,-3.48532988610123e+00°)
2.51188643150963e+03	(0.00000000000000e+00dB,0.00000000000000e+00°)	(-8.01281896694056e-03dB,-3.52566472932588e+00°)
2.54097270554935e+03	(0.00000000000000e+00dB,0.00000000000000e+00°)	(-8.19938292805723e-03dB,-3.56646580709430e+00°)
2.57039578276891e+03	(0.00000000000000e+00dB,0.00000000000000e+00°)	(-8.39028882102116e-03dB,-3.60773848932870e+00°)
2.60015956316532e+03	(0.00000000000000e+00dB,0.00000000000000e+00°)	(-8.58563760813850e-03dB,-3.64948820712220e+00°)
2.63026799189543e+03	(0.00000000000000e+00dB,0.00000000000000e+00°)	(-8.78553259520479e-03dB,-3.69172045341118e+00°)
2.66072505979886e+03	(0.00000000000000e+00dB,0.00000000000000e+00°)	(-8.99007948572886e-03dB,-3.73444078365282e+00°)
2.69153480392697e+03	(0.00000000000000e+00dB,0.00000000000000e+00°)	(-9.19938643636928e-03dB,-3.77765481651124e+00°)
2.72270130807796e+03	(0.00000000000000e+00dB,0.00000000000000e+00°)	(-9.41356411367023e-03dB,-3.82136823455434e+00°)
2.75422870333822e+03	(0.00000000000000e+00dB,0.00000000000000e+00°)	(-9.63272575205998e-03dB,-3.86558678494826e+00°)
2.78612116862982e+03	(0.00000000000000e+00dB,0.00000000000000e+00°)	(-9.85698721321057e-03dB,-3.91031628016497e+00°)
2.81838293126451e+03	(0.00000000000000e+00dB,0.00000000000000e+00°)	(-1.00864670467629e-02dB,-3.95556259869733e+00°)
2.85101826750396e+03	(0.00000000000000e+00dB,0.00000000000000e+00°)	(-1.03212865523824e-02dB,-4.00133168577336e+00°)
2.88403150312666e+03	(0.00000000000000e+00dB,0.00000000000000e+00°)	(-1.05615698433498e-02dB,-4.04762955408803e+00°)
2.91742701400122e+03	(0.00000000000000e+00dB,0.00000000000000e+00°)	(-1.08074439114875e-02dB,-4.09446228453275e+00°)
2.95120922666644e+03	(0.00000000000000e+00dB,0.00000000000000e+00°)	(-1.10590386936386e-02dB,-4.14183602693444e+00°)
2.98538261891802e+03	(0.00000000000000e+00dB,0.00000000000000e+00°)	(-1.13164871396752e-02dB,-4.18975700080626e+00°)
3.01995172040208e+03	(0.00000000000000e+00dB,0.00000000000000e+00°)	(-1.15799252820124e-02dB,-4.23823149609670e+00°)
3.05492111321557e+03	(0.00000000000000e+00dB,0.00000000000000e+00°)	(-1.18494923067709e-02dB,-4.28726587395278e+00°)
3.09029543251365e+03	(0.00000000000000e+00dB,0.00000000000000e+00°)	(-1.21253306265091e-02dB,-4.33686656748536e+00°)
3.12607936712402e+03	(0.00000000000000e+00dB,0.00000000000000e+00°)	(-1.24075859546310e-02dB,-4.38704008254181e+00°)
3.16227766016844e+03	(0.00000000000000e+00dB,0.00000000000000e+00°)	(-1.26964073815607e-02dB,-4.43779299849254e+00°)
3.19889510969146e+03	(0.00000000000000e+00dB,0.00000000000000e+00°)	(-1.29919474525409e-02dB,-4.48913196901351e+00°)
3.23593656929635e+03	(0.00000000000000e+00dB,0.00000000000000e+00°)	(-1.32943622472768e-02dB,-4.54106372288093e+00°)
3.27340694878845e+03	(0.00000000000000e+00dB,0.00000000000000e+00°)	(-1.36038114614202e-02dB,-4.59359506477828e+00°)
3.31131121482598e+03	(0.00000000000000e+00dB,0.00000000000000e+00°)	(-1.39204584898016e-02dB,-4.64673287609740e+00°)
3.34965439157834e+03	(0.00000000000000e+00dB,0.00000000000000e+00°)	(-1.42444705117057e-02dB,-4.70048411575986e+00°)
3.38844156139209e+03	(0.00000000000000e+00dB,0.00000000000000e+00°)	(-1.45760185779450e-02dB,-4.75485582103649e+00°)
3.42767786546457e+03	(0.00000000000000e+00dB,0.00000000000000e+00°)	(-1.49152777000274e-02dB,-4.80985510837801e+00°)
3.46736850452539e+03	(0.00000000000000e+00dB,0.00000000000000e+00°)	(-1.52624269412697e-02dB,-4.86548917424930e+00°)
3.50751873952575e+03	(0.00000000000000e+00dB,0.00000000000000e+00°)	(-1.56176495100522e-02dB,-4.92176529597548e+00°)
3.54813389233583e+03	(0.00000000000000e+00dB,0.00000000000000e+00°)	(-1.59811328550999e-02dB,-4.97869083258830e+00°)
3.58921934645013e+03	(0.00000000000000e+00dB,0.00000000000000e+00°)	(-1.63530687630246e-02dB,-5.03627322568462e+00°)
3.63078054770109e+03	(0.00000000000000e+00dB,0.00000000000000e+00°)	(-1.67336534580241e-02dB,-5.09452000029042e+00°)
3.67282300498092e+03	(0.00000000000000e+00dB,0.00000000000000e+00°)	(-1.71230877038568e-02dB,-5.15343876573144e+00°)
3.71535229097180e+03	(0.00000000000000e+00dB,0.00000000000000e+00°)	(-1.75215769080804e-02dB,-5.21303721650593e+00°)
3.75837404288452e+03	(0.00000000000000e+00dB,0.00000000000000e+00°)	(-1.79293312287448e-02dB,-5.27332313317463e+00°)
3.80189396320569e+03	(0.00000000000000e+00dB,0.00000000000000e+00°)	(-1.83465656834262e-02dB,-5.33430438324767e+00°)
3.84591782045362e+03	(0.00000000000000e+00dB,0.00000000000000e+00°)	(-1.87735002607147e-02dB,-5.39598892208034e+00°)
3.89045144994289e+03	(0.00000000000000e+00dB,0.00000000000000e+00°)	(-1.92103600343160e-02dB,-5.45838479378202e+00°)
3.93550075455786e+03	(0.00000000000000e+00dB,0.00000000000000e+00°)	(-1.96573752795836e-02dB,-5.52150013211970e+00°)
3.98107170553506e+03	(0.00000000000000e+00dB,0.00000000000000e+00°)	(-2.01147815927977e-02dB,-5.58534316143780e+00°)
4.02717034325468e+03	(0.00000000000000e+00dB,0.00000000000000e+00°)	(-2.05828200131100e-02dB,-5.64992219758283e+00°)
4.07380277804121e+03	(0.00000000000000e+00dB,0.00000000000000e+00°)	(-2.10617371471894e-02dB,-5.71524564882938e+00°)
4.12097519097339e+03	(0.00000000000000e+00dB,0.00000000000000e+00°)	(-2.15517852967074e-02dB,-5.78132201681779e+00°)
4.16869383470344e+03	(0.00000000000000e+00dB,0.00000000000000e+00°)	(-2.20532225886818e-02dB,-5.84815989749422e+00°)
4.21696503428591e+03	(0.00000000000000e+00dB,0.00000000000000e+00°)	(-2.25663131087502e-02dB,-5.91576798205971e+00°)
4.26579518801602e+03	(0.00000000000000e+00dB,0.00000000000000e+00°)	(-2.30913270374329e-02dB,-5.98415505792322e+00°)
4.31519076827775e+03	(0.00000000000000e+00dB,0.00000000000000e+00°)	(-2.36285407894571e-02dB,-6.05333000966080e+00°)
4.36515832240175e+03	(0.00000000000000e+00dB,0.00000000000000e+00°)	(-2.41782371561982e-02dB,-6.12330181998338e+00°)
4.41570447353322e+03	(0.00000000000000e+00dB,0.00000000000000e+00°)	(-2.47407054513072e-02dB,-6.19407957070491e+00°)
4.46683592150973e+03	(0.00000000000000e+00dB,0.00000000000000e+00°)	(-2.53162416595645e-02dB,-6.26567244371787e+00°)
4.51855944374932e+03	(0.00000000000000e+00dB,0.00000000000000e+00°)	(-2.59051485891454e-02dB,-6.33808972197951e+00°)
4.57088189614885e+03	(0.00000000000000e+00dB,0.00000000000000e+00°)	(-2.65077360271796e-02dB,-6.41134079049531e+00°)
4.62381021399271e+03	(0.00000000000000e+00dB,0.00000000000000e+00°)	(-2.71243208988774e-02dB,-6.48543513731288e+00°)
4.67735141287209e+03	(0.00000000000000e+00dB,0.00000000000000e+00°)	(-2.77552274300790e-02dB,-6.56038235451800e+00°)
4.73151258961491e+03	(0.00000000000000e+00dB,0.00000000000000e+00°)	(-2.84007873135623e-02dB,-6.63619213923772e+00°)
4.78630092322649e+03	(0.00000000000000e+00dB,0.00000000000000e+00°)	(-2.90613398789262e-02dB,-6.71287429464612e+00°)
4.84172367584110e+03	(0.00000000000000e+00dB,0.00000000000000e+00°)	(-2.97372322662779e-02dB,-6.79043873097298e+00°)
4.89778819368457e+03	(0.00000000000000e+00dB,0.00000000000000e+00°)	(-3.04288196038700e-02dB,-6.86889546652596e+00°)
4.95450190804801e+03	(0.00000000000000e+00dB,0.00000000000000e+00°)	(-3.11364651894655e-02dB,-6.94825462870058e+00°)
5.01187233627284e+03	(0.00000000000000e+00dB,0.00000000000000e+00°)	(-3.18605406759162e-02dB,-7.02852645500887e+00°)
5.06990708274716e+03	(0.00000000000000e+00dB,0.00000000000000e+00°)	(-3.26014262607455e-02dB,-7.10972129410580e+00°)
5.12861383991376e+03	(0.00000000000000e+00dB,0.00000000000000e+00°)	(-3.33595108798783e-02dB,-7.19184960681606e+00°)
5.18800038928973e+03	(0.00000000000000e+00dB,0.00000000000000e+00°)	(-3.41351924057239e-02dB,-7.27492196716833e+00°)
5.24807460249785e+03	(0.00000000000000e+00dB,0.00000000000000e+00°)	(-3.49288778495649e-02dB,-7.35894906343235e+00°)
5.30884444231001e+03	(0.00000000000000e+00dB,0.00000000000000e+00°)	(-3.57409835683912e-02dB,-7.44394169915431e+00°)
5.37031796370265e+03	(0.00000000000000e+00dB,0.00000000000000e+00°)	(-3.65719354762919e-02dB,-7.52991079419933e+00°)
5.43250331492446e+03	(0.00000000000000e+00dB,0.00000000000000e+00°)	(-3.74221692604801e-02dB,-7.61686738579361e+00°)
5.49540873857637e+03	(0.00000000000000e+00dB,0.00000000000000e+00°)	(-3.82921306019721e-02dB,-7.70482262956594e+00°)
5.55904257270416e+03	(0.00000000000000e+00dB,0.00000000000000e+00°)	(-3.91822754012110e-02dB,-7.79378780059583e+00°)
5.62341325190362e+03	(0.00000000000000e+00dB,0.00000000000000e+00°)	(-4.00930700085112e-02dB,-7.88377429445936e+00°)
5.68852930843855e+03	(0.00000000000000e+00dB,0.00000000000000e+00°)	(-4.10249914595121e-02dB,-7.97479362827204e+00°)
5.75439937337170e+03	(0.00000000000000e+00dB,0.00000000000000e+00°)	(-4.19785277158256e-02dB,-8.06685744174004e+00°)
5.82103217770885e+03	(0.00000000000000e+00dB,0.00000000000000e+00°)	(-4.29541779108460e-02dB,-8.15997749820459e+00°)
5.88843655355603e+03	(0.00000000000000e+00dB,0.00000000000000e+00°)	(-4.39524526008703e-02dB,-8.25416568568713e+00°)
5.95662143529025e+03	(0.00000000000000e+00dB,0.00000000000000e+00°)	(-4.49738740216915e-02dB,-8.34943401793528e+00°)
6.02559586074372e+03	(0.00000000000000e+00dB,0.00000000000000e+00°)	(-4.60189763507081e-02dB,-8.44579463546638e+00°)
6.09536897240184e+03	(0.00000000000000e+00dB,0.00000000000000e+00°)	(-4.70883059746685e-02dB,-8.54325980660744e+00°)
6.16595001861497e+03	(0.00000000000000e+00dB,0.00000000000000e+00°)	(-4.81824217631354e-02dB,-8.64184192853338e+00°)
6.23734835482434e+03	(0.00000000000000e+00dB,0.00000000000000e+00°)	(-4.93018953479143e-02dB,-8.74155352830428e+00°)
6.30957344480208e+03	(0.00000000000000e+00dB,0.00000000000000e+00°)	(-5.04473114083303e-02dB,-8.84240726389560e+00°)
6.38263486190564e+03	(0.00000000000000e+00dB,0.00000000000000e+00°)	(-5.16192679627299e-02dB,-8.94441592522772e+00°)
6.45654229034671e+03	(0.00000000000000e+00dB,0.00000000000000e+00°)	(-5.28183766660599e-02dB,-9.04759243518686e+00°)
6.53130552647488e+03	(0.00000000000000e+00dB,0.00000000000000e+00°)	(-5.40452631138988e-02dB,-9.15194985064483e+00°)
6.60693448007612e+03	(0.00000000000000e+00dB,0.00000000000000e+00°)	(-5.53005671528261e-02dB,-9.25750136346972e+00°)
6.68343917568631e+03	(0.00000000000000e+00dB,0.00000000000000e+00°)	(-5.65849431974433e-02dB,-9.36426030153110e+00°)
6.76082975391998e+03	(0.00000000000000e+00dB,0.00000000000000e+00°)	(-5.78990605540211e-02dB,-9.47224012969752e+00°)
6.83911647281446e+03	(0.00000000000000e+00dB,0.00000000000000e+00°)	(-5.92436037509936e-02dB,-9.58145445082650e+00°)
6.91830970918953e+03	(0.00000000000000e+00dB,0.00000000000000e+00°)	(-6.06192728764206e-02dB,-9.69191700674601e+00°)
6.99841996002291e+03	(0.00000000000000e+00dB,0.00000000000000e+00°)	(-6.20267839224424e-02dB,-9.80364167922541e+00°)
7.07945784384155e+03	(0.00000000000000e+00dB,0.00000000000000e+00°)	(-6.34668691369822e-02dB,-9.91664249093600e+00°)
7.16143410212920e+03	(0.00000000000000e+00dB,0.00000000000000e+00°)	(-6.49402773827654e-02dB,-1.00309336064017e+01°)
7.24435960075008e+03	(0.00000000000000e+00dB,0.00000000000000e+00°)	(-6.64477745037572e-02dB,-1.01465293329355e+01°)
7.32824533138922e+03	(0.00000000000000e+00dB,0.00000000000000e+00°)	(-6.79901436992760e-02dB,-1.02634441215663e+01°)
7.41310241300936e+03	(0.00000000000000e+00dB,0.00000000000000e+00°)	(-6.95681859057088e-02dB,-1.03816925679487e+01°)
7.49894209332474e+03	(0.00000000000000e+00dB,0.00000000000000e+00°)	(-7.11827201861858e-02dB,-1.05012894132594e+01°)
7.58577575029203e+03	(0.00000000000000e+00dB,0.00000000000000e+00°)	(-7.28345841281423e-02dB,-1.06222495450760e+01°)
7.67361489361838e+03	(0.00000000000000e+00dB,0.00000000000000e+00°)	(-7.45246342491349e-02dB,-1.07445879982437e+01°)
7.76247116628711e+03	(0.00000000000000e+00dB,0.00000000000000e+00°)	(-7.62537464107895e-02dB,-1.08683199557170e+01°)
7.85235634610092e+03	(0.00000000000000e+00dB,0.00000000000000e+00°)	(-7.80228162412652e-02dB,-1.09934607493894e+01°)
7.94328234724302e+03	(0.00000000000000e+00dB,0.00000000000000e+00°)	(-7.98327595661661e-02dB,-1.11200258608969e+01°)
8.03526122185638e+03	(0.00000000000000e+00dB,0.00000000000000e+00°)	(-8.16845128482123e-02dB,-1.12480309224048e+01°)
8.12830516164120e+03	(0.00000000000000e+00dB,0.00000000000000e+00°)	(-8.35790336356724e-02dB,-1.13774917173679e+01°)
8.22242649947092e+03	(0.00000000000000e+00dB,0.00000000000000e+00°)	(-8.55173010198101e-02dB,-1.15084241812701e+01°)
8.31763771102692e+03	(0.00000000000000e+00dB,0.00000000000000e+00°)	(-8.75003161013687e-02dB,-1.16408444023354e+01°)
8.41395141645217e+03	(0.00000000000000e+00dB,0.00000000000000e+00°)	(-8.95291024664303e-02dB,-1.17747686222175e+01°)
8.51138038202398e+03	(0.00000000000000e+00dB,0.00000000000000e+00°)	(-9.16047066714618e-02dB,-1.19102132366524e+01°)
8.60993752184623e+03	(0.00000000000000e+00dB,0.00000000000000e+00°)	(-9.37281987381315e-02dB,-1.20471947960925e+01°)
8.70963589956103e+03	(0.00000000000000e+00dB,0.00000000000000e+00°)	(-9.59006726575880e-02dB,-1.21857300063002e+01°)
8.81048873008037e+03	(0.00000000000000e+00dB,0.00000000000000e+00°)	(-9.81232469047079e-02dB,-1.23258357289151e+01°)
8.91250938133769e+03	(0.00000000000000e+00dB,0.00000000000000e+00°)	(-1.00397064962152e-01dB,-1.24675289819807e+01°)
9.01571137605980e+03	(0.00000000000000e+00dB,0.00000000000000e+00°)	(-1.02723295854715e-01dB,-1.26108269404438e+01°)
9.12010839355933e+03	(0.00000000000000e+00dB,0.00000000000000e+00°)	(-1.05103134693687e-01dB,-1.27557469366068e+01°)
9.22571427154787e+03	(0.00000000000000e+00dB,0.00000000000000e+00°)	(-1.07537803231814e-01dB,-1.29023064605479e+01°)
9.33254300797015e+03	(0.00000000000000e+00dB,0.00000000000000e+00°)	(-1.10028550428564e-01dB,-1.30505231604943e+01°)
9.44060876285948e+03	(0.00000000000000e+00dB,0.00000000000000e+00°)	(-1.12576653026228e-01dB,-1.32004148431567e+01°)
9.54992586021461e+03	(0.00000000000000e+00dB,0.00000000000000e+00°)	(-1.15183416136669e-01dB,-1.33519994740152e+01°)
9.66050878989839e+03	(0.00000000000000e+00dB,0.00000000000000e+00°)	(-1.17850173839085e-01dB,-1.35052951775589e+01°)
9.77237220955837e+03	(0.00000000000000e+00dB,0.00000000000000e+00°)	(-1.20578289788779e-01dB,-1.36603202374772e+01°)
9.88553094656965e+03	(0.00000000000000e+00dB,0.00000000000000e+00°)	(-1.23369157837105e-01dB,-1.38170930967964e+01°)
1.00000000000003e+04	(0.00000000000000e+00dB,0.00000000000000e+00°)	(-1.26224202662782e-01dB,-1.39756323579673e+01°)
1.01157945425993e+04	(0.00000000000000e+00dB,0.00000000000000e+00°)	(-1.29144880414574e-01dB,-1.41359567828913e+01°)
1.02329299228078e+04	(0.00000000000000e+00dB,0.00000000000000e+00°)	(-1.32132679365506e-01dB,-1.42980852928897e+01°)
1.03514216667937e+04	(0.00000000000000e+00dB,0.00000000000000e+00°)	(-1.35189120578889e-01dB,-1.44620369686151e+01°)
1.04712854805093e+04	(0.00000000000000e+00dB,0.00000000000000e+00°)	(-1.38315758585972e-01dB,-1.46278310498941e+01°)
1.05925372517732e+04	(0.00000000000000e+00dB,0.00000000000000e+00°)	(-1.41514182075577e-01dB,-1.47954869355071e+01°)
1.07151930523764e+04	(0.00000000000000e+00dB,0.00000000000000e+00°)	(-1.44786014595687e-01dB,-1.49650241828973e+01°)
1.08392691402123e+04	(0.00000000000000e+00dB,0.00000000000000e+00°)	(-1.48132915267188e-01dB,-1.51364625078094e+01°)
1.09647819614321e+04	(0.00000000000000e+00dB,0.00000000000000e+00°)	(-1.51556579509800e-01dB,-1.53098217838531e+01°)
1.10917481526243e+04	(0.00000000000000e+00dB,0.00000000000000e+00°)	(-1.55058739780201e-01dB,-1.54851220419880e+01°)
1.12201845430199e+04	(0.00000000000000e+00dB,0.00000000000000e+00°)	(-1.58641166322677e-01dB,-1.56623834699299e+01°)
1.13501081567235e+04	(0.00000000000000e+00dB,0.00000000000000e+00°)	(-1.62305667932103e-01dB,-1.58416264114725e+01°)
1.14815362149691e+04	(0.00000000000000e+00dB,0.00000000000000e+00°)	(-1.66054092729451e-01dB,-1.60228713657202e+01°)
1.16144861384037e+04	(0.00000000000000e+00dB,0.00000000000000e+00°)	(-1.69888328949906e-01dB,-1.62061389862336e+01°)
1.17489755493956e+04	(0.00000000000000e+00dB,0.00000000000000e+00°)	(-1.73810305743651e-01dB,-1.63914500800811e+01°)
1.18850222743705e+04	(0.00000000000000e+00dB,0.00000000000000e+00°)	(-1.77821993989245e-01dB,-1.65788256067909e+01°)
1.20226443461745e+04	(0.00000000000000e+00dB,0.00000000000000e+00°)	(-1.81925407119758e-01dB,-1.67682866772045e+01°)
1.21618600064640e+04	(0.00000000000000e+00dB,0.00000000000000e+00°)	(-1.86122601961678e-01dB,-1.69598545522258e+01°)
1.23026877081242e+04	(0.00000000000000e+00dB,0.00000000000000e+00°)	(-1.90415679586491e-01dB,-1.71535506414598e+01°)
1.24451461177142e+04	(0.00000000000000e+00dB,0.00000000000000e+00°)	(-1.94806786175156e-01dB,-1.73493965017432e+01°)
1.25892541179420e+04	(0.00000000000000e+00dB,0.00000000000000e+00°)	(-1.99298113895189e-01dB,-1.75474138355551e+01°)
1.27350308101670e+04	(0.00000000000000e+00dB,0.00000000000000e+00°)	(-2.03891901790570e-01dB,-1.77476244893093e+01°)
1.28824955169317e+04	(0.00000000000000e+00dB,0.00000000000000e+00°)	(-2.08590436684399e-01dB,-1.79500504515239e+01°)
1.30316677845234e+04	(0.00000000000000e+00dB,0.00000000000000e+00°)	(-2.13396054094022e-01dB,-1.81547138508582e+01°)
1.31825673855644e+04	(0.00000000000000e+00dB,0.00000000000000e+00°)	(-2.18311139159043e-01dB,-1.83616369540223e+01°)
1.33352143216336e+04	(0.00000000000000e+00dB,0.00000000000000e+00°)	(-2.23338127581551e-01dB,-1.85708421635434e+01°)
1.34896288259169e+04	(0.00000000000000e+00dB,0.00000000000000e+00°)	(-2.28479506579032e-01dB,-1.87823520153953e+01°)
1.36458313658896e+04	(0.00000000000000e+00dB,0.00000000000000e+00°)	(-2.33737815849403e-01dB,-1.89961891764772e+01°)
1.38038426460292e+04	(0.00000000000000e+00dB,0.00000000000000e+00°)	(-2.39115648548397e-01dB,-1.92123764419440e+01°)
1.39636836105598e+04	(0.00000000000000e+00dB,0.00000000000000e+00°)	(-2.44615652278821e-01dB,-1.94309367323771e+01°)
1.41253754462279e+04	(0.00000000000000e+00dB,0.00000000000000e+00°)	(-2.50240530091913e-01dB,-1.96518930907983e+01°)
1.42889395851114e+04	(0.00000000000000e+00dB,0.00000000000000e+00°)	(-2.55993041500085e-01dB,-1.98752686795106e+01°)
1.44543977074597e+04	(0.00000000000000e+00dB,0.00000000000000e+00°)	(-2.61876003501456e-01dB,-2.01010867767746e+01°)
1.46217717445676e+04	(0.00000000000000e+00dB,0.00000000000000e+00°)	(-2.67892291615375e-01dB,-2.03293707733016e+01°)
1.47910838816825e+04	(0.00000000000000e+00dB,0.00000000000000e+00°)	(-2.74044840929057e-01dB,-2.05601441685672e+01°)
1.49623565609448e+04	(0.00000000000000e+00dB,0.00000000000000e+00°)	(-2.80336647154884e-01dB,-2.07934305669368e+01°)
1.51356124843625e+04	(0.00000000000000e+00dB,0.00000000000000e+00°)	(-2.86770767698078e-01dB,-2.10292536735960e+01°)
1.53108746168207e+04	(0.00000000000000e+00dB,0.00000000000000e+00°)	(-2.93350322734415e-01dB,-2.12676372902821e+01°)
1.54881661891253e+04	(0.00000000000000e+00dB,0.00000000000000e+00°)	(-3.00078496297614e-01dB,-2.15086053108101e+01°)
1.56675107010819e+04	(0.00000000000000e+00dB,0.00000000000000e+00°)	(-3.06958537376053e-01dB,-2.17521817163879e+01°)
1.58489319246116e+04	(0.00000000000000e+00dB,0.00000000000000e+00°)	(-3.13993761018246e-01dB,-2.19983905707135e+01°)
1.60324539069009e+04	(0.00000000000000e+00dB,0.00000000000000e+00°)	(-3.21187549446769e-01dB,-2.22472560148487e+01°)
1.62181009735898e+04	(0.00000000000000e+00dB,0.00000000000000e+00°)	(-3.28543353180005e-01dB,-2.24988022618629e+01°)
1.64058977319959e+04	(0.00000000000000e+00dB,0.00000000000000e+00°)	(-3.36064692161306e-01dB,-2.27530535912416e+01°)
1.65958690743761e+04	(0.00000000000000e+00dB,0.00000000000000e+00°)	(-3.43755156894860e-01dB,-2.30100343430517e+01°)
1.67880401812261e+04	(0.00000000000000e+00dB,0.00000000000000e+00°)	(-3.51618409587776e-01dB,-2.32697689118585e+01°)
1.69824365246179e+04	(0.00000000000000e+00dB,0.00000000000000e+00°)	(-3.59658185297595e-01dB,-2.35322817403857e+01°)
1.71790838715764e+04	(0.00000000000000e+00dB,0.00000000000000e+00°)	(-3.67878293084754e-01dB,-2.37975973129166e+01°)
1.73780082874943e+04	(0.00000000000000e+00dB,0.00000000000000e+00°)	(-3.76282617168923e-01dB,-2.40657401484225e+01°)
1.75792361395875e+04	(0.00000000000000e+00dB,0.00000000000000e+00°)	(-3.84875118088833e-01dB,-2.43367347934187e+01°)
1.77827941003898e+04	(0.00000000000000e+00dB,0.00000000000000e+00°)	(-3.93659833864416e-01dB,-2.46106058145371e+01°)
1.79887091512884e+04	(0.00000000000000e+00dB,0.00000000000000e+00°)	(-4.02640881160594e-01dB,-2.48873777908094e+01°)
1.81970085861004e+04	(0.00000000000000e+00dB,0.00000000000000e+00°)	(-4.11822456451723e-01dB,-2.51670753056563e+01°)
1.84077200146901e+04	(0.00000000000000e+00dB,0.00000000000000e+00°)	(-4.21208837185623e-01dB,-2.54497229385712e+01°)
1.86208713666292e+04	(0.00000000000000e+00dB,0.00000000000000e+00°)	(-4.30804382946347e-01dB,-2.57353452564970e+01°)
1.88364908948986e+04	(0.00000000000000e+00dB,0.00000000000000e+00°)	(-4.40613536614371e-01dB,-2.60239668048844e+01°)
1.90546071796331e+04	(0.00000000000000e+00dB,0.00000000000000e+00°)	(-4.50640825523285e-01dB,-2.63156120984286e+01°)
1.92752491319099e+04	(0.00000000000000e+00dB,0.00000000000000e+00°)	(-4.60890862611566e-01dB,-2.66103056114747e+01°)
1.94984459975810e+04	(0.00000000000000e+00dB,0.00000000000000e+00°)	(-4.71368347568331e-01dB,-2.69080717680868e+01°)
1.97242273611491e+04	(0.00000000000000e+00dB,0.00000000000000e+00°)	(-4.82078067971591e-01dB,-2.72089349317723e+01°)
1.99526231496894e+04	(0.00000000000000e+00dB,0.00000000000000e+00°)	(-4.93024900417817e-01dB,-2.75129193948585e+01°)
2.01836636368162e+04	(0.00000000000000e+00dB,0.00000000000000e+00°)	(-5.04213811641086e-01dB,-2.78200493675089e+01°)
2.04173794466959e+04	(0.00000000000000e+00dB,0.00000000000000e+00°)	(-5.15649859620497e-01dB,-2.81303489663778e+01°)
2.06538015581059e+04	(0.00000000000000e+00dB,0.00000000000000e+00°)	(-5.27338194674167e-01dB,-2.84438422028953e+01°)
2.08929613085410e+04	(0.00000000000000e+00dB,0.00000000000000e+00°)	(-5.39284060538179e-01dB,-2.87605529711752e+01°)
2.11348903983671e+04	(0.00000000000000e+00dB,0.00000000000000e+00°)	(-5.51492795428648e-01dB,-2.90805050355405e+01°)
2.13796208950230e+04	(0.00000000000000e+00dB,0.00000000000000e+00°)	(-5.63969833085233e-01dB,-2.94037220176619e+01°)
2.16271852372709e+04	(0.00000000000000e+00dB,0.00000000000000e+00°)	(-5.76720703794075e-01dB,-2.97302273833005e+01°)
2.18776162394962e+04	(0.00000000000000e+00dB,0.00000000000000e+00°)	(-5.89751035388297e-01dB,-3.00600444286527e+01°)
2.21309470960571e+04	(0.00000000000000e+00dB,0.00000000000000e+00°)	(-6.03066554223896e-01dB,-3.03931962662882e+01°)
2.23872113856841e+04	(0.00000000000000e+00dB,0.00000000000000e+00°)	(-6.16673086129096e-01dB,-3.07297058106802e+01°)
2.26464430759313e+04	(0.00000000000000e+00dB,0.00000000000000e+00°)	(-6.30576557324736e-01dB,-3.10695957633196e+01°)
2.29086765276784e+04	(0.00000000000000e+00dB,0.00000000000000e+00°)	(-6.44782995313531e-01dB,-3.14128885974091e+01°)
2.31739464996855e+04	(0.00000000000000e+00dB,0.00000000000000e+00°)	(-6.59298529735923e-01dB,-3.17596065421369e+01°)
2.34422881532000e+04	(0.00000000000000e+00dB,0.00000000000000e+00°)	(-6.74129393189828e-01dB,-3.21097715665205e+01°)
2.37137370566173e+04	(0.00000000000000e+00dB,0.00000000000000e+00°)	(-6.89281922011993e-01dB,-3.24634053628214e+01°)
2.39883291901957e+04	(0.00000000000000e+00dB,0.00000000000000e+00°)	(-7.04762557018208e-01dB,-3.28205293295270e+01°)
2.42661009508249e+04	(0.00000000000000e+00dB,0.00000000000000e+00°)	(-7.20577844199696e-01dB,-3.31811645538957e+01°)
2.45470891568511e+04	(0.00000000000000e+00dB,0.00000000000000e+00°)	(-7.36734435372968e-01dB,-3.35453317940655e+01°)
2.48313310529565e+04	(0.00000000000000e+00dB,0.00000000000000e+00°)	(-7.53239088780140e-01dB,-3.39130514607233e+01°)
2.51188643150966e+04	(0.00000000000000e+00dB,0.00000000000000e+00°)	(-7.70098669636924e-01dB,-3.42843435983341e+01°)
2.54097270554939e+04	(0.00000000000000e+00dB,0.00000000000000e+00°)	(-7.87320150625079e-01dB,-3.46592278659310e+01°)
2.57039578276895e+04	(0.00000000000000e+00dB,0.00000000000000e+00°)	(-8.04910612326442e-01dB,-3.50377235174653e+01°)
2.60015956316536e+04	(0.00000000000000e+00dB,0.00000000000000e+00°)	(-8.22877243595058e-01dB,-3.54198493817181e+01°)
2.63026799189547e+04	(0.00000000000000e+00dB,0.00000000000000e+00°)	(-8.41227341864423e-01dB,-3.58056238417765e+01°)
2.66072505979890e+04	(0.00000000000000e+00dB,0.00000000000000e+00°)	(-8.59968313386272e-01dB,-3.61950648140753e+01°)
2.69153480392700e+04	(0.00000000000000e+00dB,0.00000000000000e+00°)	(-8.79107673397614e-01dB,-3.65881897270088e+01°)
2.72270130807800e+04	(0.00000000000000e+00dB,0.00000000000000e+00°)	(-8.98653046212474e-01dB,-3.69850154991167e+01°)
2.75422870333826e+04	(0.00000000000000e+00dB,0.00000000000000e+00°)	(-9.18612165234778e-01dB,-3.73855585168498e+01°)
2.78612116862986e+04	(0.00000000000000e+00dB,0.00000000000000e+00°)	(-9.38992872888766e-01dB,-3.77898346119213e+01°)
2.81838293126455e+04	(0.00000000000000e+00dB,0.00000000000000e+00°)	(-9.59803120463271e-01dB,-3.81978590382511e+01°)
2.85101826750400e+04	(0.00000000000000e+00dB,0.00000000000000e+00°)	(-9.81050967865979e-01dB,-3.86096464485110e+01°)
2.88403150312670e+04	(0.00000000000000e+00dB,0.00000000000000e+00°)	(-1.00274458328411e+00dB,-3.90252108702814e+01°)
2.91742701400126e+04	(0.00000000000000e+00dB,0.00000000000000e+00°)	(-1.02489224274746e+00dB,-3.94445656818285e+01°)
2.95120922666648e+04	(0.00000000000000e+00dB,0.00000000000000e+00°)	(-1.04750232959001e+00dB,-3.98677235875147e+01°)
2.98538261891806e+04	(0.00000000000000e+00dB,0.00000000000000e+00°)	(-1.07058333380611e+00dB,-4.02946965928544e+01°)
3.01995172040212e+04	(0.00000000000000e+00dB,0.00000000000000e+00°)	(-1.09414385129753e+00dB,-4.07254959792310e+01°)
3.05492111321561e+04	(0.00000000000000e+00dB,0.00000000000000e+00°)	(-1.11819258300694e+00dB,-4.11601322782884e+01°)
3.09029543251369e+04	(0.00000000000000e+00dB,0.00000000000000e+00°)	(-1.14273833393432e+00dB,-4.15986152460155e+01°)
3.12607936712406e+04	(0.00000000000000e+00dB,0.00000000000000e+00°)	(-1.16779001203204e+00dB,-4.20409538365419e+01°)
3.16227766016848e+04	(0.00000000000000e+00dB,0.00000000000000e+00°)	(-1.19335662697464e+00dB,-4.24871561756638e+01°)
3.19889510969150e+04	(0.00000000000000e+00dB,0.00000000000000e+00°)	(-1.21944728879946e+00dB,-4.29372295341224e+01°)
3.23593656929639e+04	(0.00000000000000e+00dB,0.00000000000000e+00°)	(-1.24607120641405e+00dB,-4.33911803006571e+01°)
3.27340694878849e+04	(0.00000000000000e+00dB,0.00000000000000e+00°)	(-1.27323768596653e+00dB,-4.38490139548576e+01°)
3.31131121482602e+04	(0.00000000000000e+00dB,0.00000000000000e+00°)	(-1.30095612907492e+00dB,-4.43107350398416e+01°)
3.34965439157839e+04	(0.00000000000000e+00dB,0.00000000000000e+00°)	(-1.32923603091189e+00dB,-4.47763471347858e+01°)
3.38844156139214e+04	(0.00000000000000e+00dB,0.00000000000000e+00°)	(-1.35808697814088e+00dB,-4.52458528273379e+01°)
3.42767786546462e+04	(0.00000000000000e+00dB,0.00000000000000e+00°)	(-1.38751864670016e+00dB,-4.57192536859440e+01°)
3.46736850452543e+04	(0.00000000000000e+00dB,0.00000000000000e+00°)	(-1.41754079943126e+00dB,-4.61965502321195e+01°)
3.50751873952580e+04	(0.00000000000000e+00dB,0.00000000000000e+00°)	(-1.44816328354823e+00dB,-4.66777419127026e+01°)
3.54813389233588e+04	(0.00000000000000e+00dB,0.00000000000000e+00°)	(-1.47939602794460e+00dB,-4.71628270721235e+01°)
3.58921934645017e+04	(0.00000000000000e+00dB,0.00000000000000e+00°)	(-1.51124904033469e+00dB,-4.76518029247281e+01°)
3.63078054770114e+04	(0.00000000000000e+00dB,0.00000000000000e+00°)	(-1.54373240422655e+00dB,-4.81446655271964e+01°)
3.67282300498097e+04	(0.00000000000000e+00dB,0.00000000000000e+00°)	(-1.57685627572341e+00dB,-4.86414097510967e+01°)
3.71535229097185e+04	(0.00000000000000e+00dB,0.00000000000000e+00°)	(-1.61063088015124e+00dB,-4.91420292556184e+01°)
3.75837404288457e+04	(0.00000000000000e+00dB,0.00000000000000e+00°)	(-1.64506650851004e+00dB,-4.96465164605291e+01°)
3.80189396320574e+04	(0.00000000000000e+00dB,0.00000000000000e+00°)	(-1.68017351374648e+00dB,-5.01548625194017e+01°)
3.84591782045367e+04	(0.00000000000000e+00dB,0.00000000000000e+00°)	(-1.71596230684629e+00dB,-5.06670572931606e+01°)
3.89045144994294e+04	(0.00000000000000e+00dB,0.00000000000000e+00°)	(-1.75244335274447e+00dB,-5.11830893239966e+01°)
3.93550075455791e+04	(0.00000000000000e+00dB,0.00000000000000e+00°)	(-1.78962716605221e+00dB,-5.17029458097014e+01°)
3.98107170553511e+04	(0.00000000000000e+00dB,0.00000000000000e+00°)	(-1.82752430659931e+00dB,-5.22266125784753e+01°)
4.02717034325473e+04	(0.00000000000000e+00dB,0.00000000000000e+00°)	(-1.86614537479152e+00dB,-5.27540740642631e+01°)
4.07380277804127e+04	(0.00000000000000e+00dB,0.00000000000000e+00°)	(-1.90550100678233e+00dB,-5.32853132826727e+01°)
4.12097519097345e+04	(0.00000000000000e+00dB,0.00000000000000e+00°)	(-1.94560186945929e+00dB,-5.38203118075338e+01°)
4.16869383470350e+04	(0.00000000000000e+00dB,0.00000000000000e+00°)	(-1.98645865524535e+00dB,-5.43590497481568e+01°)
4.21696503428597e+04	(0.00000000000000e+00dB,0.00000000000000e+00°)	(-2.02808207671577e+00dB,-5.49015057273486e+01°)
4.26579518801608e+04	(0.00000000000000e+00dB,0.00000000000000e+00°)	(-2.07048286103209e+00dB,-5.54476568602484e+01°)
4.31519076827780e+04	(0.00000000000000e+00dB,0.00000000000000e+00°)	(-2.11367174419464e+00dB,-5.59974787340417e+01°)
4.36515832240181e+04	(0.00000000000000e+00dB,0.00000000000000e+00°)	(-2.15765946511591e+00dB,-5.65509453886188e+01°)
4.41570447353328e+04	(0.00000000000000e+00dB,0.00000000000000e+00°)	(-2.20245675951719e+00dB,-5.71080292982359e+01°)
4.46683592150979e+04	(0.00000000000000e+00dB,0.00000000000000e+00°)	(-2.24807435365174e+00dB,-5.76687013542456e+01°)
4.51855944374938e+04	(0.00000000000000e+00dB,0.00000000000000e+00°)	(-2.29452295785799e+00dB,-5.82329308489570e+01°)
4.57088189614891e+04	(0.00000000000000e+00dB,0.00000000000000e+00°)	(-2.34181325994697e+00dB,-5.88006854606920e+01°)
4.62381021399277e+04	(0.00000000000000e+00dB,0.00000000000000e+00°)	(-2.38995591842855e+00dB,-5.93719312400985e+01°)
4.67735141287215e+04	(0.00000000000000e+00dB,0.00000000000000e+00°)	(-2.43896155558186e+00dB,-5.99466325977848e+01°)
4.73151258961497e+04	(0.00000000000000e+00dB,0.00000000000000e+00°)	(-2.48884075037535e+00dB,-6.05247522933384e+01°)
4.78630092322655e+04	(0.00000000000000e+00dB,0.00000000000000e+00°)	(-2.53960403124315e+00dB,-6.11062514257890e+01°)
4.84172367584117e+04	(0.00000000000000e+00dB,0.00000000000000e+00°)	(-2.59126186872438e+00dB,-6.16910894255797e+01°)
4.89778819368464e+04	(0.00000000000000e+00dB,0.00000000000000e+00°)	(-2.64382466797284e+00dB,-6.22792240481035e+01°)
4.95450190804808e+04	(0.00000000000000e+00dB,0.00000000000000e+00°)	(-2.69730276114538e+00dB,-6.28706113688649e+01°)
5.01187233627290e+04	(0.00000000000000e+00dB,0.00000000000000e+00°)	(-2.75170639967711e+00dB,-6.34652057803243e+01°)
5.06990708274723e+04	(0.00000000000000e+00dB,0.00000000000000e+00°)	(-2.80704574645304e+00dB,-6.40629599904777e+01°)
5.12861383991383e+04	(0.00000000000000e+00dB,0.00000000000000e+00°)	(-2.86333086788559e+00dB,-6.46638250232274e+01°)
5.18800038928980e+04	(0.00000000000000e+00dB,0.00000000000000e+00°)	(-2.92057172590828e+00dB,-6.52677502205930e+01°)
5.24807460249792e+04	(0.00000000000000e+00dB,0.00000000000000e+00°)	(-2.97877816989659e+00dB,-6.58746832468101e+01°)
5.30884444231008e+04	(0.00000000000000e+00dB,0.00000000000000e+00°)	(-3.03795992852708e+00dB,-6.64845700943630e+01°)
5.37031796370272e+04	(0.00000000000000e+00dB,0.00000000000000e+00°)	(-3.09812660158686e+00dB,-6.70973550919930e+01°)
5.43250331492453e+04	(0.00000000000000e+00dB,0.00000000000000e+00°)	(-3.15928765174565e+00dB,-6.77129809147203e+01°)
5.49540873857645e+04	(0.00000000000000e+00dB,0.00000000000000e+00°)	(-3.22145239630325e+00dB,-6.83313885959155e+01°)
5.55904257270424e+04	(0.00000000000000e+00dB,0.00000000000000e+00°)	(-3.28462999892577e+00dB,-6.89525175414515e+01°)
5.62341325190370e+04	(0.00000000000000e+00dB,0.00000000000000e+00°)	(-3.34882946138429e+00dB,-6.95763055459624e+01°)
5.68852930843862e+04	(0.00000000000000e+00dB,0.00000000000000e+00°)	(-3.41405961531001e+00dB,-7.02026888112334e+01°)
5.75439937337178e+04	(0.00000000000000e+00dB,0.00000000000000e+00°)	(-3.48032911398040e+00dB,-7.08316019667386e+01°)
5.82103217770893e+04	(0.00000000000000e+00dB,0.00000000000000e+00°)	(-3.54764642415106e+00dB,-7.14629780923413e+01°)
5.88843655355611e+04	(0.00000000000000e+00dB,0.00000000000000e+00°)	(-3.61601981794842e+00dB,-7.20967487431647e+01°)
5.95662143529032e+04	(0.00000000000000e+00dB,0.00000000000000e+00°)	(-3.68545736483851e+00dB,-7.27328439766370e+01°)
6.02559586074380e+04	(0.00000000000000e+00dB,0.00000000000000e+00°)	(-3.75596692368733e+00dB,-7.33711923817088e+01°)
6.09536897240192e+04	(0.00000000000000e+00dB,0.00000000000000e+00°)	(-3.82755613492848e+00dB,-7.40117211102361e+01°)
6.16595001861505e+04	(0.00000000000000e+00dB,0.00000000000000e+00°)	(-3.90023241285376e+00dB,-7.46543559105154e+01°)
6.23734835482442e+04	(0.00000000000000e+00dB,0.00000000000000e+00°)	(-3.97400293804264e+00dB,-7.52990211629534e+01°)
6.30957344480217e+04	(0.00000000000000e+00dB,0.00000000000000e+00°)	(-4.04887464994626e+00dB,-7.59456399178462e+01°)
6.38263486190573e+04	(0.00000000000000e+00dB,0.00000000000000e+00°)	(-4.12485423964194e+00dB,-7.65941339352400e+01°)
6.45654229034680e+04	(0.00000000000000e+00dB,0.00000000000000e+00°)	(-4.20194814277361e+00dB,-7.72444237268347e+01°)
6.53130552647497e+04	(0.00000000000000e+00dB,0.00000000000000e+00°)	(-4.28016253269382e+00dB,-7.78964285998921e+01°)
6.60693448007621e+04	(0.00000000000000e+00dB,0.00000000000000e+00°)	(-4.35950331382266e+00dB,-7.85500667030981e+01°)
6.68343917568640e+04	(0.00000000000000e+00dB,0.00000000000000e+00°)	(-4.43997611523832e+00dB,-7.92052550743288e+01°)
6.76082975392007e+04	(0.00000000000000e+00dB,0.00000000000000e+00°)	(-4.52158628451432e+00dB,-7.98619096902592e+01°)
6.83911647281455e+04	(0.00000000000000e+00dB,0.00000000000000e+00°)	(-4.60433888181746e+00dB,-8.05199455177513e+01°)
6.91830970918963e+04	(0.00000000000000e+00dB,0.00000000000000e+00°)	(-4.68823867428036e+00dB,-8.11792765669508e+01°)
6.99841996002300e+04	(0.00000000000000e+00dB,0.00000000000000e+00°)	(-4.77329013066208e+00dB,-8.18398159460178e+01°)
7.07945784384165e+04	(0.00000000000000e+00dB,0.00000000000000e+00°)	(-4.85949741630944e+00dB,-8.25014759174096e+01°)
7.16143410212929e+04	(0.00000000000000e+00dB,0.00000000000000e+00°)	(-4.94686438843132e+00dB,-8.31641679556320e+01°)
7.24435960075018e+04	(0.00000000000000e+00dB,0.00000000000000e+00°)	(-5.03539459169749e+00dB,-8.38278028063657e+01°)
7.32824533138932e+04	(0.00000000000000e+00dB,0.00000000000000e+00°)	(-5.12509125417275e+00dB,-8.44922905468762e+01°)
7.41310241300946e+04	(0.00000000000000e+00dB,0.00000000000000e+00°)	(-5.21595728359644e+00dB,-8.51575406476057e+01°)
7.49894209332484e+04	(0.00000000000000e+00dB,0.00000000000000e+00°)	(-5.30799526401677e+00dB,-8.58234620348443e+01°)
7.58577575029213e+04	(0.00000000000000e+00dB,0.00000000000000e+00°)	(-5.40120745278811e+00dB,-8.64899631543749e+01°)
7.67361489361848e+04	(0.00000000000000e+00dB,0.00000000000000e+00°)	(-5.49559577793918e+00dB,-8.71569520359798e+01°)
7.76247116628722e+04	(0.00000000000000e+00dB,0.00000000000000e+00°)	(-5.59116183591854e+00dB,-8.78243363586979e+01°)
7.85235634610102e+04	(0.00000000000000e+00dB,0.00000000000000e+00°)	(-5.68790688972326e+00dB,-8.84920235167153e+01°)
7.94328234724312e+04	(0.00000000000000e+00dB,0.00000000000000e+00°)	(-5.78583186741556e+00dB,-8.91599206857730e+01°)
8.03526122185648e+04	(0.00000000000000e+00dB,0.00000000000000e+00°)	(-5.88493736103104e+00dB,-8.98279348899707e+01°)
8.12830516164131e+04	(0.00000000000000e+00dB,0.00000000000000e+00°)	(-5.98522362588164e+00dB,-9.04959730688469e+01°)
8.22242649947103e+04	(0.00000000000000e+00dB,0.00000000000000e+00°)	(-6.08669058025477e+00dB,-9.11639421446131e+01°)
8.31763771102703e+04	(0.00000000000000e+00dB,0.00000000000000e+00°)	(-6.18933780550959e+00dB,-9.18317490894190e+01°)
8.41395141645228e+04	(0.00000000000000e+00dB,0.00000000000000e+00°)	(-6.29316454657021e+00dB,-9.24993009925273e+01°)
8.51138038202410e+04	(0.00000000000000e+00dB,0.00000000000000e+00°)	(-6.39816971281435e+00dB,-9.31665051272750e+01°)
8.60993752184634e+04	(0.00000000000000e+00dB,0.00000000000000e+00°)	(-6.50435187935538e+00dB,-9.38332690177003e+01°)
8.70963589956115e+04	(0.00000000000000e+00dB,0.00000000000000e+00°)	(-6.61170928871439e+00dB,-9.44995005047143e+01°)
8.81048873008049e+04	(0.00000000000000e+00dB,0.00000000000000e+00°)	(-6.72023985287789e+00dB,-9.51651078116989e+01°)
8.91250938133780e+04	(0.00000000000000e+00dB,0.00000000000000e+00°)	(-6.82994115573614e+00dB,-9.58299996094147e+01°)
9.01571137605992e+04	(0.00000000000000e+00dB,0.00000000000000e+00°)	(-6.94081045589559e+00dB,-9.64940850801034e+01°)
9.12010839355946e+04	(0.00000000000000e+00dB,0.00000000000000e+00°)	(-7.05284468985863e+00dB,-9.71572739806744e+01°)
9.22571427154799e+04	(0.00000000000000e+00dB,0.00000000000000e+00°)	(-7.16604047556239e+00dB,-9.78194767048658e+01°)
9.33254300797028e+04	(0.00000000000000e+00dB,0.00000000000000e+00°)	(-7.28039411626792e+00dB,-9.84806043442753e+01°)
9.44060876285961e+04	(0.00000000000000e+00dB,0.00000000000000e+00°)	(-7.39590160478991e+00dB,-9.91405687481606e+01°)
9.54992586021474e+04	(0.00000000000000e+00dB,0.00000000000000e+00°)	(-7.51255862805664e+00dB,-9.97992825819104e+01°)
9.66050878989852e+04	(0.00000000000000e+00dB,0.00000000000000e+00°)	(-7.63036057198890e+00dB,-1.00456659384094e+02°)
9.77237220955849e+04	(0.00000000000000e+00dB,0.00000000000000e+00°)	(-7.74930252668601e+00dB,-1.01112613622004e+02°)
9.88553094656978e+04	(0.00000000000000e+00dB,0.00000000000000e+00°)	(-7.86937929190658e+00dB,-1.01767060745602e+02°)
1.00000000000004e+05	(0.00000000000000e+00dB,0.00000000000000e+00°)	(-7.99058538283074e+00dB,-1.02419917239796e+02°)
1.01157945425994e+05	(0.00000000000000e+00dB,0.00000000000000e+00°)	(-8.11291503609036e+00dB,-1.03071100674976e+02°)
1.02329299228080e+05	(0.00000000000000e+00dB,0.00000000000000e+00°)	(-8.23636221605333e+00dB,-1.03720529755738e+02°)
1.03514216667939e+05	(0.00000000000000e+00dB,0.00000000000000e+00°)	(-8.36092062134705e+00dB,-1.04368124367729e+02°)
1.04712854805094e+05	(0.00000000000000e+00dB,0.00000000000000e+00°)	(-8.48658369160665e+00dB,-1.05013805622572e+02°)
1.05925372517733e+05	(0.00000000000000e+00dB,0.00000000000000e+00°)	(-8.61334461443260e+00dB,-1.05657495900808e+02°)
1.07151930523765e+05	(0.00000000000000e+00dB,0.00000000000000e+00°)	(-8.74119633254241e+00dB,-1.06299118892812e+02°)
1.08392691402125e+05	(0.00000000000000e+00dB,0.00000000000000e+00°)	(-8.87013155110073e+00dB,-1.06938599637649e+02°)
1.09647819614323e+05	(0.00000000000000e+00dB,0.00000000000000e+00°)	(-9.00014274521226e+00dB,-1.07575864559835e+02°)
1.10917481526245e+05	(0.00000000000000e+00dB,0.00000000000000e+00°)	(-9.13122216756160e+00dB,-1.08210841503972e+02°)
1.12201845430201e+05	(0.00000000000000e+00dB,0.00000000000000e+00°)	(-9.26336185618423e+00dB,-1.08843459767245e+02°)
1.13501081567236e+05	(0.00000000000000e+00dB,0.00000000000000e+00°)	(-9.39655364235284e+00dB,-1.09473650129753e+02°)
1.14815362149693e+05	(0.00000000000000e+00dB,0.00000000000000e+00°)	(-9.53078915856337e+00dB,-1.10101344882673e+02°)
1.16144861384039e+05	(0.00000000000000e+00dB,0.00000000000000e+00°)	(-9.66605984660499e+00dB,-1.10726477854257e+02°)
1.17489755493958e+05	(0.00000000000000e+00dB,0.00000000000000e+00°)	(-9.80235696569881e+00dB,-1.11348984433641e+02°)
1.18850222743707e+05	(0.00000000000000e+00dB,0.00000000000000e+00°)	(-9.93967160069007e+00dB,-1.11968801592502e+02°)
1.20226443461746e+05	(0.00000000000000e+00dB,0.00000000000000e+00°)	(-1.00779946702788e+01dB,-1.12585867904548e+02°)
1.21618600064642e+05	(0.00000000000000e+00dB,0.00000000000000e+00°)	(-1.02173169352747e+01dB,-1.13200123562876e+02°)
1.23026877081243e+05	(0.00000000000000e+00dB,0.00000000000000e+00°)	(-1.03576290068607e+01dB,-1.13811510395202e+02°)
1.24451461177144e+05	(0.00000000000000e+00dB,0.00000000000000e+00°)	(-1.04989213548539e+01dB,-1.14419971877005e+02°)
1.25892541179422e+05	(0.00000000000000e+00dB,0.00000000000000e+00°)	(-1.06411843159473e+01dB,-1.15025453142596e+02°)
1.27350308101671e+05	(0.00000000000000e+00dB,0.00000000000000e+00°)	(-1.07844081019209e+01dB,-1.15627900994164e+02°)
1.28824955169319e+05	(0.00000000000000e+00dB,0.00000000000000e+00°)	(-1.09285828078103e+01dB,-1.16227263908814e+02°)
1.30316677845235e+05	(0.00000000000000e+00dB,0.00000000000000e+00°)	(-1.10736984200187e+01dB,-1.16823492043666e+02°)
1.31825673855646e+05	(0.00000000000000e+00dB,0.00000000000000e+00°)	(-1.12197448243622e+01dB,-1.17416537239025e+02°)
1.33352143216338e+05	(0.00000000000000e+00dB,0.00000000000000e+00°)	(-1.13667118140368e+01dB,-1.18006353019696e+02°)
1.34896288259171e+05	(0.00000000000000e+00dB,0.00000000000000e+00°)	(-1.15145890974964e+01dB,-1.18592894594482e+02°)
1.36458313658898e+05	(0.00000000000000e+00dB,0.00000000000000e+00°)	(-1.16633663062324e+01dB,-1.19176118853912e+02°)
1.38038426460294e+05	(0.00000000000000e+00dB,0.00000000000000e+00°)	(-1.18130330024444e+01dB,-1.19755984366264e+02°)
1.39636836105600e+05	(0.00000000000000e+00dB,0.00000000000000e+00°)	(-1.19635786865941e+01dB,-1.20332451371932e+02°)
1.41253754462281e+05	(0.00000000000000e+00dB,0.00000000000000e+00°)	(-1.21149928048341e+01dB,-1.20905481776196e+02°)
1.42889395851116e+05	(0.00000000000000e+00dB,0.00000000000000e+00°)	(-1.22672647563024e+01dB,-1.21475039140453e+02°)
1.44543977074599e+05	(0.00000000000000e+00dB,0.00000000000000e+00°)	(-1.24203839002777e+01dB,-1.22041088671974e+02°)
1.46217717445678e+05	(0.00000000000000e+00dB,0.00000000000000e+00°)	(-1.25743395631870e+01dB,-1.22603597212244e+02°)
1.47910838816827e+05	(0.00000000000000e+00dB,0.00000000000000e+00°)	(-1.27291210454604e+01dB,-1.23162533223943e+02°)
1.49623565609450e+05	(0.00000000000000e+00dB,0.00000000000000e+00°)	(-1.28847176282272e+01dB,-1.23717866776649e+02°)
1.51356124843627e+05	(0.00000000000000e+00dB,0.00000000000000e+00°)	(-1.30411185798487e+01dB,-1.24269569531302e+02°)
1.53108746168210e+05	(0.00000000000000e+00dB,0.00000000000000e+00°)	(-1.31983131622830e+01dB,-1.24817614723510e+02°)
1.54881661891255e+05	(0.00000000000000e+00dB,0.00000000000000e+00°)	(-1.33562906372783e+01dB,-1.25361977145751e+02°)
1.56675107010822e+05	(0.00000000000000e+00dB,0.00000000000000e+00°)	(-1.35150402723908e+01dB,-1.25902633128544e+02°)
1.58489319246118e+05	(0.00000000000000e+00dB,0.00000000000000e+00°)	(-1.36745513468247e+01dB,-1.26439560520638e+02°)
1.60324539069011e+05	(0.00000000000000e+00dB,0.00000000000000e+00°)	(-1.38348131570923e+01dB,-1.26972738668294e+02°)
1.62181009735900e+05	(0.00000000000000e+00dB,0.00000000000000e+00°)	(-1.39958150224909e+01dB,-1.27502148393715e+02°)
1.64058977319961e+05	(0.00000000000000e+00dB,0.00000000000000e+00°)	(-1.41575462903971e+01dB,-1.28027771972690e+02°)
1.65958690743763e+05	(0.00000000000000e+00dB,0.00000000000000e+00°)	(-1.43199963413759e+01dB,-1.28549593111502e+02°)
1.67880401812263e+05	(0.00000000000000e+00dB,0.00000000000000e+00°)	(-1.44831545941038e+01dB,-1.29067596923171e+02°)
1.69824365246182e+05	(0.00000000000000e+00dB,0.00000000000000e+00°)	(-1.46470105101080e+01dB,-1.29581769903083e+02°)
1.71790838715766e+05	(0.00000000000000e+00dB,0.00000000000000e+00°)	(-1.48115535983183e+01dB,-1.30092099904066e+02°)
1.73780082874945e+05	(0.00000000000000e+00dB,0.00000000000000e+00°)	(-1.49767734194358e+01dB,-1.30598576110953e+02°)
1.75792361395877e+05	(0.00000000000000e+00dB,0.00000000000000e+00°)	(-1.51426595901166e+01dB,-1.31101189014716e+02°)
1.77827941003900e+05	(0.00000000000000e+00dB,0.00000000000000e+00°)	(-1.53092017869733e+01dB,-1.31599930386192e+02°)
1.79887091512887e+05	(0.00000000000000e+00dB,0.00000000000000e+00°)	(-1.54763897503946e+01dB,-1.32094793249465e+02°)
1.81970085861006e+05	(0.00000000000000e+00dB,0.00000000000000e+00°)	(-1.56442132881864e+01dB,-1.32585771854962e+02°)
1.84077200146904e+05	(0.00000000000000e+00dB,0.00000000000000e+00°)	(-1.58126622790343e+01dB,-1.33072861652292e+02°)
1.86208713666295e+05	(0.00000000000000e+00dB,0.00000000000000e+00°)	(-1.59817266757912e+01dB,-1.33556059262888e+02°)
1.88364908948988e+05	(0.00000000000000e+00dB,0.00000000000000e+00°)	(-1.61513965085933e+01dB,-1.34035362452491e+02°)
1.90546071796333e+05	(0.00000000000000e+00dB,0.00000000000000e+00°)	(-1.63216618878039e+01dB,-1.34510770103513e+02°)
1.92752491319102e+05	(0.00000000000000e+00dB,0.00000000000000e+00°)	(-1.64925130067925e+01dB,-1.34982282187336e+02°)
1.94984459975813e+05	(0.00000000000000e+00dB,0.00000000000000e+00°)	(-1.66639401445481e+01dB,-1.35449899736564e+02°)
1.97242273611494e+05	(0.00000000000000e+00dB,0.00000000000000e+00°)	(-1.68359336681325e+01dB,-1.35913624817282e+02°)
1.99526231496897e+05	(0.00000000000000e+00dB,0.00000000000000e+00°)	(-1.70084840349760e+01dB,-1.36373460501351e+02°)
2.01836636368165e+05	(0.00000000000000e+00dB,0.00000000000000e+00°)	(-1.71815817950192e+01dB,-1.36829410838771e+02°)
2.04173794466962e+05	(0.00000000000000e+00dB,0.00000000000000e+00°)	(-1.73552175927043e+01dB,-1.37281480830148e+02°)
2.06538015581062e+05	(0.00000000000000e+00dB,0.00000000000000e+00°)	(-1.75293821688198e+01dB,-1.37729676399291e+02°)
2.08929613085413e+05	(0.00000000000000e+00dB,0.00000000000000e+00°)	(-1.77040663622022e+01dB,-1.38174004365975e+02°)
2.11348903983674e+05	(0.00000000000000e+00dB,0.00000000000000e+00°)	(-1.78792611112989e+01dB,-1.38614472418881e+02°)
2.13796208950233e+05	(0.00000000000000e+00dB,0.00000000000000e+00°)	(-1.80549574555956e+01dB,-1.39051089088761e+02°)
2.16271852372712e+05	(0.00000000000000e+00dB,0.00000000000000e+00°)	(-1.82311465369124e+01dB,-1.39483863721831e+02°)
2.18776162394965e+05	(0.00000000000000e+00dB,0.00000000000000e+00°)	(-1.84078196005733e+01dB,-1.39912806453426e+02°)
2.21309470960574e+05	(0.00000000000000e+00dB,0.00000000000000e+00°)	(-1.85849679964509e+01dB,-1.40337928181933e+02°)
2.23872113856844e+05	(0.00000000000000e+00dB,0.00000000000000e+00°)	(-1.87625831798938e+01dB,-1.40759240543022e+02°)
2.26464430759316e+05	(0.00000000000000e+00dB,0.00000000000000e+00°)	(-1.89406567125365e+01dB,-1.41176755884195e+02°)
2.29086765276788e+05	(0.00000000000000e+00dB,0.00000000000000e+00°)	(-1.91191802629998e+01dB,-1.41590487239662e+02°)
2.31739464996858e+05	(0.00000000000000e+00dB,0.00000000000000e+00°)	(-1.92981456074825e+01dB,-1.42000448305570e+02°)
2.34422881532003e+05	(0.00000000000000e+00dB,0.00000000000000e+00°)	(-1.94775446302503e+01dB,-1.42406653415588e+02°)
2.37137370566176e+05	(0.00000000000000e+00dB,0.00000000000000e+00°)	(-1.96573693240249e+01dB,-1.42809117516869e+02°)
2.39883291901960e+05	(0.00000000000000e+00dB,0.00000000000000e+00°)	(-1.98376117902774e+01dB,-1.43207856146391e+02°)
2.42661009508252e+05	(0.00000000000000e+00dB,0.00000000000000e+00°)	(-2.00182642394302e+01dB,-1.43602885407696e+02°)
2.45470891568514e+05	(0.00000000000000e+00dB,0.00000000000000e+00°)	(-2.01993189909700e+01dB,-1.43994221948032e+02°)
2.48313310529568e+05	(0.00000000000000e+00dB,0.00000000000000e+00°)	(-2.03807684734775e+01dB,-1.44381882935903e+02°)
2.51188643150969e+05	(0.00000000000000e+00dB,0.00000000000000e+00°)	(-2.05626052245754e+01dB,-1.44765886039034e+02°)
2.54097270554942e+05	(0.00000000000000e+00dB,0.00000000000000e+00°)	(-2.07448218907999e+01dB,-1.45146249402773e+02°)
2.57039578276898e+05	(0.00000000000000e+00dB,0.00000000000000e+00°)	(-2.09274112273984e+01dB,-1.45522991628898e+02°)
2.60015956316539e+05	(0.00000000000000e+00dB,0.00000000000000e+00°)	(-2.11103660980572e+01dB,-1.45896131754880e+02°)
2.63026799189550e+05	(0.00000000000000e+00dB,0.00000000000000e+00°)	(-2.12936794745621e+01dB,-1.46265689233562e+02°)
2.66072505979893e+05	(0.00000000000000e+00dB,0.00000000000000e+00°)	(-2.14773444363962e+01dB,-1.46631683913289e+02°)
2.69153480392704e+05	(0.00000000000000e+00dB,0.00000000000000e+00°)	(-2.16613541702769e+01dB,-1.46994136018467e+02°)
2.72270130807804e+05	(0.00000000000000e+00dB,0.00000000000000e+00°)	(-2.18457019696365e+01dB,-1.47353066130568e+02°)
2.75422870333829e+05	(0.00000000000000e+00dB,0.00000000000000e+00°)	(-2.20303812340477e+01dB,-1.47708495169572e+02°)
2.78612116862990e+05	(0.00000000000000e+00dB,0.00000000000000e+00°)	(-2.22153854685997e+01dB,-1.48060444375850e+02°)
2.81838293126458e+05	(0.00000000000000e+00dB,0.00000000000000e+00°)	(-2.24007082832252e+01dB,-1.48408935292485e+02°)
2.85101826750404e+05	(0.00000000000000e+00dB,0.00000000000000e+00°)	(-2.25863433919822e+01dB,-1.48753989748027e+02°)
2.88403150312674e+05	(0.00000000000000e+00dB,0.00000000000000e+00°)	(-2.27722846122935e+01dB,-1.49095629839686e+02°)
2.91742701400130e+05	(0.00000000000000e+00dB,0.00000000000000e+00°)	(-2.29585258641469e+01dB,-1.49433877916956e+02°)
2.95120922666652e+05	(0.00000000000000e+00dB,0.00000000000000e+00°)	(-2.31450611692570e+01dB,-1.49768756565669e+02°)
2.98538261891810e+05	(0.00000000000000e+00dB,0.00000000000000e+00°)	(-2.33318846501933e+01dB,-1.50100288592469e+02°)
3.01995172040216e+05	(0.00000000000000e+00dB,0.00000000000000e+00°)	(-2.35189905294753e+01dB,-1.50428497009713e+02°)
3.05492111321565e+05	(0.00000000000000e+00dB,0.00000000000000e+00°)	(-2.37063731286378e+01dB,-1.50753405020788e+02°)
3.09029543251373e+05	(0.00000000000000e+00dB,0.00000000000000e+00°)	(-2.38940268672689e+01dB,-1.51075036005836e+02°)
3.12607936712410e+05	(0.00000000000000e+00dB,0.00000000000000e+00°)	(-2.40819462620209e+01dB,-1.51393413507897e+02°)
3.16227766016853e+05	(0.00000000000000e+00dB,0.00000000000000e+00°)	(-2.42701259255998e+01dB,-1.51708561219438e+02°)
3.19889510969155e+05	(0.00000000000000e+00dB,0.00000000000000e+00°)	(-2.44585605657313e+01dB,-1.52020502969298e+02°)
3.23593656929643e+05	(0.00000000000000e+00dB,0.00000000000000e+00°)	(-2.46472449841086e+01dB,-1.52329262710006e+02°)
3.27340694878854e+05	(0.00000000000000e+00dB,0.00000000000000e+00°)	(-2.48361740753215e+01dB,-1.52634864505499e+02°)
3.31131121482607e+05	(0.00000000000000e+00dB,0.00000000000000e+00°)	(-2.50253428257702e+01dB,-1.52937332519212e+02°)
3.34965439157843e+05	(0.00000000000000e+00dB,0.00000000000000e+00°)	(-2.52147463125647e+01dB,-1.53236691002541e+02°)
3.38844156139218e+05	(0.00000000000000e+00dB,0.00000000000000e+00°)	(-2.54043797024113e+01dB,-1.53532964283675e+02°)
3.42767786546466e+05	(0.00000000000000e+00dB,0.00000000000000e+00°)	(-2.55942382504881e+01dB,-1.53826176756789e+02°)
3.46736850452548e+05	(0.00000000000000e+00dB,0.00000000000000e+00°)	(-2.57843172993113e+01dB,-1.54116352871589e+02°)
3.50751873952585e+05	(0.00000000000000e+00dB,0.00000000000000e+00°)	(-2.59746122775930e+01dB,-1.54403517123204e+02°)
3.54813389233592e+05	(0.00000000000000e+00dB,0.00000000000000e+00°)	(-2.61651186990927e+01dB,-1.54687694042418e+02°)
3.58921934645022e+05	(0.00000000000000e+00dB,0.00000000000000e+00°)	(-2.63558321614621e+01dB,-1.54968908186240e+02°)
3.63078054770118e+05	(0.00000000000000e+00dB,0.00000000000000e+00°)	(-2.65467483450878e+01dB,-1.55247184128796e+02°)
3.67282300498102e+05	(0.00000000000000e+00dB,0.00000000000000e+00°)	(-2.67378630119287e+01dB,-1.55522546452540e+02°)
3.71535229097190e+05	(0.00000000000000e+00dB,0.00000000000000e+00°)	(-2.69291720043530e+01dB,-1.55795019739785e+02°)
3.75837404288462e+05	(0.00000000000000e+00dB,0.00000000000000e+00°)	(-2.71206712439736e+01dB,-1.56064628564532e+02°)
3.80189396320579e+05	(0.00000000000000e+00dB,0.00000000000000e+00°)	(-2.73123567304841e+01dB,-1.56331397484605e+02°)
3.84591782045372e+05	(0.00000000000000e+00dB,0.00000000000000e+00°)	(-2.75042245404955e+01dB,-1.56595351034074e+02°)
3.89045144994299e+05	(0.00000000000000e+00dB,0.00000000000000e+00°)	(-2.76962708263751e+01dB,-1.56856513715966e+02°)
3.93550075455796e+05	(0.00000000000000e+00dB,0.00000000000000e+00°)	(-2.78884918150884e+01dB,-1.57114909995255e+02°)
3.98107170553516e+05	(0.00000000000000e+00dB,0.00000000000000e+00°)	(-2.80808838070443e+01dB,-1.57370564292121e+02°)
4.02717034325478e+05	(0.00000000000000e+00dB,0.00000000000000e+00°)	(-2.82734431749454e+01dB,-1.57623500975483e+02°)
4.07380277804132e+05	(0.00000000000000e+00dB,0.00000000000000e+00°)	(-2.84661663626423e+01dB,-1.57873744356775e+02°)
4.12097519097350e+05	(0.00000000000000e+00dB,0.00000000000000e+00°)	(-2.86590498839951e+01dB,-1.58121318683995e+02°)
4.16869383470355e+05	(0.00000000000000e+00dB,0.00000000000000e+00°)	(-2.88520903217407e+01dB,-1.58366248135981e+02°)
4.21696503428603e+05	(0.00000000000000e+00dB,0.00000000000000e+00°)	(-2.90452843263665e+01dB,-1.58608556816938e+02°)
4.26579518801613e+05	(0.00000000000000e+00dB,0.00000000000000e+00°)	(-2.92386286149932e+01dB,-1.58848268751193e+02°)
4.31519076827786e+05	(0.00000000000000e+00dB,0.00000000000000e+00°)	(-2.94321199702645e+01dB,-1.59085407878180e+02°)
4.36515832240187e+05	(0.00000000000000e+00dB,0.00000000000000e+00°)	(-2.96257552392456e+01dB,-1.59319998047639e+02°)
4.41570447353334e+05	(0.00000000000000e+00dB,0.00000000000000e+00°)	(-2.98195313323317e+01dB,-1.59552063015038e+02°)
4.46683592150985e+05	(0.00000000000000e+00dB,0.00000000000000e+00°)	(-3.00134452221642e+01dB,-1.59781626437200e+02°)
4.51855944374944e+05	(0.00000000000000e+00dB,0.00000000000000e+00°)	(-3.02074939425588e+01dB,-1.60008711868127e+02°)
4.57088189614897e+05	(0.00000000000000e+00dB,0.00000000000000e+00°)	(-3.04016745874423e+01dB,-1.60233342755032e+02°)
4.62381021399283e+05	(0.00000000000000e+00dB,0.00000000000000e+00°)	(-3.05959843098005e+01dB,-1.60455542434550e+02°)
4.67735141287221e+05	(0.00000000000000e+00dB,0.00000000000000e+00°)	(-3.07904203206369e+01dB,-1.60675334129146e+02°)
4.73151258961504e+05	(0.00000000000000e+00dB,0.00000000000000e+00°)	(-3.09849798879425e+01dB,-1.60892740943690e+02°)
4.78630092322662e+05	(0.00000000000000e+00dB,0.00000000000000e+00°)	(-3.11796603356772e+01dB,-1.61107785862221e+02°)
4.84172367584123e+05	(0.00000000000000e+00dB,0.00000000000000e+00°)	(-3.13744590427621e+01dB,-1.61320491744867e+02°)
4.89778819368470e+05	(0.00000000000000e+00dB,0.00000000000000e+00°)	(-3.15693734420844e+01dB,-1.61530881324941e+02°)
4.95450190804815e+05	(0.00000000000000e+00dB,0.00000000000000e+00°)	(-3.17644010195134e+01dB,-1.61738977206183e+02°)
5.01187233627297e+05	(0.00000000000000e+00dB,0.00000000000000e+00°)	(-3.19595393129299e+01dB,-1.61944801860169e+02°)
5.06990708274729e+05	(0.00000000000000e+00dB,0.00000000000000e+00°)	(-3.21547859112659e+01dB,-1.62148377623860e+02°)
5.12861383991390e+05	(0.00000000000000e+00dB,0.00000000000000e+00°)	(-3.23501384535589e+01dB,-1.62349726697300e+02°)
5.18800038928987e+05	(0.00000000000000e+00dB,0.00000000000000e+00°)	(-3.25455946280170e+01dB,-1.62548871141451e+02°)
5.24807460249798e+05	(0.00000000000000e+00dB,0.00000000000000e+00°)	(-3.27411521710971e+01dB,-1.62745832876165e+02°)
5.30884444231015e+05	(0.00000000000000e+00dB,0.00000000000000e+00°)	(-3.29368088665962e+01dB,-1.62940633678289e+02°)
5.37031796370279e+05	(0.00000000000000e+00dB,0.00000000000000e+00°)	(-3.31325625447545e+01dB,-1.63133295179889e+02°)
5.43250331492460e+05	(0.00000000000000e+00dB,0.00000000000000e+00°)	(-3.33284110813721e+01dB,-1.63323838866605e+02°)
5.49540873857652e+05	(0.00000000000000e+00dB,0.00000000000000e+00°)	(-3.35243523969375e+01dB,-1.63512286076119e+02°)
5.55904257270431e+05	(0.00000000000000e+00dB,0.00000000000000e+00°)	(-3.37203844557701e+01dB,-1.63698657996737e+02°)
5.62341325190377e+05	(0.00000000000000e+00dB,0.00000000000000e+00°)	(-3.39165052651739e+01dB,-1.63882975666083e+02°)
5.68852930843870e+05	(0.00000000000000e+00dB,0.00000000000000e+00°)	(-3.41127128746058e+01dB,-1.64065259969900e+02°)
5.75439937337186e+05	(0.00000000000000e+00dB,0.00000000000000e+00°)	(-3.43090053748546e+01dB,-1.64245531640948e+02°)
5.82103217770901e+05	(0.00000000000000e+00dB,0.00000000000000e+00°)	(-3.45053808972346e+01dB,-1.64423811258010e+02°)
5.88843655355618e+05	(0.00000000000000e+00dB,0.00000000000000e+00°)	(-3.47018376127903e+01dB,-1.64600119244988e+02°)
5.95662143529040e+05	(0.00000000000000e+00dB,0.00000000000000e+00°)	(-3.48983737315151e+01dB,-1.64774475870087e+02°)
6.02559586074388e+05	(0.00000000000000e+00dB,0.00000000000000e+00°)	(-3.50949875015811e+01dB,-1.64946901245095e+02°)
6.09536897240200e+05	(0.00000000000000e+00dB,0.00000000000000e+00°)	(-3.52916772085827e+01dB,-1.65117415324749e+02°)
6.16595001861513e+05	(0.00000000000000e+00dB,0.00000000000000e+00°)	(-3.54884411747918e+01dB,-1.65286037906174e+02°)
6.23734835482451e+05	(0.00000000000000e+00dB,0.00000000000000e+00°)	(-3.56852777584256e+01dB,-1.65452788628407e+02°)
6.30957344480225e+05	(0.00000000000000e+00dB,0.00000000000000e+00°)	(-3.58821853529266e+01dB,-1.65617686972004e+02°)
6.38263486190581e+05	(0.00000000000000e+00dB,0.00000000000000e+00°)	(-3.60791623862548e+01dB,-1.65780752258704e+02°)
6.45654229034688e+05	(0.00000000000000e+00dB,0.00000000000000e+00°)	(-3.62762073201919e+01dB,-1.65942003651178e+02°)
6.53130552647505e+05	(0.00000000000000e+00dB,0.00000000000000e+00°)	(-3.64733186496575e+01dB,-1.66101460152841e+02°)
6.60693448007630e+05	(0.00000000000000e+00dB,0.00000000000000e+00°)	(-3.66704949020370e+01dB,-1.66259140607723e+02°)
6.68343917568649e+05	(0.00000000000000e+00dB,0.00000000000000e+00°)	(-3.68677346365215e+01dB,-1.66415063700413e+02°)
6.76082975392016e+05	(0.00000000000000e+00dB,0.00000000000000e+00°)	(-3.70650364434591e+01dB,-1.66569247956055e+02°)
6.83911647281464e+05	(0.00000000000000e+00dB,0.00000000000000e+00°)	(-3.72623989437176e+01dB,-1.66721711740403e+02°)
6.91830970918972e+05	(0.00000000000000e+00dB,0.00000000000000e+00°)	(-3.74598207880591e+01dB,-1.66872473259936e+02°)
6.99841996002309e+05	(0.00000000000000e+00dB,0.00000000000000e+00°)	(-3.76573006565250e+01dB,-1.67021550562017e+02°)
7.07945784384174e+05	(0.00000000000000e+00dB,0.00000000000000e+00°)	(-3.78548372578330e+01dB,-1.67168961535111e+02°)
7.16143410212939e+05	(0.00000000000000e+00dB,0.00000000000000e+00°)	(-3.80524293287843e+01dB,-1.67314723909046e+02°)
7.24435960075027e+05	(0.00000000000000e+00dB,0.00000000000000e+00°)	(-3.82500756336826e+01dB,-1.67458855255323e+02°)
7.32824533138942e+05	(0.00000000000000e+00dB,0.00000000000000e+00°)	(-3.84477749637625e+01dB,-1.67601372987472e+02°)
7.41310241300956e+05	(0.00000000000000e+00dB,0.00000000000000e+00°)	(-3.86455261366301e+01dB,-1.67742294361442e+02°)
7.49894209332495e+05	(0.00000000000000e+00dB,0.00000000000000e+00°)	(-3.88433279957124e+01dB,-1.67881636476044e+02°)
7.58577575029223e+05	(0.00000000000000e+00dB,0.00000000000000e+00°)	(-3.90411794097184e+01dB,-1.68019416273422e+02°)
7.67361489361859e+05	(0.00000000000000e+00dB,0.00000000000000e+00°)	(-3.92390792721093e+01dB,-1.68155650539567e+02°)
7.76247116628732e+05	(0.00000000000000e+00dB,0.00000000000000e+00°)	(-3.94370265005799e+01dB,-1.68290355904863e+02°)
7.85235634610112e+05	(0.00000000000000e+00dB,0.00000000000000e+00°)	(-3.96350200365482e+01dB,-1.68423548844670e+02°)
7.94328234724323e+05	(0.00000000000000e+00dB,0.00000000000000e+00°)	(-3.98330588446566e+01dB,-1.68555245679934e+02°)
8.03526122185659e+05	(0.00000000000000e+00dB,0.00000000000000e+00°)	(-4.00311419122816e+01dB,-1.68685462577831e+02°)
8.12830516164141e+05	(0.00000000000000e+00dB,0.00000000000000e+00°)	(-4.02292682490528e+01dB,-1.68814215552438e+02°)
8.22242649947114e+05	(0.00000000000000e+00dB,0.00000000000000e+00°)	(-4.04274368863823e+01dB,-1.68941520465436e+02°)
8.31763771102714e+05	(0.00000000000000e+00dB,0.00000000000000e+00°)	(-4.06256468770021e+01dB,-1.69067393026829e+02°)
8.41395141645239e+05	(0.00000000000000e+00dB,0.00000000000000e+00°)	(-4.08238972945112e+01dB,-1.69191848795699e+02°)
8.51138038202421e+05	(0.00000000000000e+00dB,0.00000000000000e+00°)	(-4.10221872329315e+01dB,-1.69314903180977e+02°)
8.60993752184646e+05	(0.00000000000000e+00dB,0.00000000000000e+00°)	(-4.12205158062723e+01dB,-1.69436571442240e+02°)
8.70963589956126e+05	(0.00000000000000e+00dB,0.00000000000000e+00°)	(-4.14188821481035e+01dB,-1.69556868690523e+02°)
8.81048873008060e+05	(0.00000000000000e+00dB,0.00000000000000e+00°)	(-4.16172854111374e+01dB,-1.69675809889160e+02°)
8.91250938133792e+05	(0.00000000000000e+00dB,0.00000000000000e+00°)	(-4.18157247668185e+01dB,-1.69793409854634e+02°)
9.01571137606004e+05	(0.00000000000000e+00dB,0.00000000000000e+00°)	(-4.20141994049221e+01dB,-1.69909683257451e+02°)
9.12010839355958e+05	(0.00000000000000e+00dB,0.00000000000000e+00°)	(-4.22127085331600e+01dB,-1.70024644623030e+02°)
9.22571427154812e+05	(0.00000000000000e+00dB,0.00000000000000e+00°)	(-4.24112513767952e+01dB,-1.70138308332600e+02°)
9.33254300797040e+05	(0.00000000000000e+00dB,0.00000000000000e+00°)	(-4.26098271782636e+01dB,-1.70250688624125e+02°)
9.44060876285973e+05	(0.00000000000000e+00dB,0.00000000000000e+00°)	(-4.28084351968038e+01dB,-1.70361799593231e+02°)
9.54992586021486e+05	(0.00000000000000e+00dB,0.00000000000000e+00°)	(-4.30070747080941e+01dB,-1.70471655194151e+02°)
9.66050878989865e+05	(0.00000000000000e+00dB,0.00000000000000e+00°)	(-4.32057450038974e+01dB,-1.70580269240679e+02°)
9.77237220955863e+05	(0.00000000000000e+00dB,0.00000000000000e+00°)	(-4.34044453917125e+01dB,-1.70687655407141e+02°)
9.88553094656991e+05	(0.00000000000000e+00dB,0.00000000000000e+00°)	(-4.36031751944334e+01dB,-1.70793827229363e+02°)
1.00000000000005e+06	(0.00000000000000e+00dB,0.00000000000000e+00°)	(-4.38019337500152e+01dB,-1.70898798105664e+02°)
1.01157945425995e+06	(0.00000000000000e+00dB,0.00000000000000e+00°)	(-4.40007204111470e+01dB,-1.71002581297846e+02°)
1.02329299228081e+06	(0.00000000000000e+00dB,0.00000000000000e+00°)	(-4.41995345449310e+01dB,-1.71105189932194e+02°)
1.03514216667940e+06	(0.00000000000000e+00dB,0.00000000000000e+00°)	(-4.43983755325696e+01dB,-1.71206637000489e+02°)
1.04712854805096e+06	(0.00000000000000e+00dB,0.00000000000000e+00°)	(-4.45972427690573e+01dB,-1.71306935361019e+02°)
1.05925372517735e+06	(0.00000000000000e+00dB,0.00000000000000e+00°)	(-4.47961356628802e+01dB,-1.71406097739599e+02°)
1.07151930523766e+06	(0.00000000000000e+00dB,0.00000000000000e+00°)	(-4.49950536357214e+01dB,-1.71504136730600e+02°)
1.08392691402126e+06	(0.00000000000000e+00dB,0.00000000000000e+00°)	(-4.51939961221723e+01dB,-1.71601064797975e+02°)
1.09647819614324e+06	(0.00000000000000e+00dB,0.00000000000000e+00°)	(-4.53929625694503e+01dB,-1.71696894276297e+02°)
1.10917481526246e+06	(0.00000000000000e+00dB,0.00000000000000e+00°)	(-4.55919524371226e+01dB,-1.71791637371790e+02°)
1.12201845430202e+06	(0.00000000000000e+00dB,0.00000000000000e+00°)	(-4.57909651968348e+01dB,-1.71885306163375e+02°)
1.13501081567238e+06	(0.00000000000000e+00dB,0.00000000000000e+00°)	(-4.59900003320466e+01dB,-1.71977912603709e+02°)
1.14815362149694e+06	(0.00000000000000e+00dB,0.00000000000000e+00°)	(-4.61890573377721e+01dB,-1.72069468520229e+02°)
1.16144861384041e+06	(0.00000000000000e+00dB,0.00000000000000e+00°)	(-4.63881357203256e+01dB,-1.72159985616199e+02°)
1.17489755493959e+06	(0.00000000000000e+00dB,0.00000000000000e+00°)	(-4.65872349970737e+01dB,-1.72249475471755e+02°)
1.18850222743708e+06	(0.00000000000000e+00dB,0.00000000000000e+00°)	(-4.67863546961914e+01dB,-1.72337949544950e+02°)
1.20226443461748e+06	(0.00000000000000e+00dB,0.00000000000000e+00°)	(-4.69854943564242e+01dB,-1.72425419172804e+02°)
1.21618600064643e+06	(0.00000000000000e+00dB,0.00000000000000e+00°)	(-4.71846535268554e+01dB,-1.72511895572349e+02°)
1.23026877081245e+06	(0.00000000000000e+00dB,0.00000000000000e+00°)	(-4.73838317666774e+01dB,-1.72597389841673e+02°)
1.24451461177145e+06	(0.00000000000000e+00dB,0.00000000000000e+00°)	(-4.75830286449690e+01dB,-1.72681912960968e+02°)
1.25892541179424e+06	(0.00000000000000e+00dB,0.00000000000000e+00°)	(-4.77822437404768e+01dB,-1.72765475793569e+02°)
1.27350308101673e+06	(0.00000000000000e+00dB,0.00000000000000e+00°)	(-4.79814766414012e+01dB,-1.72848089086998e+02°)
1.28824955169320e+06	(0.00000000000000e+00dB,0.00000000000000e+00°)	(-4.81807269451877e+01dB,-1.72929763474004e+02°)
1.30316677845237e+06	(0.00000000000000e+00dB,0.00000000000000e+00°)	(-4.83799942583220e+01dB,-1.73010509473597e+02°)
1.31825673855648e+06	(0.00000000000000e+00dB,0.00000000000000e+00°)	(-4.85792781961295e+01dB,-1.73090337492086e+02°)
1.33352143216340e+06	(0.00000000000000e+00dB,0.00000000000000e+00°)	(-4.87785783825797e+01dB,-1.73169257824108e+02°)
1.34896288259173e+06	(0.00000000000000e+00dB,0.00000000000000e+00°)	(-4.89778944500944e+01dB,-1.73247280653654e+02°)
1.36458313658900e+06	(0.00000000000000e+00dB,0.00000000000000e+00°)	(-4.91772260393597e+01dB,-1.73324416055099e+02°)
1.38038426460296e+06	(0.00000000000000e+00dB,0.00000000000000e+00°)	(-4.93765727991431e+01dB,-1.73400673994219e+02°)
1.39636836105601e+06	(0.00000000000000e+00dB,0.00000000000000e+00°)	(-4.95759343861135e+01dB,-1.73476064329212e+02°)
1.41253754462283e+06	(0.00000000000000e+00dB,0.00000000000000e+00°)	(-4.97753104646656e+01dB,-1.73550596811705e+02°)
1.42889395851118e+06	(0.00000000000000e+00dB,0.00000000000000e+00°)	(-4.99747007067480e+01dB,-1.73624281087770e+02°)
1.44543977074601e+06	(0.00000000000000e+00dB,0.00000000000000e+00°)	(-5.01741047916954e+01dB,-1.73697126698921e+02°)
1.46217717445680e+06	(0.00000000000000e+00dB,0.00000000000000e+00°)	(-5.03735224060636e+01dB,-1.73769143083121e+02°)
1.47910838816829e+06	(0.00000000000000e+00dB,0.00000000000000e+00°)	(-5.05729532434690e+01dB,-1.73840339575772e+02°)
1.49623565609452e+06	(0.00000000000000e+00dB,0.00000000000000e+00°)	(-5.07723970044311e+01dB,-1.73910725410704e+02°)
1.51356124843629e+06	(0.00000000000000e+00dB,0.00000000000000e+00°)	(-5.09718533962186e+01dB,-1.73980309721164e+02°)
1.53108746168212e+06	(0.00000000000000e+00dB,0.00000000000000e+00°)	(-5.11713221326987e+01dB,-1.74049101540791e+02°)
1.54881661891257e+06	(0.00000000000000e+00dB,0.00000000000000e+00°)	(-5.13708029341898e+01dB,-1.74117109804592e+02°)
1.56675107010824e+06	(0.00000000000000e+00dB,0.00000000000000e+00°)	(-5.15702955273175e+01dB,-1.74184343349911e+02°)
1.58489319246120e+06	(0.00000000000000e+00dB,0.00000000000000e+00°)	(-5.17697996448738e+01dB,-1.74250810917388e+02°)
1.60324539069013e+06	(0.00000000000000e+00dB,0.00000000000000e+00°)	(-5.19693150256790e+01dB,-1.74316521151920e+02°)
1.62181009735902e+06	(0.00000000000000e+00dB,0.00000000000000e+00°)	(-5.21688414144470e+01dB,-1.74381482603610e+02°)
1.64058977319963e+06	(0.00000000000000e+00dB,0.00000000000000e+00°)	(-5.23683785616536e+01dB,-1.74445703728709e+02°)
1.65958690743765e+06	(0.00000000000000e+00dB,0.00000000000000e+00°)	(-5.25679262234075e+01dB,-1.74509192890561e+02°)
1.67880401812265e+06	(0.00000000000000e+00dB,0.00000000000000e+00°)	(-5.27674841613239e+01dB,-1.74571958360530e+02°)
1.69824365246184e+06	(0.00000000000000e+00dB,0.00000000000000e+00°)	(-5.29670521424016e+01dB,-1.74634008318927e+02°)
1.71790838715768e+06	(0.00000000000000e+00dB,0.00000000000000e+00°)	(-5.31666299389021e+01dB,-1.74695350855934e+02°)
1.73780082874947e+06	(0.00000000000000e+00dB,0.00000000000000e+00°)	(-5.33662173282316e+01dB,-1.74755993972512e+02°)
1.75792361395879e+06	(0.00000000000000e+00dB,0.00000000000000e+00°)	(-5.35658140928259e+01dB,-1.74815945581310e+02°)
1.77827941003902e+06	(0.00000000000000e+00dB,0.00000000000000e+00°)	(-5.37654200200376e+01dB,-1.74875213507568e+02°)
1.79887091512889e+06	(0.00000000000000e+00dB,0.00000000000000e+00°)	(-5.39650349020253e+01dB,-1.74933805490008e+02°)
1.81970085861009e+06	(0.00000000000000e+00dB,0.00000000000000e+00°)	(-5.41646585356464e+01dB,-1.74991729181720e+02°)
1.84077200146906e+06	(0.00000000000000e+00dB,0.00000000000000e+00°)	(-5.43642907223509e+01dB,-1.75048992151045e+02°)
1.86208713666297e+06	(0.00000000000000e+00dB,0.00000000000000e+00°)	(-5.45639312680790e+01dB,-1.75105601882451e+02°)
1.88364908948991e+06	(0.00000000000000e+00dB,0.00000000000000e+00°)	(-5.47635799831598e+01dB,-1.75161565777392e+02°)
1.90546071796336e+06	(0.00000000000000e+00dB,0.00000000000000e+00°)	(-5.49632366822124e+01dB,-1.75216891155178e+02°)
1.92752491319105e+06	(0.00000000000000e+00dB,0.00000000000000e+00°)	(-5.51629011840501e+01dB,-1.75271585253820e+02°)
1.94984459975816e+06	(0.00000000000000e+00dB,0.00000000000000e+00°)	(-5.53625733115857e+01dB,-1.75325655230883e+02°)
1.97242273611497e+06	(0.00000000000000e+00dB,0.00000000000000e+00°)	(-5.55622528917394e+01dB,-1.75379108164321e+02°)
1.99526231496899e+06	(0.00000000000000e+00dB,0.00000000000000e+00°)	(-5.57619397553485e+01dB,-1.75431951053313e+02°)
2.01836636368168e+06	(0.00000000000000e+00dB,0.00000000000000e+00°)	(-5.59616337370795e+01dB,-1.75484190819087e+02°)
2.04173794466965e+06	(0.00000000000000e+00dB,0.00000000000000e+00°)	(-5.61613346753417e+01dB,-1.75535834305740e+02°)
2.06538015581065e+06	(0.00000000000000e+00dB,0.00000000000000e+00°)	(-5.63610424122030e+01dB,-1.75586888281049e+02°)
2.08929613085416e+06	(0.00000000000000e+00dB,0.00000000000000e+00°)	(-5.65607567933075e+01dB,-1.75637359437277e+02°)
2.11348903983677e+06	(0.00000000000000e+00dB,0.00000000000000e+00°)	(-5.67604776677949e+01dB,-1.75687254391973e+02°)
2.13796208950236e+06	(0.00000000000000e+00dB,0.00000000000000e+00°)	(-5.69602048882218e+01dB,-1.75736579688760e+02°)
2.16271852372715e+06	(0.00000000000000e+00dB,0.00000000000000e+00°)	(-5.71599383104847e+01dB,-1.75785341798121e+02°)
2.18776162394968e+06	(0.00000000000000e+00dB,0.00000000000000e+00°)	(-5.73596777937446e+01dB,-1.75833547118178e+02°)
2.21309470960577e+06	(0.00000000000000e+00dB,0.00000000000000e+00°)	(-5.75594232003536e+01dB,-1.75881201975460e+02°)
2.23872113856847e+06	(0.00000000000000e+00dB,0.00000000000000e+00°)	(-5.77591743957825e+01dB,-1.75928312625669e+02°)
2.26464430759319e+06	(0.00000000000000e+00dB,0.00000000000000e+00°)	(-5.79589312485511e+01dB,-1.75974885254436e+02°)
2.29086765276791e+06	(0.00000000000000e+00dB,0.00000000000000e+00°)	(-5.81586936301589e+01dB,-1.76020925978070e+02°)
2.31739464996861e+06	(0.00000000000000e+00dB,0.00000000000000e+00°)	(-5.83584614150179e+01dB,-1.76066440844306e+02°)
2.34422881532006e+06	(0.00000000000000e+00dB,0.00000000000000e+00°)	(-5.85582344803872e+01dB,-1.76111435833033e+02°)
2.37137370566179e+06	(0.00000000000000e+00dB,0.00000000000000e+00°)	(-5.87580127063083e+01dB,-1.76155916857032e+02°)
2.39883291901963e+06	(0.00000000000000e+00dB,0.00000000000000e+00°)	(-5.89577959755425e+01dB,-1.76199889762695e+02°)
2.42661009508256e+06	(0.00000000000000e+00dB,0.00000000000000e+00°)	(-5.91575841735096e+01dB,-1.76243360330740e+02°)
2.45470891568517e+06	(0.00000000000000e+00dB,0.00000000000000e+00°)	(-5.93573771882275e+01dB,-1.76286334276925e+02°)
2.48313310529572e+06	(0.00000000000000e+00dB,0.00000000000000e+00°)	(-5.95571749102538e+01dB,-1.76328817252744e+02°)
2.51188643150973e+06	(0.00000000000000e+00dB,0.00000000000000e+00°)	(-5.97569772326284e+01dB,-1.76370814846130e+02°)
2.54097270554945e+06	(0.00000000000000e+00dB,0.00000000000000e+00°)	(-5.99567840508171e+01dB,-1.76412332582140e+02°)
2.57039578276901e+06	(0.00000000000000e+00dB,0.00000000000000e+00°)	(-6.01565952626571e+01dB,-1.76453375923639e+02°)
2.60015956316542e+06	(0.00000000000000e+00dB,0.00000000000000e+00°)	(-6.03564107683033e+01dB,-1.76493950271977e+02°)
2.63026799189554e+06	(0.00000000000000e+00dB,0.00000000000000e+00°)	(-6.05562304701758e+01dB,-1.76534060967657e+02°)
2.66072505979897e+06	(0.00000000000000e+00dB,0.00000000000000e+00°)	(-6.07560542729087e+01dB,-1.76573713291000e+02°)
2.69153480392707e+06	(0.00000000000000e+00dB,0.00000000000000e+00°)	(-6.09558820833003e+01dB,-1.76612912462802e+02°)
2.72270130807807e+06	(0.00000000000000e+00dB,0.00000000000000e+00°)	(-6.11557138102635e+01dB,-1.76651663644982e+02°)
2.75422870333833e+06	(0.00000000000000e+00dB,0.00000000000000e+00°)	(-6.13555493647787e+01dB,-1.76689971941227e+02°)
2.78612116862994e+06	(0.00000000000000e+00dB,0.00000000000000e+00°)	(-6.15553886598466e+01dB,-1.76727842397632e+02°)
2.81838293126462e+06	(0.00000000000000e+00dB,0.00000000000000e+00°)	(-6.17552316104425e+01dB,-1.76765280003327e+02°)
2.85101826750408e+06	(0.00000000000000e+00dB,0.00000000000000e+00°)	(-6.19550781334717e+01dB,-1.76802289691106e+02°)
2.88403150312678e+06	(0.00000000000000e+00dB,0.00000000000000e+00°)	(-6.21549281477257e+01dB,-1.76838876338042e+02°)
2.91742701400134e+06	(0.00000000000000e+00dB,0.00000000000000e+00°)	(-6.23547815738399e+01dB,-1.76875044766103e+02°)
2.95120922666656e+06	(0.00000000000000e+00dB,0.00000000000000e+00°)	(-6.25546383342510e+01dB,-1.76910799742756e+02°)
2.98538261891814e+06	(0.00000000000000e+00dB,0.00000000000000e+00°)	(-6.27544983531573e+01dB,-1.76946145981568e+02°)
3.01995172040220e+06	(0.00000000000000e+00dB,0.00000000000000e+00°)	(-6.29543615564778e+01dB,-1.76981088142801e+02°)
3.05492111321570e+06	(0.00000000000000e+00dB,0.00000000000000e+00°)	(-6.31542278718140e+01dB,-1.77015630833998e+02°)
3.09029543251378e+06	(0.00000000000000e+00dB,0.00000000000000e+00°)	(-6.33540972284112e+01dB,-1.77049778610569e+02°)
3.12607936712414e+06	(0.00000000000000e+00dB,0.00000000000000e+00°)	(-6.35539695571217e+01dB,-1.77083535976363e+02°)
3.16227766016857e+06	(0.00000000000000e+00dB,0.00000000000000e+00°)	(-6.37538447903680e+01dB,-1.77116907384240e+02°)
3.19889510969159e+06	(0.00000000000000e+00dB,0.00000000000000e+00°)	(-6.39537228621078e+01dB,-1.77149897236636e+02°)
3.23593656929648e+06	(0.00000000000000e+00dB,0.00000000000000e+00°)	(-6.41536037077983e+01dB,-1.77182509886123e+02°)
3.27340694878858e+06	(0.00000000000000e+00dB,0.00000000000000e+00°)	(-6.43534872643633e+01dB,-1.77214749635958e+02°)
3.31131121482611e+06	(0.00000000000000e+00dB,0.00000000000000e+00°)	(-6.45533734701589e+01dB,-1.77246620740633e+02°)
3.34965439157848e+06	(0.00000000000000e+00dB,0.00000000000000e+00°)	(-6.47532622649420e+01dB,-1.77278127406416e+02°)
3.38844156139223e+06	(0.00000000000000e+00dB,0.00000000000000e+00°)	(-6.49531535898377e+01dB,-1.77309273791887e+02°)
3.42767786546471e+06	(0.00000000000000e+00dB,0.00000000000000e+00°)	(-6.51530473873089e+01dB,-1.77340064008468e+02°)
3.46736850452553e+06	(0.00000000000000e+00dB,0.00000000000000e+00°)	(-6.53529436011256e+01dB,-1.77370502120948e+02°)
3.50751873952589e+06	(0.00000000000000e+00dB,0.00000000000000e+00°)	(-6.55528421763354e+01dB,-1.77400592148000e+02°)
3.54813389233597e+06	(0.00000000000000e+00dB,0.00000000000000e+00°)	(-6.57527430592346e+01dB,-1.77430338062700e+02°)
3.58921934645027e+06	(0.00000000000000e+00dB,0.00000000000000e+00°)	(-6.59526461973396e+01dB,-1.77459743793030e+02°)
3.63078054770123e+06	(0.00000000000000e+00dB,0.00000000000000e+00°)	(-6.61525515393596e+01dB,-1.77488813222383e+02°)
3.67282300498107e+06	(0.00000000000000e+00dB,0.00000000000000e+00°)	(-6.63524590351692e+01dB,-1.77517550190063e+02°)
3.71535229097195e+06	(0.00000000000000e+00dB,0.00000000000000e+00°)	(-6.65523686357821e+01dB,-1.77545958491773e+02°)
3.75837404288467e+06	(0.00000000000000e+00dB,0.00000000000000e+00°)	(-6.67522802933254e+01dB,-1.77574041880106e+02°)
3.80189396320584e+06	(0.00000000000000e+00dB,0.00000000000000e+00°)	(-6.69521939610142e+01dB,-1.77601804065024e+02°)
3.84591782045377e+06	(0.00000000000000e+00dB,0.00000000000000e+00°)	(-6.71521095931267e+01dB,-1.77629248714339e+02°)
3.89045144994304e+06	(0.00000000000000e+00dB,0.00000000000000e+00°)	(-6.73520271449806e+01dB,-1.77656379454180e+02°)
3.93550075455801e+06	(0.00000000000000e+00dB,0.00000000000000e+00°)	(-6.75519465729088e+01dB,-1.77683199869464e+02°)
3.98107170553522e+06	(0.00000000000000e+00dB,0.00000000000000e+00°)	(-6.77518678342373e+01dB,-1.77709713504355e+02°)
4.02717034325484e+06	(0.00000000000000e+00dB,0.00000000000000e+00°)	(-6.79517908872615e+01dB,-1.77735923862721e+02°)
4.07380277804138e+06	(0.00000000000000e+00dB,0.00000000000000e+00°)	(-6.81517156912252e+01dB,-1.77761834408588e+02°)
4.12097519097355e+06	(0.00000000000000e+00dB,0.00000000000000e+00°)	(-6.83516422062986e+01dB,-1.77787448566587e+02°)
4.16869383470361e+06	(0.00000000000000e+00dB,0.00000000000000e+00°)	(-6.85515703935574e+01dB,-1.77812769722391e+02°)
4.21696503428608e+06	(0.00000000000000e+00dB,0.00000000000000e+00°)	(-6.87515002149620e+01dB,-1.77837801223161e+02°)
4.26579518801619e+06	(0.00000000000000e+00dB,0.00000000000000e+00°)	(-6.89514316333379e+01dB,-1.77862546377972e+02°)
4.31519076827792e+06	(0.00000000000000e+00dB,0.00000000000000e+00°)	(-6.91513646123554e+01dB,-1.77887008458245e+02°)
4.36515832240193e+06	(0.00000000000000e+00dB,0.00000000000000e+00°)	(-6.93512991165110e+01dB,-1.77911190698166e+02°)
4.41570447353340e+06	(0.00000000000000e+00dB,0.00000000000000e+00°)	(-6.95512351111084e+01dB,-1.77935096295112e+02°)
4.46683592150991e+06	(0.00000000000000e+00dB,0.00000000000000e+00°)	(-6.97511725622402e+01dB,-1.77958728410058e+02°)
4.51855944374950e+06	(0.00000000000000e+00dB,0.00000000000000e+00°)	(-6.99511114367698e+01dB,-1.77982090167992e+02°)
4.57088189614903e+06	(0.00000000000000e+00dB,0.00000000000000e+00°)	(-7.01510517023143e+01dB,-1.78005184658317e+02°)
4.62381021399289e+06	(0.00000000000000e+00dB,0.00000000000000e+00°)	(-7.03509933272270e+01dB,-1.78028014935254e+02°)
4.67735141287227e+06	(0.00000000000000e+00dB,0.00000000000000e+00°)	(-7.05509362805808e+01dB,-1.78050584018238e+02°)
4.73151258961510e+06	(0.00000000000000e+00dB,0.00000000000000e+00°)	(-7.07508805321519e+01dB,-1.78072894892309e+02°)
4.78630092322668e+06	(0.00000000000000e+00dB,0.00000000000000e+00°)	(-7.09508260524038e+01dB,-1.78094950508503e+02°)
4.84172367584129e+06	(0.00000000000000e+00dB,0.00000000000000e+00°)	(-7.11507728124716e+01dB,-1.78116753784233e+02°)
4.89778819368477e+06	(0.00000000000000e+00dB,0.00000000000000e+00°)	(-7.13507207841471e+01dB,-1.78138307603668e+02°)
4.95450190804821e+06	(0.00000000000000e+00dB,0.00000000000000e+00°)	(-7.15506699398632e+01dB,-1.78159614818113e+02°)
5.01187233627304e+06	(0.00000000000000e+00dB,0.00000000000000e+00°)	(-7.17506202526800e+01dB,-1.78180678246373e+02°)
5.06990708274736e+06	(0.00000000000000e+00dB,0.00000000000000e+00°)	(-7.19505716962702e+01dB,-1.78201500675126e+02°)
5.12861383991397e+06	(0.00000000000000e+00dB,0.00000000000000e+00°)	(-7.21505242449054e+01dB,-1.78222084859286e+02°)
5.18800038928994e+06	(0.00000000000000e+00dB,0.00000000000000e+00°)	(-7.23504778734420e+01dB,-1.78242433522356e+02°)
5.24807460249806e+06	(0.00000000000000e+00dB,0.00000000000000e+00°)	(-7.25504325573087e+01dB,-1.78262549356791e+02°)
5.30884444231022e+06	(0.00000000000000e+00dB,0.00000000000000e+00°)	(-7.27503882724927e+01dB,-1.78282435024344e+02°)
5.37031796370286e+06	(0.00000000000000e+00dB,0.00000000000000e+00°)	(-7.29503449955277e+01dB,-1.78302093156416e+02°)
5.43250331492467e+06	(0.00000000000000e+00dB,0.00000000000000e+00°)	(-7.31503027034808e+01dB,-1.78321526354398e+02°)
5.49540873857659e+06	(0.00000000000000e+00dB,0.00000000000000e+00°)	(-7.33502613739410e+01dB,-1.78340737190010e+02°)
5.55904257270439e+06	(0.00000000000000e+00dB,0.00000000000000e+00°)	(-7.35502209850068e+01dB,-1.78359728205641e+02°)
5.62341325190385e+06	(0.00000000000000e+00dB,0.00000000000000e+00°)	(-7.37501815152753e+01dB,-1.78378501914676e+02°)
5.68852930843877e+06	(0.00000000000000e+00dB,0.00000000000000e+00°)	(-7.39501429438299e+01dB,-1.78397060801827e+02°)
5.75439937337193e+06	(0.00000000000000e+00dB,0.00000000000000e+00°)	(-7.41501052502302e+01dB,-1.78415407323461e+02°)
5.82103217770908e+06	(0.00000000000000e+00dB,0.00000000000000e+00°)	(-7.43500684145006e+01dB,-1.78433543907914e+02°)
5.88843655355626e+06	(0.00000000000000e+00dB,0.00000000000000e+00°)	(-7.45500324171199e+01dB,-1.78451472955816e+02°)
5.95662143529048e+06	(0.00000000000000e+00dB,0.00000000000000e+00°)	(-7.47499972390112e+01dB,-1.78469196840400e+02°)
6.02559586074396e+06	(0.00000000000000e+00dB,0.00000000000000e+00°)	(-7.49499628615311e+01dB,-1.78486717907818e+02°)
6.09536897240208e+06	(0.00000000000000e+00dB,0.00000000000000e+00°)	(-7.51499292664608e+01dB,-1.78504038477441e+02°)
6.16595001861521e+06	(0.00000000000000e+00dB,0.00000000000000e+00°)	(-7.53498964359956e+01dB,-1.78521160842169e+02°)
6.23734835482459e+06	(0.00000000000000e+00dB,0.00000000000000e+00°)	(-7.55498643527362e+01dB,-1.78538087268731e+02°)
6.30957344480234e+06	(0.00000000000000e+00dB,0.00000000000000e+00°)	(-7.57498329996787e+01dB,-1.78554819997977e+02°)
6.38263486190589e+06	(0.00000000000000e+00dB,0.00000000000000e+00°)	(-7.59498023602064e+01dB,-1.78571361245178e+02°)
6.45654229034697e+06	(0.00000000000000e+00dB,0.00000000000000e+00°)	(-7.61497724180806e+01dB,-1.78587713200312e+02°)
6.53130552647514e+06	(0.00000000000000e+00dB,0.00000000000000e+00°)	(-7.63497431574318e+01dB,-1.78603878028353e+02°)
6.60693448007638e+06	(0.00000000000000e+00dB,0.00000000000000e+00°)	(-7.65497145627517e+01dB,-1.78619857869558e+02°)
6.68343917568657e+06	(0.00000000000000e+00dB,0.00000000000000e+00°)	(-7.67496866188849e+01dB,-1.78635654839740e+02°)
6.76082975392025e+06	(0.00000000000000e+00dB,0.00000000000000e+00°)	(-7.69496593110206e+01dB,-1.78651271030554e+02°)
6.83911647281473e+06	(0.00000000000000e+00dB,0.00000000000000e+00°)	(-7.71496326246853e+01dB,-1.78666708509766e+02°)
6.91830970918981e+06	(0.00000000000000e+00dB,0.00000000000000e+00°)	(-7.73496065457344e+01dB,-1.78681969321530e+02°)
6.99841996002319e+06	(0.00000000000000e+00dB,0.00000000000000e+00°)	(-7.75495810603455e+01dB,-1.78697055486649e+02°)
7.07945784384183e+06	(0.00000000000000e+00dB,0.00000000000000e+00°)	(-7.77495561550104e+01dB,-1.78711969002847e+02°)
7.16143410212948e+06	(0.00000000000000e+00dB,0.00000000000000e+00°)	(-7.79495318165284e+01dB,-1.78726711845029e+02°)
7.24435960075037e+06	(0.00000000000000e+00dB,0.00000000000000e+00°)	(-7.81495080319991e+01dB,-1.78741285965541e+02°)
7.32824533138951e+06	(0.00000000000000e+00dB,0.00000000000000e+00°)	(-7.83494847888157e+01dB,-1.78755693294424e+02°)
7.41310241300966e+06	(0.00000000000000e+00dB,0.00000000000000e+00°)	(-7.85494620746582e+01dB,-1.78769935739673e+02°)
7.49894209332504e+06	(0.00000000000000e+00dB,0.00000000000000e+00°)	(-7.87494398774868e+01dB,-1.78784015187483e+02°)
7.58577575029233e+06	(0.00000000000000e+00dB,0.00000000000000e+00°)	(-7.89494181855358e+01dB,-1.78797933502500e+02°)
7.67361489361869e+06	(0.00000000000000e+00dB,0.00000000000000e+00°)	(-7.91493969873072e+01dB,-1.78811692528065e+02°)
7.76247116628742e+06	(0.00000000000000e+00dB,0.00000000000000e+00°)	(-7.93493762715646e+01dB,-1.78825294086457e+02°)
7.85235634610123e+06	(0.00000000000000e+00dB,0.00000000000000e+00°)	(-7.95493560273273e+01dB,-1.78838739979133e+02°)
7.94328234724333e+06	(0.00000000000000e+00dB,0.00000000000000e+00°)	(-7.97493362438645e+01dB,-1.78852031986963e+02°)
8.03526122185670e+06	(0.00000000000000e+00dB,0.00000000000000e+00°)	(-7.99493169106894e+01dB,-1.78865171870467e+02°)
8.12830516164152e+06	(0.00000000000000e+00dB,0.00000000000000e+00°)	(-8.01492980175540e+01dB,-1.78878161370048e+02°)
8.22242649947125e+06	(0.00000000000000e+00dB,0.00000000000000e+00°)	(-8.03492795544435e+01dB,-1.78891002206216e+02°)
8.31763771102725e+06	(0.00000000000000e+00dB,0.00000000000000e+00°)	(-8.05492615115709e+01dB,-1.78903696079819e+02°)
8.41395141645250e+06	(0.00000000000000e+00dB,0.00000000000000e+00°)	(-8.07492438793719e+01dB,-1.78916244672267e+02°)
8.51138038202432e+06	(0.00000000000000e+00dB,0.00000000000000e+00°)	(-8.09492266484998e+01dB,-1.78928649645750e+02°)
8.60993752184657e+06	(0.00000000000000e+00dB,0.00000000000000e+00°)	(-8.11492098098209e+01dB,-1.78940912643460e+02°)
8.70963589956138e+06	(0.00000000000000e+00dB,0.00000000000000e+00°)	(-8.13491933544090e+01dB,-1.78953035289806e+02°)
8.81048873008072e+06	(0.00000000000000e+00dB,0.00000000000000e+00°)	(-8.15491772735411e+01dB,-1.78965019190631e+02°)
8.91250938133804e+06	(0.00000000000000e+00dB,0.00000000000000e+00°)	(-8.17491615586928e+01dB,-1.78976865933420e+02°)
9.01571137606016e+06	(0.00000000000000e+00dB,0.00000000000000e+00°)	(-8.19491462015336e+01dB,-1.78988577087510e+02°)
9.12010839355970e+06	(0.00000000000000e+00dB,0.00000000000000e+00°)	(-8.21491311939226e+01dB,-1.79000154204298e+02°)
9.22571427154824e+06	(0.00000000000000e+00dB,0.00000000000000e+00°)	(-8.23491165279042e+01dB,-1.79011598817447e+02°)
9.33254300797053e+06	(0.00000000000000e+00dB,0.00000000000000e+00°)	(-8.25491021957038e+01dB,-1.79022912443083e+02°)
9.44060876285986e+06	(0.00000000000000e+00dB,0.00000000000000e+00°)	(-8.27490881897238e+01dB,-1.79034096580002e+02°)
9.54992586021499e+06	(0.00000000000000e+00dB,0.00000000000000e+00°)	(-8.29490745025393e+01dB,-1.79045152709862e+02°)
9.66050878989877e+06	(0.00000000000000e+00dB,0.00000000000000e+00°)	(-8.31490611268946e+01dB,-1.79056082297380e+02°)
9.77237220955876e+06	(0.00000000000000e+00dB,0.00000000000000e+00°)	(-8.33490480556989e+01dB,-1.79066886790527e+02°)
9.88553094657004e+06	(0.00000000000000e+00dB,0.00000000000000e+00°)	(-8.35490352820231e+01dB,-1.79077567620718e+02°)
1.00000000000000e+07	(0.00000000000000e+00dB,0.00000000000000e+00°)	(-8.37490227990943e+01dB,-1.79088126203000e+02°)
